id;created_at (Europe/Moscow);source;api_type;model_name;provider_name;input_tokens;output_tokens
8909bb3f-3b5a-486f-9de4-f1b7a9650a22;23.05.2026 19:33;api;chat/completions;deepseek/deepseek-v4-flash;DeepSeek;2965;2633
f358cb38-da86-4fb8-b55f-fef30aec759d;23.05.2026 19:33;api;chat/completions;deepseek/deepseek-v4-flash;DeepSeek;2774;3508
cd5ebd3a-c451-4f68-ad64-96d956fd5ac8;23.05.2026 19:32;api;chat/completions;deepseek/deepseek-v4-flash;DeepSeek;1171;2506
17cc166c-9f3b-4297-8f59-62c21441f28b;23.05.2026 19:32;api;chat/completions;deepseek/deepseek-v4-flash;DeepSeek;1744;972
6b1822c5-cd9e-4787-8c8a-b94fa01d48f8;23.05.2026 19:31;api;chat/completions;deepseek/deepseek-v4-flash;DeepSeek;1190;692
a138ed96-d3d7-4a09-ae28-b4ce78d1e746;23.05.2026 19:31;api;chat/completions;deepseek/deepseek-v4-flash;DeepSeek;2094;1051
e4cdd050-4174-462e-843e-f4562e78f1ad;23.05.2026 19:31;api;chat/completions;deepseek/deepseek-v4-flash;DeepSeek;4356;508
0387d59b-d6ea-4d53-9d6b-ed558662161b;23.05.2026 19:31;api;chat/completions;deepseek/deepseek-v4-flash;DeepSeek;3599;98
0c58a03c-18e4-4466-803b-c2aa264e6665;23.05.2026 19:31;api;chat/completions;deepseek/deepseek-v4-flash;DeepSeek;4269;570
d84bec88-f48e-4bec-8a31-b4d9c86d63c3;23.05.2026 19:31;api;chat/completions;deepseek/deepseek-v4-flash;DeepSeek;2880;99
a22dfb36-d388-44b8-b7cf-f1d948ec74c6;23.05.2026 19:31;api;chat/completions;deepseek/deepseek-v4-flash;DeepSeek;3749;285
cf4c557c-1a9c-4a0a-a6f2-fe17ce8e3dbc;23.05.2026 19:31;api;chat/completions;deepseek/deepseek-v4-flash;DeepSeek;2123;109
07961fa9-c473-4aa2-bdc9-d0568eb2da59;23.05.2026 19:31;api;chat/completions;deepseek/deepseek-v4-flash;DeepSeek;3315;101
5c89403a-7c2f-4aee-97a5-83fa2d5655c3;23.05.2026 19:31;api;chat/completions;deepseek/deepseek-v4-flash;DeepSeek;3046;444
1fbd4bfe-aa93-4183-8d4c-34faaa5f1fe5;23.05.2026 19:31;api;chat/completions;deepseek/deepseek-v4-flash;DeepSeek;1434;104
8e976777-7172-44db-b497-a0ef470cf518;23.05.2026 19:31;api;chat/completions;deepseek/deepseek-v4-flash;DeepSeek;2416;285
8ff2e9d9-4899-4ee9-a3a7-63e8dc148226;23.05.2026 19:31;api;chat/completions;deepseek/deepseek-v4-flash;DeepSeek;1511;338
c5e73a0b-1bcb-4c68-bc4f-6041e84cd7ae;23.05.2026 19:30;api;chat/completions;deepseek/deepseek-v4-flash;DeepSeek;1445;150
726d9b93-7826-4477-8a45-0e9ea934ef3e;23.05.2026 19:30;api;chat/completions;deepseek/deepseek-v4-flash;DeepSeek;1168;98
0336d933-3966-4e38-a06a-883105123995;23.05.2026 19:30;api;chat/completions;deepseek/deepseek-v4-flash;DeepSeek;781;118
21ca4fe3-70a3-4531-b819-674d7bb91acc;23.05.2026 19:30;api;chat/completions;deepseek/deepseek-v4-flash;DeepSeek;1394;873
304efc8c-a058-4e1a-8145-beabf7917f98;23.05.2026 19:30;api;chat/completions;deepseek/deepseek-v4-flash;DeepSeek;3116;2843
f3fdd3bf-5f79-4ab8-a853-3fc5fdb1072b;23.05.2026 19:29;api;chat/completions;deepseek/deepseek-v4-flash;DeepSeek;4649;246
43c3fe28-0cbd-4baf-9592-f1c516a073eb;23.05.2026 19:29;api;chat/completions;deepseek/deepseek-v4-flash;DeepSeek;2886;3188
065e573e-77f5-4105-8a25-c127dee955ee;23.05.2026 19:29;api;chat/completions;deepseek/deepseek-v4-flash;DeepSeek;2830;5258
f607fb24-eb29-40f4-bbc0-01385d7856f0;23.05.2026 19:28;api;chat/completions;deepseek/deepseek-v4-flash;DeepSeek;1278;2941
96b7cb23-40a0-422b-8b12-76dcf38fe2a2;23.05.2026 19:28;api;chat/completions;deepseek/deepseek-v4-flash;DeepSeek;2822;4366
b64da299-875f-4720-891d-f7b77c58905d;23.05.2026 19:28;api;chat/completions;deepseek/deepseek-v4-flash;DeepSeek;4338;293
a5b050d8-f133-4942-b751-9643232f2a7e;23.05.2026 19:28;api;chat/completions;deepseek/deepseek-v4-flash;DeepSeek;1301;1499
62a783b8-5d79-4328-a86b-1428e5f22ffe;23.05.2026 19:28;api;chat/completions;deepseek/deepseek-v4-flash;DeepSeek;5093;180
bf685abd-9680-46ab-a224-72074f153363;23.05.2026 19:28;api;chat/completions;deepseek/deepseek-v4-flash;DeepSeek;1289;2233
41d0c4f2-d924-48f5-a1b7-8e1432745552;23.05.2026 19:28;api;chat/completions;deepseek/deepseek-v4-flash;DeepSeek;3998;187
d1c8de1d-c6ee-4ba6-a460-162bdf42b770;23.05.2026 19:27;api;chat/completions;deepseek/deepseek-v4-flash;DeepSeek;2806;172
5dc928bf-4359-4d22-8fc9-327399e8b379;23.05.2026 19:27;api;chat/completions;deepseek/deepseek-v4-flash;DeepSeek;2126;100
adf87f27-20c3-4bd5-878b-8a62ccfd5cc3;23.05.2026 19:27;api;chat/completions;deepseek/deepseek-v4-flash;DeepSeek;1612;2060
c9b3e86a-9d32-42d0-83a6-80d5d00e63da;23.05.2026 19:27;api;chat/completions;deepseek/deepseek-v4-flash;DeepSeek;3900;311
e0805114-8426-4087-85df-3ab5347159dc;23.05.2026 19:27;api;chat/completions;deepseek/deepseek-v4-flash;DeepSeek;1401;99
3617b3d4-59c5-4fe5-9db7-2cd583d6ed28;23.05.2026 19:27;api;chat/completions;deepseek/deepseek-v4-flash;DeepSeek;3201;216
5ecee74f-fbf6-4f81-9a4e-e8d589dc5a45;23.05.2026 19:27;api;chat/completions;deepseek/deepseek-v4-flash;DeepSeek;767;101
6c5924c9-2777-4b76-ab85-e26c5db3d190;23.05.2026 19:27;api;chat/completions;deepseek/deepseek-v4-flash;DeepSeek;2870;405
ec8e311c-3c7b-4a75-a667-8c6946b8260d;23.05.2026 19:27;api;chat/completions;deepseek/deepseek-v4-flash;DeepSeek;6203;131
c9158df4-7ea5-4b39-9573-010305506825;23.05.2026 19:27;api;chat/completions;deepseek/deepseek-v4-flash;DeepSeek;2107;89
40f0ca0e-425c-41b6-add1-50e5436d37b0;23.05.2026 19:27;api;chat/completions;deepseek/deepseek-v4-flash;DeepSeek;5898;268
3cd836b7-befc-438e-93dc-998237112336;23.05.2026 19:27;api;chat/completions;deepseek/deepseek-v4-flash;DeepSeek;2665;2538
946fb80c-de56-4c79-8244-ba7ea1316f9b;23.05.2026 19:27;api;chat/completions;deepseek/deepseek-v4-flash;DeepSeek;2811;2540
eadb1fab-c5ba-4eef-98ab-9d1868d04865;23.05.2026 19:27;api;chat/completions;deepseek/deepseek-v4-flash;DeepSeek;4425;146
6380c5be-0cac-4c35-905d-04971bf61829;23.05.2026 19:27;api;chat/completions;deepseek/deepseek-v4-flash;DeepSeek;1467;97
2ace8e14-3f6a-4423-8322-07bd7ed443ee;23.05.2026 19:27;api;chat/completions;deepseek/deepseek-v4-flash;DeepSeek;766;99
c43e6163-8da3-4dc9-a22c-65490fd91fbc;23.05.2026 19:27;api;chat/completions;deepseek/deepseek-v4-flash;DeepSeek;4140;96
dc1cdad7-e0db-4b77-bca6-102746aaaa77;23.05.2026 19:27;api;chat/completions;deepseek/deepseek-v4-flash;DeepSeek;2437;1894
ef38c857-5305-4cb9-acc6-02c5d755b53d;23.05.2026 19:27;api;chat/completions;deepseek/deepseek-v4-flash;DeepSeek;3151;166
4f5ba045-5208-4127-841b-4fc9793d00b1;23.05.2026 19:27;api;chat/completions;deepseek/deepseek-v4-flash;DeepSeek;3523;103
75a5061d-d7cf-4673-a117-0a206b064caf;23.05.2026 19:27;api;chat/completions;deepseek/deepseek-v4-flash;DeepSeek;3433;600
b68a53b1-57a0-4ad0-b5a2-f36ee70cd34c;23.05.2026 19:26;api;chat/completions;deepseek/deepseek-v4-flash;DeepSeek;2812;117
bcd8d44a-1861-4767-9c0d-69eb884f9b0a;23.05.2026 19:26;api;chat/completions;deepseek/deepseek-v4-flash;DeepSeek;2176;94
21252c53-c15f-4787-bd8a-96737932abf1;23.05.2026 19:26;api;chat/completions;deepseek/deepseek-v4-flash;DeepSeek;1484;99
ee4d7b8b-def3-4e6b-8665-1f0a97edf626;23.05.2026 19:26;api;chat/completions;deepseek/deepseek-v4-flash;DeepSeek;761;100
b5dec8e1-8eca-4264-9a8e-262526b82f40;23.05.2026 19:26;api;chat/completions;deepseek/deepseek-v4-flash;DeepSeek;1560;630
7a146a0d-40e9-480c-8ea9-bb7f890f6971;23.05.2026 19:26;api;chat/completions;deepseek/deepseek-v4-flash;DeepSeek;2494;3611
66f78385-bc27-4135-ae1d-ab43ef983a9a;23.05.2026 19:26;api;chat/completions;deepseek/deepseek-v4-flash;DeepSeek;7379;366
b48a5b2f-eaa2-467e-ae8b-945548df8a74;23.05.2026 19:26;api;chat/completions;deepseek/deepseek-v4-flash;DeepSeek;2467;1355
800fbae3-8702-4673-926a-2218ffc5530f;23.05.2026 19:26;api;chat/completions;deepseek/deepseek-v4-flash;DeepSeek;1661;890
8253c26e-937e-4301-956e-31a57603a1ff;23.05.2026 19:26;api;chat/completions;deepseek/deepseek-v4-flash;DeepSeek;3803;610
f094505b-afe5-4dee-a224-d9adfc360f18;23.05.2026 19:26;api;chat/completions;deepseek/deepseek-v4-flash;DeepSeek;2069;917
9b447a36-ee93-4b40-ace4-f6d74fca9fbc;23.05.2026 19:26;api;chat/completions;deepseek/deepseek-v4-flash;DeepSeek;6303;384
9c1d4b01-20d6-4b38-961d-c4f228630f29;23.05.2026 19:26;api;chat/completions;deepseek/deepseek-v4-flash;DeepSeek;1858;322
088c1598-908f-40e3-b656-a7661bacf41b;23.05.2026 19:26;api;chat/completions;deepseek/deepseek-v4-flash;DeepSeek;1120;3254
6bf106b0-15e5-4b66-8878-83285bc827f7;23.05.2026 19:26;api;chat/completions;deepseek/deepseek-v4-flash;DeepSeek;778;107
9abcecc7-28ba-46ed-bbe0-22f48bcd8681;23.05.2026 19:26;api;chat/completions;deepseek/deepseek-v4-flash;DeepSeek;4257;94
32f61249-07c6-4cc1-8f54-f0315dd32419;23.05.2026 19:26;api;chat/completions;deepseek/deepseek-v4-flash;DeepSeek;3990;242
58a2fb49-4081-4050-84ef-1e5c6b08832f;23.05.2026 19:26;api;chat/completions;deepseek/deepseek-v4-flash;DeepSeek;3440;101
b4238626-0531-4e6c-a8bb-16278d120498;23.05.2026 19:26;api;chat/completions;deepseek/deepseek-v4-flash;DeepSeek;1657;662
56463972-7f8d-4a61-8f10-136122af38a7;23.05.2026 19:26;api;chat/completions;deepseek/deepseek-v4-flash;DeepSeek;1387;1057
ae4881c3-5b0b-4542-994a-3c61c84233d3;23.05.2026 19:26;api;chat/completions;deepseek/deepseek-v4-flash;DeepSeek;4216;100
3461f03e-66d4-48ce-ba39-2a4337eaeac4;23.05.2026 19:26;api;chat/completions;deepseek/deepseek-v4-flash;DeepSeek;2888;98
484e8d37-1ebe-4a2b-a931-c8b1f82ca0da;23.05.2026 19:26;api;chat/completions;deepseek/deepseek-v4-flash;DeepSeek;1215;2658
2e34f551-383b-4c04-83c2-e3f589df4566;23.05.2026 19:26;api;chat/completions;deepseek/deepseek-v4-flash;DeepSeek;1788;110
08d4269e-0229-4b02-b9ba-8d1e0a9e1eba;23.05.2026 19:26;api;chat/completions;deepseek/deepseek-v4-flash;DeepSeek;2583;116
9febcab3-c5e0-48fd-bf11-c58b61e8d8fa;23.05.2026 19:26;api;chat/completions;deepseek/deepseek-v4-flash;DeepSeek;3342;231
c6bfce52-0551-4c7f-8ab2-471b13e29569;23.05.2026 19:25;api;chat/completions;deepseek/deepseek-v4-flash;DeepSeek;2993;387
b39c45f9-2a08-4692-a8d6-c7e077622fa3;23.05.2026 19:25;api;chat/completions;deepseek/deepseek-v4-flash;DeepSeek;780;165
6f6462ed-ea65-4f57-9627-82249dc8504a;23.05.2026 19:25;api;chat/completions;deepseek/deepseek-v4-flash;DeepSeek;1494;1035
80d91b87-d658-430c-a55b-bedc85efba16;23.05.2026 19:25;api;chat/completions;deepseek/deepseek-v4-flash;DeepSeek;1383;195
2edb8ff6-4f72-4307-a362-c6af88169d6f;23.05.2026 19:25;api;chat/completions;deepseek/deepseek-v4-flash;DeepSeek;2015;96
f4edc6ec-6825-4a35-88b7-8bac6566d384;23.05.2026 19:25;api;chat/completions;deepseek/deepseek-v4-flash;DeepSeek;2271;126
5af7af63-9a71-4502-892b-c2a7f4fc081d;23.05.2026 19:25;api;chat/completions;deepseek/deepseek-v4-flash;DeepSeek;1381;212
b5e1c8ad-ba46-4cda-9474-2a570ffca5ea;23.05.2026 19:25;api;chat/completions;deepseek/deepseek-v4-flash;DeepSeek;1517;92
17228dbc-12ba-46f1-b1e2-481805eb1c27;23.05.2026 19:25;api;chat/completions;deepseek/deepseek-v4-flash;DeepSeek;1388;189
00a23fef-4e2d-412f-b16e-0f7259684329;23.05.2026 19:25;api;chat/completions;deepseek/deepseek-v4-flash;DeepSeek;1456;1207
bb5c302f-93be-4c0f-b229-67084cd4965d;23.05.2026 19:25;api;chat/completions;deepseek/deepseek-v4-flash;DeepSeek;4453;432
b1aaeafc-3c83-4fbd-b639-fb9acd8dd8b9;23.05.2026 19:25;api;chat/completions;deepseek/deepseek-v4-flash;DeepSeek;750;100
4a28317c-6af6-41c9-bb00-7153ddaefea8;23.05.2026 19:25;api;chat/completions;deepseek/deepseek-v4-flash;DeepSeek;1356;95
1a0803a1-a007-4910-8a41-42b2f3be477f;23.05.2026 19:25;api;chat/completions;deepseek/deepseek-v4-flash;DeepSeek;5842;173
a60d2344-cd93-400c-ba55-173bc883ced5;23.05.2026 19:25;api;chat/completions;deepseek/deepseek-v4-flash;DeepSeek;3989;223
23eecd6c-e688-4cbe-afae-6c17f1d10a50;23.05.2026 19:25;api;chat/completions;deepseek/deepseek-v4-flash;DeepSeek;3684;612
e62c78b1-35d0-45bc-b052-ebf47e907f9a;23.05.2026 19:25;api;chat/completions;deepseek/deepseek-v4-flash;DeepSeek;3161;106
9308bb8a-d17f-4d0a-bfba-6b1276791c85;23.05.2026 19:25;api;chat/completions;deepseek/deepseek-v4-flash;DeepSeek;2835;340
42888809-e6ca-45b9-8600-131aa8e08314;23.05.2026 19:25;api;chat/completions;deepseek/deepseek-v4-flash;DeepSeek;773;104
bd01a7bc-af84-4bf6-8ab8-dc7bd5123dc9;23.05.2026 19:25;api;chat/completions;deepseek/deepseek-v4-flash;DeepSeek;1377;240
8d800a0a-8426-404f-9c96-8c5628d5f269;23.05.2026 19:25;api;chat/completions;deepseek/deepseek-v4-flash;DeepSeek;2126;102
4f40db15-06c2-4a2c-a10f-6162279ac10d;23.05.2026 19:25;api;chat/completions;deepseek/deepseek-v4-flash;DeepSeek;1379;304
f0c41502-0bfd-49b4-b329-71253a5d09e0;23.05.2026 19:25;api;chat/completions;deepseek/deepseek-v4-flash;DeepSeek;1436;94
a72f02d5-a206-4815-b227-c4c854bbe9ee;23.05.2026 19:25;api;chat/completions;deepseek/deepseek-v4-flash;DeepSeek;4545;186
2270592c-ca0f-443d-8e88-7300986aec71;23.05.2026 19:25;api;chat/completions;deepseek/deepseek-v4-flash;DeepSeek;1378;377
03948bb3-0f8d-4feb-ad3b-586e5f9fd48a;23.05.2026 19:25;api;chat/completions;deepseek/deepseek-v4-flash;DeepSeek;4867;91
e43ab689-7c86-4be5-86b6-0d5192d233b4;23.05.2026 19:25;api;chat/completions;deepseek/deepseek-v4-flash;DeepSeek;752;98
17498f0c-61ff-4688-b251-5375d9a463a8;23.05.2026 19:25;api;chat/completions;deepseek/deepseek-v4-flash;DeepSeek;3990;223
a994285a-c2d2-46e0-9297-1eb8d15bb011;23.05.2026 19:25;api;chat/completions;deepseek/deepseek-v4-flash;DeepSeek;2958;171
381aa446-ca69-4f3d-8783-3ba2937c4ff4;23.05.2026 19:25;api;chat/completions;deepseek/deepseek-v4-flash;DeepSeek;1419;758
1b3bfa24-825f-4a22-b072-461e612a3c3c;23.05.2026 19:25;api;chat/completions;deepseek/deepseek-v4-flash;DeepSeek;4204;117
40450106-5f1a-4082-80b4-aacf6ebb6c56;23.05.2026 19:25;api;chat/completions;deepseek/deepseek-v4-flash;DeepSeek;3243;94
e66b435f-e58f-497b-b072-a1b0ebe0ffbb;23.05.2026 19:25;api;chat/completions;deepseek/deepseek-v4-flash;DeepSeek;1226;1830
2b413372-59ad-4382-87f8-88c10a814b0d;23.05.2026 19:25;api;chat/completions;deepseek/deepseek-v4-flash;DeepSeek;2311;96
719323ec-3c19-4093-b461-008a603f290b;23.05.2026 19:25;api;chat/completions;deepseek/deepseek-v4-flash;DeepSeek;989;620
30883f8d-0ce2-49b3-922e-df30d17fa999;23.05.2026 19:24;api;chat/completions;deepseek/deepseek-v4-flash;DeepSeek;1237;1190
3eb72a5b-3156-4652-b97e-b75be5fccace;23.05.2026 19:24;api;chat/completions;deepseek/deepseek-v4-flash;DeepSeek;1472;112
c37aa291-eded-43a3-a6a8-98996e7e582e;23.05.2026 19:24;api;chat/completions;deepseek/deepseek-v4-flash;DeepSeek;5668;164
f7863457-d79b-4463-bb9f-5a2ef1ee1d44;23.05.2026 19:24;api;chat/completions;deepseek/deepseek-v4-flash;DeepSeek;2271;614
b46b9c49-026e-43da-bc3e-e544ac252103;23.05.2026 19:24;api;chat/completions;deepseek/deepseek-v4-flash;DeepSeek;3350;308
ff22e6ac-f4a2-4c5a-a7d1-d13a51b12037;23.05.2026 19:24;api;chat/completions;deepseek/deepseek-v4-flash;DeepSeek;4235;197
fa25b97c-2337-4600-8037-0d59adbe456f;23.05.2026 19:24;api;chat/completions;deepseek/deepseek-v4-flash;DeepSeek;2967;365
8fd276cb-5ac0-4d60-9ac4-019e1092b10f;23.05.2026 19:24;api;chat/completions;deepseek/deepseek-v4-flash;DeepSeek;808;113
23335072-23be-4d6c-9040-36eb8d631c47;23.05.2026 19:24;api;chat/completions;deepseek/deepseek-v4-flash;DeepSeek;1034;659
782342e6-fdf2-4a6f-a6f8-ab54223501ec;23.05.2026 19:24;api;chat/completions;deepseek/deepseek-v4-flash;DeepSeek;6212;172
d042a200-52bd-45d0-ba75-0d8cf27e76a2;23.05.2026 19:24;api;chat/completions;deepseek/deepseek-v4-flash;DeepSeek;2231;98
082fba90-1826-4c85-9041-04f9839d6206;23.05.2026 19:24;api;chat/completions;deepseek/deepseek-v4-flash;DeepSeek;1033;939
529bda70-012d-4319-a8ba-1b8457e22e23;23.05.2026 19:24;api;chat/completions;deepseek/deepseek-v4-flash;DeepSeek;1418;97
f385186d-ab9d-4627-9f77-741e4e6491a0;23.05.2026 19:24;api;chat/completions;deepseek/deepseek-v4-flash;DeepSeek;1063;407
e1edfd73-62cd-48e5-abec-aebf27a12e7a;23.05.2026 19:24;api;chat/completions;deepseek/deepseek-v4-flash;DeepSeek;1493;632
f1dd0611-ca8b-4f4c-a362-9bc660bad0df;23.05.2026 19:24;api;chat/completions;deepseek/deepseek-v4-flash;DeepSeek;4943;191
0e9edc3f-3178-4fb4-a80a-351a8a0f91f8;23.05.2026 19:24;api;chat/completions;deepseek/deepseek-v4-flash;DeepSeek;2950;569
babc99e0-5cb4-432e-9642-0c0f0bca5f6a;23.05.2026 19:24;api;chat/completions;deepseek/deepseek-v4-flash;DeepSeek;2954;319
f6c2038b-fd1a-41e7-b23d-ead4559aff4e;23.05.2026 19:24;api;chat/completions;deepseek/deepseek-v4-flash;DeepSeek;4352;536
e5d4f04e-7fd4-4671-9e43-6394ab10ec85;23.05.2026 19:24;api;chat/completions;deepseek/deepseek-v4-flash;DeepSeek;2758;320
34e80e66-39d6-4e45-ba62-067b060cc26b;23.05.2026 19:24;api;chat/completions;deepseek/deepseek-v4-flash;DeepSeek;3430;570
073e1a5a-a377-4a27-9387-41f3d7416375;23.05.2026 19:24;api;chat/completions;deepseek/deepseek-v4-flash;DeepSeek;2673;233
3c359ef3-90b3-4d9d-95f3-dbf09f93d779;23.05.2026 19:24;api;chat/completions;deepseek/deepseek-v4-flash;DeepSeek;2125;94
838a4864-6b9e-447f-a32c-b229d9e57d85;23.05.2026 19:24;api;chat/completions;deepseek/deepseek-v4-flash;DeepSeek;3197;646
79441f88-998f-4362-9591-492696ccd516;23.05.2026 19:24;api;chat/completions;deepseek/deepseek-v4-flash;DeepSeek;2374;301
87c7cd6e-9b4c-4521-9520-6c36bc4af040;23.05.2026 19:24;api;chat/completions;deepseek/deepseek-v4-flash;DeepSeek;3087;422
0c155025-b2db-423e-ae4c-93486bc479f1;23.05.2026 19:24;api;chat/completions;deepseek/deepseek-v4-flash;DeepSeek;1933;140
b115292f-fddc-4694-9d9b-224ce219e777;23.05.2026 19:24;api;chat/completions;deepseek/deepseek-v4-flash;DeepSeek;2787;177
91aa2e9f-10eb-422c-ad27-9f93c6fcf5d8;23.05.2026 19:24;api;chat/completions;deepseek/deepseek-v4-flash;DeepSeek;2071;92
622b2dd4-16a3-4dc0-b23f-aca5309a81a4;23.05.2026 19:24;api;chat/completions;deepseek/deepseek-v4-flash;DeepSeek;869;235
e76d2119-965f-4a53-8762-7336049c161e;23.05.2026 19:24;api;chat/completions;deepseek/deepseek-v4-flash;DeepSeek;1403;206
4899f7b0-e664-4e37-bd21-bf24927f975c;23.05.2026 19:24;api;chat/completions;deepseek/deepseek-v4-flash;DeepSeek;2312;381
1380ba14-7be3-49f1-ade2-08755f218217;23.05.2026 19:24;api;chat/completions;deepseek/deepseek-v4-flash;DeepSeek;1459;106
98969a08-2173-4150-91a4-ea895de381a9;23.05.2026 19:24;api;chat/completions;deepseek/deepseek-v4-flash;DeepSeek;817;253
c1f1b12f-5541-4dcf-bd50-76fcbc8aa73f;23.05.2026 19:24;api;chat/completions;deepseek/deepseek-v4-flash;DeepSeek;762;98
3240de6d-5ec7-4034-9130-49a2cfa11052;23.05.2026 19:24;api;chat/completions;deepseek/deepseek-v4-flash;DeepSeek;1142;121
453edcbf-1a0b-4114-a395-2a948b467b0b;23.05.2026 19:24;api;chat/completions;deepseek/deepseek-v4-flash;DeepSeek;714;177
2921eb6f-f11b-41cd-b49f-cd403245e5dd;23.05.2026 19:24;api;chat/completions;deepseek/deepseek-v4-flash;DeepSeek;1445;208
41c0f9e5-0b15-4b45-9089-5aa38ffc8c42;23.05.2026 19:24;api;chat/completions;deepseek/deepseek-v4-flash;DeepSeek;1466;95
fef49b83-2ce5-4ae4-8c64-9bf7b11985a7;23.05.2026 19:24;api;chat/completions;deepseek/deepseek-v4-flash;DeepSeek;1281;153
76237637-0659-4e98-bbf5-d050f2c7730e;23.05.2026 19:24;api;chat/completions;deepseek/deepseek-v4-flash;DeepSeek;772;106
b3d3ceea-96da-44a2-8f0d-39424f30927b;23.05.2026 19:24;api;chat/completions;deepseek/deepseek-v4-flash;DeepSeek;1168;151
72f6f954-1a0b-43a6-8560-d74ea68137d8;23.05.2026 19:24;api;chat/completions;deepseek/deepseek-v4-flash;DeepSeek;640;267
509c4c1c-39bb-4774-a498-6948b739dbde;23.05.2026 19:24;api;chat/completions;deepseek/deepseek-v4-flash;DeepSeek;3945;445
37f4d4b4-ddb0-4ec5-babd-f218846a161e;23.05.2026 19:24;api;chat/completions;deepseek/deepseek-v4-flash;DeepSeek;2053;635
63dc845a-9395-4380-846c-96caa25d5b66;23.05.2026 19:24;api;chat/completions;deepseek/deepseek-v4-flash;DeepSeek;1267;217
5ceca158-dc3b-49b1-bab0-44f0e4c04cd3;23.05.2026 19:24;api;chat/completions;deepseek/deepseek-v4-flash;DeepSeek;1280;173
ed6d03dc-8528-4b32-ad00-849543a16306;23.05.2026 19:24;api;chat/completions;deepseek/deepseek-v4-flash;DeepSeek;3644;325
d3605bfd-8fbb-445b-b02c-b87a35037bd0;23.05.2026 19:24;api;chat/completions;deepseek/deepseek-v4-flash;DeepSeek;1283;173
ebcb3f39-73e0-44e6-9b51-9562d77e78f2;23.05.2026 19:24;api;chat/completions;deepseek/deepseek-v4-flash;DeepSeek;242;353
5425a50d-9589-45f5-8843-c4d34af5fb66;23.05.2026 19:24;api;chat/completions;deepseek/deepseek-v4-flash;DeepSeek;3229;248
ee0aae07-5230-4222-a3a5-d20ba31c83fb;23.05.2026 19:24;api;chat/completions;deepseek/deepseek-v4-flash;DeepSeek;760;105
06f1f1f3-ba5b-49ec-9f38-fb2bc0436153;23.05.2026 19:24;api;chat/completions;deepseek/deepseek-v4-flash;DeepSeek;240;356
78e8564a-8c6b-4b4b-b277-5efa2185b62a;23.05.2026 19:24;api;chat/completions;deepseek/deepseek-v4-flash;DeepSeek;1372;148
c74e6e8f-76b7-4871-bc11-a650d67f9bb4;23.05.2026 19:24;api;chat/completions;deepseek/deepseek-v4-flash;DeepSeek;248;534
3b8c885d-ad24-4602-9c50-c4c0a72470e7;23.05.2026 19:24;api;chat/completions;deepseek/deepseek-v4-flash;DeepSeek;511;773
22e4bf35-2c7d-48a6-9b0f-59fb5368daa6;23.05.2026 19:24;api;chat/completions;deepseek/deepseek-v4-flash;DeepSeek;1372;197
b4982167-b9ef-40a1-a808-94fa5dc5c451;23.05.2026 19:24;api;chat/completions;deepseek/deepseek-v4-flash;DeepSeek;2804;448
440e1b89-0276-4e63-94a9-94cfde651758;23.05.2026 19:24;api;chat/completions;deepseek/deepseek-v4-flash;DeepSeek;247;365
b844c445-c500-42f7-93d9-b1b214986b9f;23.05.2026 19:24;api;chat/completions;deepseek/deepseek-v4-flash;DeepSeek;1599;286
a7a577a8-f039-44d2-8be1-bf939c0cee8a;23.05.2026 19:23;api;chat/completions;deepseek/deepseek-v4-flash;DeepSeek;249;417
16c8e433-95e0-4aad-b34b-116a782ed89c;23.05.2026 19:23;api;chat/completions;deepseek/deepseek-v4-flash;DeepSeek;2894;505
c28e864b-b1d0-4427-a983-30d2f016ffbc;23.05.2026 19:23;api;chat/completions;deepseek/deepseek-v4-flash;DeepSeek;783;109
3b53bfc6-cc9c-46fb-8e79-d7ca2e57d213;23.05.2026 19:23;api;chat/completions;deepseek/deepseek-v4-flash;DeepSeek;254;349
c8b439ce-f946-467d-a0b8-f36466f3124c;23.05.2026 19:23;api;chat/completions;deepseek/deepseek-v4-flash;DeepSeek;2591;403
0cb63c10-f491-4b80-b7ab-843ac5a31fcb;23.05.2026 19:23;api;chat/completions;deepseek/deepseek-v4-flash;DeepSeek;251;817
23c8612d-8cbe-4d59-b066-9cedb13b1d42;23.05.2026 19:23;api;chat/completions;deepseek/deepseek-v4-flash;DeepSeek;1373;714
7a3a5686-11c9-4110-ac64-eae02403fb9c;23.05.2026 19:23;api;chat/completions;deepseek/deepseek-v4-flash;DeepSeek;2284;433
9ec53dfd-3992-4f15-a55c-a6b401508d9b;23.05.2026 19:23;api;chat/completions;deepseek/deepseek-v4-flash;DeepSeek;237;368
ab3948f9-7d40-4d59-a6ad-ce15b8064915;23.05.2026 19:23;api;chat/completions;deepseek/deepseek-v4-flash;DeepSeek;1396;605
bcd50daa-1aff-441a-a2d4-d4d22cc03f7b;23.05.2026 19:23;api;chat/completions;deepseek/deepseek-v4-flash;DeepSeek;257;1000
666b9b5d-2c7e-440f-8491-069b13bddc15;23.05.2026 19:23;api;chat/completions;deepseek/deepseek-v4-flash;DeepSeek;1388;210
353fa5d9-c43a-4b84-a570-9d32e7f94c2a;23.05.2026 19:23;api;chat/completions;deepseek/deepseek-v4-flash;DeepSeek;385;577
5807795e-ad5a-4e5c-86fb-b261041bd2de;23.05.2026 19:23;api;chat/completions;deepseek/deepseek-v4-flash;DeepSeek;254;907
70bccd8b-b54f-4f3e-b806-af99f426684e;23.05.2026 19:23;api;chat/completions;deepseek/deepseek-v4-flash;DeepSeek;3658;2090
3fd5eb4a-8e63-4430-b766-4df46b28a439;23.05.2026 19:23;api;chat/completions;deepseek/deepseek-v4-flash;DeepSeek;6812;92
ad07ef43-acb1-4c60-8a23-588df6fe7801;23.05.2026 19:23;api;chat/completions;deepseek/deepseek-v4-flash;DeepSeek;387;926
5b05d8df-6f1b-4982-894a-49f132471243;23.05.2026 19:23;api;chat/completions;deepseek/deepseek-v4-flash;DeepSeek;3377;2888
13612573-471b-4cc0-b6c3-043e67117631;23.05.2026 19:23;api;chat/completions;deepseek/deepseek-v4-flash;DeepSeek;6301;330
1eb2d7c5-effd-4072-b35e-fa0b1e2d00bc;23.05.2026 19:23;api;chat/completions;deepseek/deepseek-v4-flash;DeepSeek;1112;3954
7cfcf4d7-dc2d-4ec9-abd0-58dca91d2c7b;23.05.2026 19:23;api;chat/completions;deepseek/deepseek-v4-flash;DeepSeek;12249;229
bd1d1e20-937d-4d18-aad6-99ea15990772;23.05.2026 19:23;api;chat/completions;deepseek/deepseek-v4-flash;DeepSeek;4879;116
5c20a2a3-8296-4077-945e-4bc248e4d917;23.05.2026 19:23;api;chat/completions;deepseek/deepseek-v4-flash;DeepSeek;3521;323
fc0b11ef-7298-4ab5-94d4-c77409a7c22e;23.05.2026 19:23;api;chat/completions;deepseek/deepseek-v4-flash;DeepSeek;2913;2856
98c0bfe3-5ec1-4420-b360-450f30acd47f;23.05.2026 19:23;api;chat/completions;deepseek/deepseek-v4-flash;DeepSeek;3397;99
3844d7bd-7860-4114-9184-b3b52570829c;23.05.2026 19:22;api;chat/completions;deepseek/deepseek-v4-flash;DeepSeek;1282;788
72493d07-f811-465e-acfd-e448656ca2f2;23.05.2026 19:22;api;chat/completions;deepseek/deepseek-v4-flash;DeepSeek;2884;1104
1d91a49a-6c99-42e4-be0d-48c4b38e2258;23.05.2026 19:22;api;chat/completions;deepseek/deepseek-v4-flash;DeepSeek;2102;499
c189c225-8b1c-4499-8da7-178c9fa5dce7;23.05.2026 19:22;api;chat/completions;deepseek/deepseek-v4-flash;DeepSeek;2123;105
9fc25d3d-a126-40a8-9d46-e4b2f53d58f4;23.05.2026 19:22;api;chat/completions;deepseek/deepseek-v4-flash;DeepSeek;7833;244
3c62294f-4c85-4e3f-81f3-4758b250c14f;23.05.2026 19:22;api;chat/completions;deepseek/deepseek-v4-flash;DeepSeek;1935;367
2cc264a7-031b-40b5-9fe6-fb1e40b229e4;23.05.2026 19:22;api;chat/completions;deepseek/deepseek-v4-flash;DeepSeek;960;174
e4e8a20d-b341-4b39-8cd4-dd4be6d40be8;23.05.2026 19:22;api;chat/completions;deepseek/deepseek-v4-flash;DeepSeek;1453;224
31325119-cfea-46b6-9b9c-666435ece899;23.05.2026 19:22;api;chat/completions;deepseek/deepseek-v4-flash;DeepSeek;656;421
a61b07c9-9f3a-48b2-8b84-44f5e689bc36;23.05.2026 19:22;api;chat/completions;deepseek/deepseek-v4-flash;DeepSeek;759;102
acde4a12-8fee-4bf0-b1fb-5b4dd5a7aa41;23.05.2026 19:22;api;chat/completions;deepseek/deepseek-v4-flash;DeepSeek;1140;165
7c588493-5e60-46e3-8ab4-020dcfa0e354;23.05.2026 19:22;api;chat/completions;deepseek/deepseek-v4-flash;DeepSeek;2134;752
ed0d4d8e-e39b-4b42-989d-c1d65f7e84d5;23.05.2026 19:22;api;chat/completions;deepseek/deepseek-v4-flash;DeepSeek;1267;150
322c48ef-5792-49c4-a771-37e783d4f7f3;23.05.2026 19:22;api;chat/completions;deepseek/deepseek-v4-flash;DeepSeek;1062;1562
0fcaeec1-1883-4e1a-b890-fa4e26f21e34;23.05.2026 19:22;api;chat/completions;deepseek/deepseek-v4-flash;DeepSeek;3210;4104
236c2c9d-61e3-4da6-a2d8-b035733a06b9;23.05.2026 19:22;api;chat/completions;deepseek/deepseek-v4-flash;DeepSeek;6867;284
ce0eb2ba-ed64-4c8f-b9ef-c034c1db99ff;23.05.2026 19:22;api;chat/completions;deepseek/deepseek-v4-flash;DeepSeek;1266;255
24979d6b-cda8-47f1-8e90-aa231934b8f3;23.05.2026 19:22;api;chat/completions;deepseek/deepseek-v4-flash;DeepSeek;4566;186
e65a4f72-98ee-4403-a4ab-21c0f3316b7a;23.05.2026 19:22;api;chat/completions;deepseek/deepseek-v4-flash;DeepSeek;241;346
e8c9d90b-854c-4370-a8c3-82f921c989d2;23.05.2026 19:22;api;chat/completions;deepseek/deepseek-v4-flash;DeepSeek;1003;2285
d671fe09-362a-4f0b-990b-18e624bee559;23.05.2026 19:22;api;chat/completions;deepseek/deepseek-v4-flash;DeepSeek;4695;214
95f44d0a-6bda-4d20-a66e-8e8872f8ec7d;23.05.2026 19:22;api;chat/completions;deepseek/deepseek-v4-flash;DeepSeek;4224;432
d1ba6e64-521b-4e1d-b9ff-b095c4c3a5c3;23.05.2026 19:22;api;chat/completions;deepseek/deepseek-v4-flash;DeepSeek;243;366
dcde179a-e9b0-483a-855d-d2bdb68a3bc8;23.05.2026 19:22;api;chat/completions;deepseek/deepseek-v4-flash;DeepSeek;3807;284
1380f5af-ce4c-48e8-9cda-2f3dfd6b4f0a;23.05.2026 19:22;api;chat/completions;deepseek/deepseek-v4-flash;DeepSeek;2686;3421
0cfe5f0d-0874-4ed6-b32d-17b3724f0c42;23.05.2026 19:22;api;chat/completions;deepseek/deepseek-v4-flash;DeepSeek;2257;154
527e13b4-99d4-4adb-a41c-d1a0e5432544;23.05.2026 19:22;api;chat/completions;deepseek/deepseek-v4-flash;DeepSeek;242;431
e98a64bc-dcb4-435a-8b75-08daeba1daba;23.05.2026 19:22;api;chat/completions;deepseek/deepseek-v4-flash;DeepSeek;2013;131
e5f52ae6-3382-402a-8bb6-a6e07e10065d;23.05.2026 19:22;api;chat/completions;deepseek/deepseek-v4-flash;DeepSeek;1800;150
2ae8cf66-5acd-419d-9c0c-9541143deb59;23.05.2026 19:22;api;chat/completions;deepseek/deepseek-v4-flash;DeepSeek;867;947
87268e0c-0e95-4e99-a48b-a39eb72fc0bf;23.05.2026 19:22;api;chat/completions;deepseek/deepseek-v4-flash;DeepSeek;860;205
9f4e6e45-6fde-40c3-96fa-4918a4306230;23.05.2026 19:22;api;chat/completions;deepseek/deepseek-v4-flash;DeepSeek;2183;187
470695b2-5ab1-4a65-b560-67833cd232b4;23.05.2026 19:22;api;chat/completions;deepseek/deepseek-v4-flash;DeepSeek;1458;305
22da0f4e-bb2e-4b9f-8b9e-2a67ca197eed;23.05.2026 19:22;api;chat/completions;deepseek/deepseek-v4-flash;DeepSeek;1181;100
1cd954fc-3547-456f-a37c-f18c3c04d00b;23.05.2026 19:22;api;chat/completions;deepseek/deepseek-v4-flash;DeepSeek;856;143
c551f255-6055-4d92-903f-78525f01738e;23.05.2026 19:22;api;chat/completions;deepseek/deepseek-v4-flash;DeepSeek;639;327
c717fc81-e3a0-45cc-af8a-28318b0a6643;23.05.2026 19:22;api;chat/completions;deepseek/deepseek-v4-flash;DeepSeek;240;888
f04f362d-1ba0-470d-b355-c4d74f646755;23.05.2026 19:22;api;chat/completions;deepseek/deepseek-v4-flash;DeepSeek;1294;243
da9f6094-a3c8-43cc-9846-76272de43d8c;23.05.2026 19:22;api;chat/completions;deepseek/deepseek-v4-flash;DeepSeek;239;343
ee77c970-1a68-489e-962e-bb0fd3c36a8e;23.05.2026 19:22;api;chat/completions;deepseek/deepseek-v4-flash;DeepSeek;1275;200
c7cdaf82-5d1c-402e-8543-07c74029c200;23.05.2026 19:22;api;chat/completions;deepseek/deepseek-v4-flash;DeepSeek;254;453
77273fbb-f8ea-458a-afe8-98551fd9984a;23.05.2026 19:22;api;chat/completions;deepseek/deepseek-v4-flash;DeepSeek;703;164
7aff0bee-fbdb-4780-916f-c790becc46db;23.05.2026 19:22;api;chat/completions;deepseek/deepseek-v4-flash;DeepSeek;384;826
48ab950c-41da-41dd-8229-15f68d95cb70;23.05.2026 19:22;api;chat/completions;deepseek/deepseek-v4-flash;DeepSeek;246;385
371b2401-38cc-422e-ab45-f8df5056f3cc;23.05.2026 19:22;api;chat/completions;deepseek/deepseek-v4-flash;DeepSeek;1210;2852
bd4bd650-60a0-467c-bf79-f96fd2906179;23.05.2026 19:22;api;chat/completions;deepseek/deepseek-v4-flash;DeepSeek;566;186
6270a92f-2edc-4a4e-a175-02a1df848480;23.05.2026 19:21;api;chat/completions;deepseek/deepseek-v4-flash;DeepSeek;269;496
bbd7f795-b242-441d-aea6-5a0231ac163e;23.05.2026 19:21;api;chat/completions;deepseek/deepseek-v4-flash;DeepSeek;1188;2155
95af8718-e3f0-462b-bc88-52a518cb4dc2;23.05.2026 19:21;api;chat/completions;deepseek/deepseek-v4-flash;DeepSeek;250;586
16c98df9-db53-4ff7-9c6e-987893d2a98c;23.05.2026 19:21;api;chat/completions;deepseek/deepseek-v4-flash;DeepSeek;1517;1110
56deeec6-c153-4e6e-87c9-6b4daa1c7755;23.05.2026 19:21;api;chat/completions;deepseek/deepseek-v4-flash;DeepSeek;4635;1158
8ff699cf-e598-4070-abe8-c5c4ddde3e97;23.05.2026 19:21;api;chat/completions;deepseek/deepseek-v4-flash;DeepSeek;250;663
8eb79582-66a8-4bd5-84b8-83b3068d56b0;23.05.2026 19:21;api;chat/completions;deepseek/deepseek-v4-flash;DeepSeek;2583;2485
06c177e0-22fe-4967-9946-6448ca30bf7d;23.05.2026 19:21;api;chat/completions;deepseek/deepseek-v4-flash;DeepSeek;1297;1552
96a0eb39-0d22-47f7-a8b6-d89e91d98e84;23.05.2026 19:21;api;chat/completions;deepseek/deepseek-v4-flash;DeepSeek;6327;512
0a26fbfa-d7a8-4f96-8799-21193c4c29b1;23.05.2026 19:21;api;chat/completions;deepseek/deepseek-v4-flash;DeepSeek;4545;277
bac40586-00dd-4606-b16f-d6e733e55f35;23.05.2026 19:21;api;chat/completions;deepseek/deepseek-v4-flash;DeepSeek;2582;616
83456c99-b710-427d-8dc9-41d428de50b3;23.05.2026 19:21;api;chat/completions;deepseek/deepseek-v4-flash;DeepSeek;6021;262
2cbc8260-fc6e-4a15-bae0-4ab7c963c4e3;23.05.2026 19:21;api;chat/completions;deepseek/deepseek-v4-flash;DeepSeek;386;1350
f81a12bf-de4a-4dd6-97b1-b7a4aa95c4d0;23.05.2026 19:21;api;chat/completions;deepseek/deepseek-v4-flash;DeepSeek;3275;2461
97aaec3a-49f3-4443-91d6-662470344788;23.05.2026 19:21;api;chat/completions;deepseek/deepseek-v4-flash;DeepSeek;3187;198
03a753da-ea07-4e74-b33c-ce6be74cc653;23.05.2026 19:21;api;chat/completions;deepseek/deepseek-v4-flash;DeepSeek;3969;278
472ce5bb-1fa1-467f-b290-ebcbd28fea65;23.05.2026 19:21;api;chat/completions;deepseek/deepseek-v4-flash;DeepSeek;2394;474
faa0ed22-8f55-43fc-a26d-c76355344543;23.05.2026 19:21;api;chat/completions;deepseek/deepseek-v4-flash;DeepSeek;2874;350
96b2550a-1c8c-45d5-9ca8-5927902b2961;23.05.2026 19:21;api;chat/completions;deepseek/deepseek-v4-flash;DeepSeek;3664;337
28232dce-97d7-4962-b452-6e5c863dfca4;23.05.2026 19:21;api;chat/completions;deepseek/deepseek-v4-flash;DeepSeek;3129;468
6de141a2-963b-47cb-85fa-ce8452e7a7bf;23.05.2026 19:21;api;chat/completions;deepseek/deepseek-v4-flash;DeepSeek;2236;111
3e5383f2-e112-4b03-8e08-116f74769f9d;23.05.2026 19:21;api;chat/completions;deepseek/deepseek-v4-flash;DeepSeek;2417;3586
df4519a3-657b-41cf-b74c-6d70786e64d1;23.05.2026 19:21;api;chat/completions;deepseek/deepseek-v4-flash;DeepSeek;4608;672
58092b56-c766-47f3-bd2a-e72c0fbac0e3;23.05.2026 19:21;api;chat/completions;deepseek/deepseek-v4-flash;DeepSeek;1408;102
05d62fcb-543b-4c66-8aee-b13a061f2536;23.05.2026 19:20;api;chat/completions;deepseek/deepseek-v4-flash;DeepSeek;3919;662
7d3f8e85-7414-4e56-8b4e-39bc2219288b;23.05.2026 19:20;api;chat/completions;deepseek/deepseek-v4-flash;DeepSeek;777;111
03430e5b-dc72-4447-9568-758bd1a51a09;23.05.2026 19:20;api;chat/completions;deepseek/deepseek-v4-flash;DeepSeek;3424;533
11e95dcd-7883-4005-a146-882c39a96d91;23.05.2026 19:20;api;chat/completions;deepseek/deepseek-v4-flash;DeepSeek;7020;252
ae6ad2d1-68f8-4a07-8e2b-4c37e5f9bb92;23.05.2026 19:20;api;chat/completions;deepseek/deepseek-v4-flash;DeepSeek;1538;219
a4f64752-f92c-4b2d-bf9d-9b121caadf50;23.05.2026 19:20;api;chat/completions;deepseek/deepseek-v4-flash;DeepSeek;2479;344
7c2d8f4f-f22a-4662-99e7-a64410847928;23.05.2026 19:20;api;chat/completions;deepseek/deepseek-v4-flash;DeepSeek;2231;343
7439bb78-7ba5-4a38-8983-4bcb8e046475;23.05.2026 19:20;api;chat/completions;deepseek/deepseek-v4-flash;DeepSeek;785;111
6b09fae3-bbbf-40fb-b6db-ddb1ab2b9d9d;23.05.2026 19:20;api;chat/completions;deepseek/deepseek-v4-flash;DeepSeek;6291;129
54ffcdc5-3794-4dd5-afde-20582c79400d;23.05.2026 19:20;api;chat/completions;deepseek/deepseek-v4-flash;DeepSeek;5567;541
b26ff615-e7bf-4cdc-ac58-69219e1c7c60;23.05.2026 19:20;api;chat/completions;deepseek/deepseek-v4-flash;DeepSeek;1018;2433
de8978b1-b683-4c56-9cea-93aec0be6909;23.05.2026 19:20;api;chat/completions;deepseek/deepseek-v4-flash;DeepSeek;2103;195
46fd3301-0e68-44af-9d61-0a702f07a5c5;23.05.2026 19:20;api;chat/completions;deepseek/deepseek-v4-flash;DeepSeek;2777;5234
7ccfcd41-1cea-4b8d-8552-9b336836d7bc;23.05.2026 19:20;api;chat/completions;deepseek/deepseek-v4-flash;DeepSeek;1379;828
133ca75d-40d4-44aa-8fa5-1edad2138bf2;23.05.2026 19:20;api;chat/completions;deepseek/deepseek-v4-flash;DeepSeek;2346;347
16701a29-6b69-4f9d-935d-974819ec1fa3;23.05.2026 19:20;api;chat/completions;deepseek/deepseek-v4-flash;DeepSeek;4030;199
e3ba245b-c8f0-4c8b-8efb-e0bb8ab37d0e;23.05.2026 19:20;api;chat/completions;deepseek/deepseek-v4-flash;DeepSeek;3867;144
9fee504f-e1cb-4221-9465-d6d5f3081661;23.05.2026 19:20;api;chat/completions;deepseek/deepseek-v4-flash;DeepSeek;3541;404
1a1251e6-fe28-441e-a6cf-234416eac9fc;23.05.2026 19:20;api;chat/completions;deepseek/deepseek-v4-flash;DeepSeek;1465;871
b159ccdc-7a67-43a1-aabc-6bafd479b0f7;23.05.2026 19:20;api;chat/completions;deepseek/deepseek-v4-flash;DeepSeek;6546;313
97533fe9-4605-4524-9e11-b28d72a6f29f;23.05.2026 19:20;api;chat/completions;deepseek/deepseek-v4-flash;DeepSeek;2875;118
344f9e5c-57a0-4776-9324-b3870c86abe4;23.05.2026 19:19;api;chat/completions;deepseek/deepseek-v4-flash;DeepSeek;1941;1274
4fad07c5-e6b7-4da6-9b81-216d79946ffd;23.05.2026 19:19;api;chat/completions;deepseek/deepseek-v4-flash;DeepSeek;2177;86
860a353f-73f2-431a-83cc-c302aaf640f2;23.05.2026 19:19;api;chat/completions;deepseek/deepseek-v4-flash;DeepSeek;1607;2675
b318614d-7dca-4afe-8f48-d6ca6e75c2c3;23.05.2026 19:19;api;chat/completions;deepseek/deepseek-v4-flash;DeepSeek;4941;422
6c0e4307-cd7f-4f37-87ae-34b7716e03e1;23.05.2026 19:19;api;chat/completions;deepseek/deepseek-v4-flash;DeepSeek;1415;100
4e4c8cda-79f2-45e1-9933-7fe83d77acfb;23.05.2026 19:19;api;chat/completions;deepseek/deepseek-v4-flash;DeepSeek;2508;3043
3066ae41-21c1-43d1-be6d-5b114acfd93c;23.05.2026 19:19;api;chat/completions;deepseek/deepseek-v4-flash;DeepSeek;2740;480
355257ed-d233-40b0-a273-c8bc515cf1a5;23.05.2026 19:19;api;chat/completions;deepseek/deepseek-v4-flash;DeepSeek;756;101
6586595a-100f-4cdc-b3a8-fb7f3230b59d;23.05.2026 19:19;api;chat/completions;deepseek/deepseek-v4-flash;DeepSeek;929;1379
0388d4ff-df18-49bb-af64-d79d0d5faa22;23.05.2026 19:19;api;chat/completions;deepseek/deepseek-v4-flash;DeepSeek;2762;234
2580ba1b-27e4-4fae-8424-0f546da4b0f2;23.05.2026 19:19;api;chat/completions;deepseek/deepseek-v4-flash;DeepSeek;1965;265
ea11c0e0-05b1-4383-83be-8ac71697f3d4;23.05.2026 19:19;api;chat/completions;deepseek/deepseek-v4-flash;DeepSeek;1469;148
edd4ce69-0a15-4e4c-956f-f82f1324721a;23.05.2026 19:19;api;chat/completions;deepseek/deepseek-v4-flash;DeepSeek;1340;777
8504dab6-0dd2-414d-83ce-a3dee476deb8;23.05.2026 19:19;api;chat/completions;deepseek/deepseek-v4-flash;DeepSeek;844;225
bf343de5-8ad5-4d7e-8e9d-ae1e728a017c;23.05.2026 19:19;api;chat/completions;deepseek/deepseek-v4-flash;DeepSeek;1376;167
9db236c8-aa47-4e25-af1d-a2f6a9562fc5;23.05.2026 19:19;api;chat/completions;deepseek/deepseek-v4-flash;DeepSeek;3823;98
f77b0224-7953-462c-8253-d7a6c5b15b6c;23.05.2026 19:19;api;chat/completions;deepseek/deepseek-v4-flash;DeepSeek;1401;202
a46ab307-de08-4c14-a789-ca0a797678c6;23.05.2026 19:19;api;chat/completions;deepseek/deepseek-v4-flash;DeepSeek;617;261
c1b04a7f-738c-4387-9815-96801363345c;23.05.2026 19:19;api;chat/completions;deepseek/deepseek-v4-flash;DeepSeek;1140;98
6d42fa98-595b-452d-8d4f-7665dfdc9b01;23.05.2026 19:19;api;chat/completions;deepseek/deepseek-v4-flash;DeepSeek;795;112
52c5bc2d-8256-43ff-9ebf-20cfb13fd03e;23.05.2026 19:19;api;chat/completions;deepseek/deepseek-v4-flash;DeepSeek;2238;485
f7d0fd28-75be-425c-93a8-1bf9a8faa64f;23.05.2026 19:19;api;chat/completions;deepseek/deepseek-v4-flash;DeepSeek;3217;123
ee306e48-de34-4e20-96db-4e025b959d2d;23.05.2026 19:19;api;chat/completions;deepseek/deepseek-v4-flash;DeepSeek;1272;263
66a87a90-c410-4693-8e4a-e8bebd71bcbd;23.05.2026 19:19;api;chat/completions;deepseek/deepseek-v4-flash;DeepSeek;1270;215
f8b767cb-c34c-458a-bfd6-01d85facc0f0;23.05.2026 19:19;api;chat/completions;deepseek/deepseek-v4-flash;DeepSeek;2850;414
5795d8d0-7c3f-4d0d-9c7a-2176bec03371;23.05.2026 19:19;api;chat/completions;deepseek/deepseek-v4-flash;DeepSeek;236;327
3cd197a4-47ec-41bc-80ec-ff20df5ab424;23.05.2026 19:19;api;chat/completions;deepseek/deepseek-v4-flash;DeepSeek;2150;97
210f99c8-8db3-4c4a-ba86-94dcbbcfb7ea;23.05.2026 19:19;api;chat/completions;deepseek/deepseek-v4-flash;DeepSeek;1471;116
3d5dd27c-c394-4a33-9b00-a467c288e4b5;23.05.2026 19:19;api;chat/completions;deepseek/deepseek-v4-flash;DeepSeek;236;308
cdd69681-91ec-4caf-bab9-d0e158be9af5;23.05.2026 19:19;api;chat/completions;deepseek/deepseek-v4-flash;DeepSeek;1085;2261
b2fe815a-71f9-4466-83cf-70eb527790af;23.05.2026 19:19;api;chat/completions;deepseek/deepseek-v4-flash;DeepSeek;1389;1072
b71f3bad-de98-44b0-9532-9282f5311977;23.05.2026 19:19;api;chat/completions;deepseek/deepseek-v4-flash;DeepSeek;1436;134
3ac8b763-3f87-4ee1-84a6-0d37f034c703;23.05.2026 19:19;api;chat/completions;deepseek/deepseek-v4-flash;DeepSeek;781;281
6bf4b8b1-9a6c-468e-b6c1-8bd5861ec40e;23.05.2026 19:19;api;chat/completions;deepseek/deepseek-v4-flash;DeepSeek;237;370
b15f5bce-cc15-4275-adf1-a41ecf35b9c1;23.05.2026 19:19;api;chat/completions;deepseek/deepseek-v4-flash;DeepSeek;1392;254
6c779588-1a6d-4089-ad15-9acd9a79682b;23.05.2026 19:19;api;chat/completions;deepseek/deepseek-v4-flash;DeepSeek;641;210
cddd105f-3eea-4813-b55e-df29de6117b4;23.05.2026 19:19;api;chat/completions;deepseek/deepseek-v4-flash;DeepSeek;773;105
fda1b29e-a053-426f-86f3-fdebc3ec53a3;23.05.2026 19:19;api;chat/completions;deepseek/deepseek-v4-flash;DeepSeek;245;340
25d22f7b-a150-496a-be1d-00c2790e0f1d;23.05.2026 19:19;api;chat/completions;deepseek/deepseek-v4-flash;DeepSeek;1375;669
1a538fb2-40d8-4f31-997c-af564fdcbdb3;23.05.2026 19:19;api;chat/completions;deepseek/deepseek-v4-flash;DeepSeek;1381;184
efaed7f8-8353-41e4-8e79-e676955c60a4;23.05.2026 19:19;api;chat/completions;deepseek/deepseek-v4-flash;DeepSeek;768;104
62ae6015-7ef0-49fe-8108-646de8a4e7fc;23.05.2026 19:19;api;chat/completions;deepseek/deepseek-v4-flash;DeepSeek;1383;269
a7c7f9f1-7f4b-4d5c-9189-91deaad626ef;23.05.2026 19:19;api;chat/completions;deepseek/deepseek-v4-flash;DeepSeek;5847;986
6b85f962-2818-4f4d-b229-fa0858d7c6ee;23.05.2026 19:19;api;chat/completions;deepseek/deepseek-v4-flash;DeepSeek;4493;457
b0bfc2a4-a1cd-47f3-9df2-110e09479f4b;23.05.2026 19:19;api;chat/completions;deepseek/deepseek-v4-flash;DeepSeek;243;546
4599342e-7a48-4986-b879-ae144ed29ca9;23.05.2026 19:19;api;chat/completions;deepseek/deepseek-v4-flash;DeepSeek;4256;183
afd90429-a524-4907-b621-6762958eb707;23.05.2026 19:19;api;chat/completions;deepseek/deepseek-v4-flash;DeepSeek;1378;183
fa72a00b-6631-4c08-b799-b880b1b6ed63;23.05.2026 19:19;api;chat/completions;deepseek/deepseek-v4-flash;DeepSeek;3624;130
091d788b-6a1d-426a-af31-18faaee2030a;23.05.2026 19:19;api;chat/completions;deepseek/deepseek-v4-flash;DeepSeek;384;700
b1e1f5c3-b41a-4607-a580-20b777641720;23.05.2026 19:19;api;chat/completions;deepseek/deepseek-v4-flash;DeepSeek;4599;775
7d92d882-43c8-4c99-b8e0-15c4dbe7487c;23.05.2026 19:19;api;chat/completions;deepseek/deepseek-v4-flash;DeepSeek;2650;574
f4fb577f-87a4-4394-ac2b-af07a7810961;23.05.2026 19:19;api;chat/completions;deepseek/deepseek-v4-flash;DeepSeek;3552;95
6870d3df-4f19-4a93-8dcf-0ea220e56861;23.05.2026 19:18;api;chat/completions;deepseek/deepseek-v4-flash;DeepSeek;2859;94
f7f108b9-b6bb-4e66-bc59-6571acca3a40;23.05.2026 19:18;api;chat/completions;deepseek/deepseek-v4-flash;DeepSeek;2502;575
100a025e-b740-44b4-9653-0399682ea034;23.05.2026 19:18;api;chat/completions;deepseek/deepseek-v4-flash;DeepSeek;3881;740
a42998d1-a878-40d3-8f27-35cb898f30bc;23.05.2026 19:18;api;chat/completions;deepseek/deepseek-v4-flash;DeepSeek;2188;99
d4582e32-2184-4e3c-99a7-63dea1e3a25f;23.05.2026 19:18;api;chat/completions;deepseek/deepseek-v4-flash;DeepSeek;6480;1780
5c99f57b-f9fd-4e24-836b-6c71124525c2;23.05.2026 19:18;api;chat/completions;deepseek/deepseek-v4-flash;DeepSeek;1512;107
b9266cee-99c5-4929-a0a1-8c665b2c4025;23.05.2026 19:18;api;chat/completions;deepseek/deepseek-v4-flash;DeepSeek;2378;444
8ff5065a-3cd8-4fed-8679-c1e7491de0ed;23.05.2026 19:18;api;chat/completions;deepseek/deepseek-v4-flash;DeepSeek;768;105
cc7924ce-22ae-4c45-88de-91ad046d0ec3;23.05.2026 19:18;api;chat/completions;deepseek/deepseek-v4-flash;DeepSeek;2062;556
d10c55e3-e03a-450b-9501-5da59510dcea;23.05.2026 19:18;api;chat/completions;deepseek/deepseek-v4-flash;DeepSeek;2402;2408
2b519774-ca3b-4854-a3e6-4805370c26e0;23.05.2026 19:18;api;chat/completions;deepseek/deepseek-v4-flash;DeepSeek;3878;106
55d0f52b-df73-4fbe-a4e2-87c07d5849d3;23.05.2026 19:18;api;chat/completions;deepseek/deepseek-v4-flash;DeepSeek;3178;94
ac2b7f84-2b5d-4d73-8877-deeddb071f29;23.05.2026 19:18;api;chat/completions;deepseek/deepseek-v4-flash;DeepSeek;1751;1548
6f7fa8a4-a4a3-49aa-a23a-b9a1935802f8;23.05.2026 19:18;api;chat/completions;deepseek/deepseek-v4-flash;DeepSeek;7113;200
06617478-862f-47b9-89e2-e850c9597b24;23.05.2026 19:18;api;chat/completions;deepseek/deepseek-v4-flash;DeepSeek;2936;96
8395c0d9-4ab1-48ef-9752-dbea205a9032;23.05.2026 19:18;api;chat/completions;deepseek/deepseek-v4-flash;DeepSeek;2877;410
51e149c1-6879-463d-b8b2-9acd38ecda29;23.05.2026 19:18;api;chat/completions;deepseek/deepseek-v4-flash;DeepSeek;2158;96
88ab765b-4f26-45a3-86eb-c5400c96bf4b;23.05.2026 19:18;api;chat/completions;deepseek/deepseek-v4-flash;DeepSeek;2199;113
a5387f7c-ec55-49bf-95eb-4a3a91ca3659;23.05.2026 19:18;api;chat/completions;deepseek/deepseek-v4-flash;DeepSeek;5714;190
080a6b91-00b2-43a1-9915-2a60d06a76af;23.05.2026 19:18;api;chat/completions;deepseek/deepseek-v4-flash;DeepSeek;1493;94
6f1d5db5-82b4-4a73-b7cf-2f45c3daa249;23.05.2026 19:18;api;chat/completions;deepseek/deepseek-v4-flash;DeepSeek;1542;111
c24e0dfd-abf1-48a8-81d9-54e7863ab96b;23.05.2026 19:18;api;chat/completions;deepseek/deepseek-v4-flash;DeepSeek;1583;349
0f073353-bf26-45b8-8310-1b07548369e9;23.05.2026 19:18;api;chat/completions;deepseek/deepseek-v4-flash;DeepSeek;814;664
c8c85752-56e0-42b6-ab77-f11aaa322176;23.05.2026 19:18;api;chat/completions;deepseek/deepseek-v4-flash;DeepSeek;746;101
beccff6c-1c54-4644-9bb1-29c16fd79529;23.05.2026 19:18;api;chat/completions;deepseek/deepseek-v4-flash;DeepSeek;1384;198
c0af1c39-17e0-4277-9f21-2285e4b3e604;23.05.2026 19:18;api;chat/completions;deepseek/deepseek-v4-flash;DeepSeek;762;106
25166c44-342e-4d38-acf9-b24c3bb84c95;23.05.2026 19:18;api;chat/completions;deepseek/deepseek-v4-flash;DeepSeek;353;713
3135dea9-17a6-4374-a44d-00e54544abc1;23.05.2026 19:18;api;chat/completions;deepseek/deepseek-v4-flash;DeepSeek;5554;120
43726548-e7c6-4cae-9695-498fed01ed32;23.05.2026 19:18;api;chat/completions;deepseek/deepseek-v4-flash;DeepSeek;4590;355
d8f79694-2b7e-4ac2-bb74-1c58753963ce;23.05.2026 19:18;api;chat/completions;deepseek/deepseek-v4-flash;DeepSeek;1386;660
c54783b1-ac24-4489-95b6-2a4a0bfb0d42;23.05.2026 19:17;api;chat/completions;deepseek/deepseek-v4-flash;DeepSeek;1381;150
456b35ba-0ffc-4a60-9501-d279178fbc14;23.05.2026 19:17;api;chat/completions;deepseek/deepseek-v4-flash;DeepSeek;4922;354
9783dea6-c3d1-4f4e-9c76-ec458de841de;23.05.2026 19:17;api;chat/completions;deepseek/deepseek-v4-flash;DeepSeek;976;2000
2f384bc2-233d-4490-b045-55f40edcef4a;23.05.2026 19:17;api;chat/completions;deepseek/deepseek-v4-flash;DeepSeek;2958;165
ff4f3f14-d420-47dc-b7af-b6102b407fd0;23.05.2026 19:17;api;chat/completions;deepseek/deepseek-v4-flash;DeepSeek;2206;4220
88e8c5e4-d4ed-4bc1-83ec-44e23d922f31;23.05.2026 19:17;api;chat/completions;deepseek/deepseek-v4-flash;DeepSeek;4102;152
8cc3e60a-1213-4842-8dfe-ed89eba5f6f0;23.05.2026 19:17;api;chat/completions;deepseek/deepseek-v4-flash;DeepSeek;3839;84
915149ce-d19c-43f2-bb98-61ae8dac0796;23.05.2026 19:17;api;chat/completions;deepseek/deepseek-v4-flash;DeepSeek;3081;556
a76ef5c9-efc7-4a7c-b900-9c2b507c7c2f;23.05.2026 19:17;api;chat/completions;deepseek/deepseek-v4-flash;DeepSeek;3651;263
3e768146-058c-4cf3-9249-f480fa1ece7f;23.05.2026 19:17;api;chat/completions;deepseek/deepseek-v4-flash;DeepSeek;1685;173
b7882a88-9a30-42c6-92dd-66c423f833ed;23.05.2026 19:17;api;chat/completions;deepseek/deepseek-v4-flash;DeepSeek;2761;367
59df9b53-8acc-47a3-9eae-a54d57639809;23.05.2026 19:17;api;chat/completions;deepseek/deepseek-v4-flash;DeepSeek;4461;185
13efbb6d-2cdf-4896-b22f-44dda3e24d75;23.05.2026 19:17;api;chat/completions;deepseek/deepseek-v4-flash;DeepSeek;2690;218
e2bbc037-c944-4b70-b00c-392e7950737f;23.05.2026 19:17;api;chat/completions;deepseek/deepseek-v4-flash;DeepSeek;796;255
6c14b611-fe2f-463c-afc8-fd81073bff26;23.05.2026 19:17;api;chat/completions;deepseek/deepseek-v4-flash;DeepSeek;1417;251
6f6281fd-8e2c-4b74-9d8d-cc6817d354f3;23.05.2026 19:17;api;chat/completions;deepseek/deepseek-v4-flash;DeepSeek;1140;109
134d44d9-dfdb-4e7b-8fc7-f7b785337431;23.05.2026 19:17;api;chat/completions;deepseek/deepseek-v4-flash;DeepSeek;812;146
930e09b8-201b-4abb-95d2-9174867e34e5;23.05.2026 19:17;api;chat/completions;deepseek/deepseek-v4-flash;DeepSeek;612;250
2bc5613a-72c8-44ff-b9e4-106d12935b7d;23.05.2026 19:17;api;chat/completions;deepseek/deepseek-v4-flash;DeepSeek;2982;160
e7b8e8d8-1030-4304-9f5f-a374995586f7;23.05.2026 19:17;api;chat/completions;deepseek/deepseek-v4-flash;DeepSeek;1278;242
e3bb86fe-53b1-47d9-8883-a9e291fbbc3c;23.05.2026 19:17;api;chat/completions;deepseek/deepseek-v4-flash;DeepSeek;1028;2030
459d958e-b415-4797-a2ca-ce25f2717ad6;23.05.2026 19:17;api;chat/completions;deepseek/deepseek-v4-flash;DeepSeek;1271;188
9c1a664f-3270-4741-a605-feef0e2dce09;23.05.2026 19:17;api;chat/completions;deepseek/deepseek-v4-flash;DeepSeek;4402;232
224e8819-7c27-4147-b4df-20db21a80030;23.05.2026 19:17;api;chat/completions;deepseek/deepseek-v4-flash;DeepSeek;2050;670
efa49eb5-7118-4c5c-8197-a01f2e4911b3;23.05.2026 19:17;api;chat/completions;deepseek/deepseek-v4-flash;DeepSeek;250;417
7aa3cf01-556f-4a47-828b-4136f073d25c;23.05.2026 19:17;api;chat/completions;deepseek/deepseek-v4-flash;DeepSeek;1281;512
d0362497-f197-44a5-9190-2d81cd751dd9;23.05.2026 19:17;api;chat/completions;deepseek/deepseek-v4-flash;DeepSeek;253;397
8eb8fb93-5a88-4718-9260-b623dddb7559;23.05.2026 19:17;api;chat/completions;deepseek/deepseek-v4-flash;DeepSeek;883;626
ce1a7960-13c2-4b51-9dd6-151d99669187;23.05.2026 19:17;api;chat/completions;deepseek/deepseek-v4-flash;DeepSeek;254;569
071a1705-458b-4b43-acda-dd6f9233d95c;23.05.2026 19:17;api;chat/completions;deepseek/deepseek-v4-flash;DeepSeek;2946;162
19dd2f57-9b6e-4f12-9b7f-f206014fa264;23.05.2026 19:17;api;chat/completions;deepseek/deepseek-v4-flash;DeepSeek;685;568
26e2b5fc-8512-4309-8a7d-c15956f93737;23.05.2026 19:17;api;chat/completions;deepseek/deepseek-v4-flash;DeepSeek;247;671
97dddef5-5e86-43f7-8fc1-c77099aa5489;23.05.2026 19:17;api;chat/completions;deepseek/deepseek-v4-flash;DeepSeek;1476;1356
d27c2f95-5d6d-4f7f-8087-e873427fa137;23.05.2026 19:17;api;chat/completions;deepseek/deepseek-v4-flash;DeepSeek;1491;333
1396841b-189a-46d5-85ec-3e431c3bfd4f;23.05.2026 19:17;api;chat/completions;deepseek/deepseek-v4-flash;DeepSeek;2320;127
de07dc43-ccaa-41a6-ace5-e2c77833a225;23.05.2026 19:17;api;chat/completions;deepseek/deepseek-v4-flash;DeepSeek;2125;173
a3c7a63a-490d-417e-88a6-e57e5f32e147;23.05.2026 19:17;api;chat/completions;deepseek/deepseek-v4-flash;DeepSeek;384;765
2a098de9-4d23-47c6-9995-410267450902;23.05.2026 19:16;api;chat/completions;deepseek/deepseek-v4-flash;DeepSeek;762;107
06927dea-0dcc-494c-8392-cbfd6241e495;23.05.2026 19:16;api;chat/completions;deepseek/deepseek-v4-flash;DeepSeek;1453;102
3947bde2-afdd-4425-82a4-1258b69bbcf9;23.05.2026 19:16;api;chat/completions;deepseek/deepseek-v4-flash;DeepSeek;1387;275
bcd2dbe3-cd85-4e23-b2b2-f8f3e9fcaa99;23.05.2026 19:16;api;chat/completions;deepseek/deepseek-v4-flash;DeepSeek;1389;304
a9085769-e9fa-42d6-b2be-d957b973b5f2;23.05.2026 19:16;api;chat/completions;deepseek/deepseek-v4-flash;DeepSeek;1388;189
076d6da6-84a9-453c-8fe7-d13b28e52dc3;23.05.2026 19:16;api;chat/completions;deepseek/deepseek-v4-flash;DeepSeek;765;114
e0e2c3f7-aeea-4ad2-a8c2-eb86d3c2feaf;23.05.2026 19:16;api;chat/completions;deepseek/deepseek-v4-flash;DeepSeek;5288;283
13bd82e9-667e-4dce-818f-8a99209e8197;23.05.2026 19:16;api;chat/completions;deepseek/deepseek-v4-flash;DeepSeek;3581;207
af4b48d0-00be-4c48-94a9-e4df43d1c947;23.05.2026 19:16;api;chat/completions;deepseek/deepseek-v4-flash;DeepSeek;3044;412
bcaa93b7-f0be-438e-a6c7-5a7df08aa645;23.05.2026 19:16;api;chat/completions;deepseek/deepseek-v4-flash;DeepSeek;2904;315
ed2782c3-6565-4c64-8019-9546ea8e0602;23.05.2026 19:16;api;chat/completions;deepseek/deepseek-v4-flash;DeepSeek;4716;1762
3f8cf7b4-d50f-4c33-989f-14405f5368d0;23.05.2026 19:16;api;chat/completions;deepseek/deepseek-v4-flash;DeepSeek;4469;172
5dbcea20-01c0-4316-9a75-2249e869fb52;23.05.2026 19:16;api;chat/completions;deepseek/deepseek-v4-flash;DeepSeek;2649;2640
2f42e411-4b15-4e2b-8273-7212d360d055;23.05.2026 19:16;api;chat/completions;deepseek/deepseek-v4-flash;DeepSeek;2606;254
892017d5-0e4e-492f-9261-bbac320d4150;23.05.2026 19:16;api;chat/completions;deepseek/deepseek-v4-flash;DeepSeek;1277;1493
790de174-14d9-4df6-ab76-bba0a03396b0;23.05.2026 19:16;api;chat/completions;deepseek/deepseek-v4-flash;DeepSeek;2756;364
3c6c90ce-657c-4b23-a770-4558bc43e13f;23.05.2026 19:16;api;chat/completions;deepseek/deepseek-v4-flash;DeepSeek;4283;153
259b9a83-4f7e-48e7-8332-e3e6d1335853;23.05.2026 19:16;api;chat/completions;deepseek/deepseek-v4-flash;DeepSeek;4493;245
f3c33e15-c5df-4c4d-8c8e-8e9e58d0913e;23.05.2026 19:16;api;chat/completions;deepseek/deepseek-v4-flash;DeepSeek;2107;272
be19e9cb-bd10-4ebe-811b-de80cd33b890;23.05.2026 19:16;api;chat/completions;deepseek/deepseek-v4-flash;DeepSeek;1875;197
492eae2e-fc30-4afd-a65d-dee0a0efdf14;23.05.2026 19:16;api;chat/completions;deepseek/deepseek-v4-flash;DeepSeek;1411;89
ddca29d6-7b79-4fad-b052-e230ede5b0ee;23.05.2026 19:16;api;chat/completions;deepseek/deepseek-v4-flash;DeepSeek;1416;227
536b8589-9662-4248-b790-cd030b670239;23.05.2026 19:16;api;chat/completions;deepseek/deepseek-v4-flash;DeepSeek;3890;223
c960d646-aecb-4516-87d6-092e518e6fcf;23.05.2026 19:16;api;chat/completions;deepseek/deepseek-v4-flash;DeepSeek;747;103
1d34747e-2b98-4088-b375-6e6a9b3fd539;23.05.2026 19:16;api;chat/completions;deepseek/deepseek-v4-flash;DeepSeek;1139;116
787d4f88-5496-4318-add2-eab50d2d74c4;23.05.2026 19:16;api;chat/completions;deepseek/deepseek-v4-flash;DeepSeek;3579;348
018254a7-c981-42eb-bbea-b50222d2d64d;23.05.2026 19:16;api;chat/completions;deepseek/deepseek-v4-flash;DeepSeek;1265;176
a1d3fdab-df3f-41a5-af40-2f169c961bc8;23.05.2026 19:16;api;chat/completions;deepseek/deepseek-v4-flash;DeepSeek;1259;273
11e20b7e-a626-4f9d-a544-6cd6b835210d;23.05.2026 19:16;api;chat/completions;deepseek/deepseek-v4-flash;DeepSeek;237;308
d8b9b788-9014-4a3e-b58a-0a441ffe1b0f;23.05.2026 19:16;api;chat/completions;deepseek/deepseek-v4-flash;DeepSeek;1132;2471
c031179f-d577-42a1-8de6-9bd0396b460d;23.05.2026 19:16;api;chat/completions;deepseek/deepseek-v4-flash;DeepSeek;239;381
d96d1971-8752-496a-883a-7d6c970597d9;23.05.2026 19:16;api;chat/completions;deepseek/deepseek-v4-flash;DeepSeek;2175;166
55d77ae1-28b8-48c2-9bba-1edb130dfea8;23.05.2026 19:16;api;chat/completions;deepseek/deepseek-v4-flash;DeepSeek;234;266
3d4c34b7-a4e2-461b-8fac-5a23950df894;23.05.2026 19:16;api;chat/completions;deepseek/deepseek-v4-flash;DeepSeek;2523;2755
2d76a1a8-bad3-425f-ab50-e594f907d589;23.05.2026 19:16;api;chat/completions;deepseek/deepseek-v4-flash;DeepSeek;1476;108
c9fccc2b-7ada-46fc-8803-b669d35517f1;23.05.2026 19:16;api;chat/completions;deepseek/deepseek-v4-flash;DeepSeek;238;437
fbd980a6-a4e5-4d7e-9803-7cb8a96d8150;23.05.2026 19:16;api;chat/completions;deepseek/deepseek-v4-flash;DeepSeek;783;119
dba57f85-d961-436f-b7f1-76c2ac92d6a9;23.05.2026 19:15;api;chat/completions;deepseek/deepseek-v4-flash;DeepSeek;232;353
d09be1cd-f14c-4a81-92d6-635a603d61bf;23.05.2026 19:15;api;chat/completions;deepseek/deepseek-v4-flash;DeepSeek;4514;291
27bc3858-2527-4560-95b2-66aaeac05e80;23.05.2026 19:15;api;chat/completions;deepseek/deepseek-v4-flash;DeepSeek;382;585
514777ac-a300-477b-948d-7baf0d89a1b1;23.05.2026 19:15;api;chat/completions;deepseek/deepseek-v4-flash;DeepSeek;2914;177
0fa140de-059d-46a5-9e82-d883b6bef400;23.05.2026 19:15;api;chat/completions;deepseek/deepseek-v4-flash;DeepSeek;2690;211
0c63696f-32cc-4798-acef-fb30d92b60b3;23.05.2026 19:15;api;chat/completions;deepseek/deepseek-v4-flash;DeepSeek;4716;262
ce39bb28-bdb4-4d44-bf30-992a7fe861b8;23.05.2026 19:15;api;chat/completions;deepseek/deepseek-v4-flash;DeepSeek;1001;753
133fca57-7870-416a-9c27-e914c31b4f08;23.05.2026 19:15;api;chat/completions;deepseek/deepseek-v4-flash;DeepSeek;4789;491
cbd5eeec-de6b-429b-9dce-0590aa09d9b7;23.05.2026 19:15;api;chat/completions;deepseek/deepseek-v4-flash;DeepSeek;2484;2125
7911c5dc-e75a-46f1-aaf6-f3235d01bd58;23.05.2026 19:15;api;chat/completions;deepseek/deepseek-v4-flash;DeepSeek;3021;551
cda88089-91d6-4a0f-9ba0-e58a5c3dccfd;23.05.2026 19:15;api;chat/completions;deepseek/deepseek-v4-flash;DeepSeek;4401;550
c399d642-7b0c-4f74-873b-f54abe8cc76c;23.05.2026 19:15;api;chat/completions;deepseek/deepseek-v4-flash;DeepSeek;2721;325
96b614fb-fec7-4510-9218-94a454251e98;23.05.2026 19:15;api;chat/completions;deepseek/deepseek-v4-flash;DeepSeek;2208;307
2e96e371-10d9-41d1-888b-dae8174d372f;23.05.2026 19:15;api;chat/completions;deepseek/deepseek-v4-flash;DeepSeek;3950;295
bbf31a78-2656-48cb-8441-8e879ace90c6;23.05.2026 19:15;api;chat/completions;deepseek/deepseek-v4-flash;DeepSeek;3743;291
7393de84-22b9-41d7-ba84-e464a547087e;23.05.2026 19:15;api;chat/completions;deepseek/deepseek-v4-flash;DeepSeek;4031;416
201f1486-2d26-40d5-b567-85d022084d39;23.05.2026 19:15;api;chat/completions;deepseek/deepseek-v4-flash;DeepSeek;2057;94
9e2036e5-0553-40c0-b13a-e50637997483;23.05.2026 19:15;api;chat/completions;deepseek/deepseek-v4-flash;DeepSeek;3655;258
92135d84-961c-4a0c-8b87-ceaeba625553;23.05.2026 19:15;api;chat/completions;deepseek/deepseek-v4-flash;DeepSeek;833;186
c7495164-9294-43ce-a885-2ac7a6a13493;23.05.2026 19:15;api;chat/completions;deepseek/deepseek-v4-flash;DeepSeek;1073;2890
d410855d-00c4-4e43-8d42-61f93a34cdf8;23.05.2026 19:15;api;chat/completions;deepseek/deepseek-v4-flash;DeepSeek;3279;413
3c42eec9-55ad-4692-871c-20825ef3e263;23.05.2026 19:15;api;chat/completions;deepseek/deepseek-v4-flash;DeepSeek;2733;191
d2a6d47d-00b0-4358-8ecd-bd5875becf01;23.05.2026 19:15;api;chat/completions;deepseek/deepseek-v4-flash;DeepSeek;1521;93
855b54a7-1288-4823-b2d0-d217df97b4bc;23.05.2026 19:15;api;chat/completions;deepseek/deepseek-v4-flash;DeepSeek;3576;455
effb3fbc-1093-4a2f-a8a0-3347a7035f94;23.05.2026 19:15;api;chat/completions;deepseek/deepseek-v4-flash;DeepSeek;1864;272
b2485de6-c8ab-4681-a6ee-d70dcb53f99e;23.05.2026 19:15;api;chat/completions;deepseek/deepseek-v4-flash;DeepSeek;1243;502
8de40db0-4e3c-49a0-a180-8146f53c66e0;23.05.2026 19:15;api;chat/completions;deepseek/deepseek-v4-flash;DeepSeek;2935;409
02fac005-7fa2-4e7a-b38e-029069f8983f;23.05.2026 19:15;api;chat/completions;deepseek/deepseek-v4-flash;DeepSeek;1504;252
749c81d6-351c-4874-8b23-d40435e793d1;23.05.2026 19:15;api;chat/completions;deepseek/deepseek-v4-flash;DeepSeek;1158;198
891778a4-a7f3-4c79-b271-6f8652350cc7;23.05.2026 19:15;api;chat/completions;deepseek/deepseek-v4-flash;DeepSeek;674;947
153732df-afe1-492b-8e74-a8de6935a093;23.05.2026 19:15;api;chat/completions;deepseek/deepseek-v4-flash;DeepSeek;2054;256
186da251-4a95-44c0-846b-fb5384115c43;23.05.2026 19:15;api;chat/completions;deepseek/deepseek-v4-flash;DeepSeek;1416;85
7e205958-6741-4a6a-8ab7-4618c08470e3;23.05.2026 19:15;api;chat/completions;deepseek/deepseek-v4-flash;DeepSeek;1368;172
3bf8192e-2cbd-4c4e-972c-b0fbb0130808;23.05.2026 19:15;api;chat/completions;deepseek/deepseek-v4-flash;DeepSeek;1404;184
a376e4b0-1c7f-4d38-bbed-ffc81e018052;23.05.2026 19:15;api;chat/completions;deepseek/deepseek-v4-flash;DeepSeek;770;133
d4cf9c09-c165-4376-ac7e-29a8b60cdb63;23.05.2026 19:15;api;chat/completions;deepseek/deepseek-v4-flash;DeepSeek;765;102
9c46fea3-7e38-4aa8-89c3-57ab344a3601;23.05.2026 19:15;api;chat/completions;deepseek/deepseek-v4-flash;DeepSeek;1143;99
a9956efe-b954-40bb-9138-bca62858d957;23.05.2026 19:15;api;chat/completions;deepseek/deepseek-v4-flash;DeepSeek;6671;313
869203e0-e0f5-4f6f-bfd5-94db01d97bba;23.05.2026 19:15;api;chat/completions;deepseek/deepseek-v4-flash;DeepSeek;1274;187
1e68f7c3-803d-4b86-abc3-17e9525ff6cf;23.05.2026 19:15;api;chat/completions;deepseek/deepseek-v4-flash;DeepSeek;5180;120
410598ff-2b40-4af7-a2e9-4745a8b3ba9c;23.05.2026 19:15;api;chat/completions;deepseek/deepseek-v4-flash;DeepSeek;6336;373
ec2439a9-69cd-46fe-b261-5c506e23add6;23.05.2026 19:15;api;chat/completions;deepseek/deepseek-v4-flash;DeepSeek;1267;184
2b60d23b-baa2-4349-a6cd-80897a07aa07;23.05.2026 19:15;api;chat/completions;deepseek/deepseek-v4-flash;DeepSeek;239;339
699f66da-62cb-4ed9-8341-cc12f820dbee;23.05.2026 19:15;api;chat/completions;deepseek/deepseek-v4-flash;DeepSeek;1851;817
1fa29e70-4a86-4886-b168-3ffd568e213b;23.05.2026 19:15;api;chat/completions;deepseek/deepseek-v4-flash;DeepSeek;241;389
b8510b4b-d52a-4265-8a20-3b1e73759218;23.05.2026 19:14;api;chat/completions;deepseek/deepseek-v4-flash;DeepSeek;240;466
a132d5ea-ef71-44bb-ac10-043d5bf7a16f;23.05.2026 19:14;api;chat/completions;deepseek/deepseek-v4-flash;DeepSeek;245;536
984f33ac-f558-4585-add4-834a272b59c5;23.05.2026 19:14;api;chat/completions;deepseek/deepseek-v4-flash;DeepSeek;4870;224
8775f2ec-7427-4016-bf71-36ba7348071e;23.05.2026 19:14;api;chat/completions;deepseek/deepseek-v4-flash;DeepSeek;1825;975
a2a9e175-7782-4418-a777-3a7512170f4c;23.05.2026 19:14;api;chat/completions;deepseek/deepseek-v4-flash;DeepSeek;238;439
36d329c3-311b-4d18-8037-0555fe655604;23.05.2026 19:14;api;chat/completions;deepseek/deepseek-v4-flash;DeepSeek;2417;4884
d215fec1-5aa3-431b-a96f-0ed9bc1c25b1;23.05.2026 19:14;api;chat/completions;deepseek/deepseek-v4-flash;DeepSeek;384;643
0e9729dc-1721-4a4b-9bdd-a51f34c6c62e;23.05.2026 19:14;api;chat/completions;deepseek/deepseek-v4-flash;DeepSeek;3352;219
06fa5732-9778-4829-9b47-3cf38bcd05ab;23.05.2026 19:14;api;chat/completions;deepseek/deepseek-v4-flash;DeepSeek;3612;393
a1a6317d-978e-49a5-9c00-b2d0bfc55136;23.05.2026 19:14;api;chat/completions;deepseek/deepseek-v4-flash;DeepSeek;2807;99
f32f40df-a39a-4e77-99f3-8c29f8b6b2d6;23.05.2026 19:14;api;chat/completions;deepseek/deepseek-v4-flash;DeepSeek;2137;89
6abe4767-166f-4c2e-98f2-883b96219974;23.05.2026 19:14;api;chat/completions;deepseek/deepseek-v4-flash;DeepSeek;2033;171
c832cc54-cae4-4f54-b3d0-d2d3971e2368;23.05.2026 19:14;api;chat/completions;deepseek/deepseek-v4-flash;DeepSeek;1498;109
deeb8474-d260-453f-9696-0d0f14b52985;23.05.2026 19:14;api;chat/completions;deepseek/deepseek-v4-flash;DeepSeek;1033;2128
0ad589c3-9cac-43f4-8a15-16910c677a1d;23.05.2026 19:14;api;chat/completions;deepseek/deepseek-v4-flash;DeepSeek;2517;2492
166c84e7-5875-496a-85b1-c35bfbcd4c98;23.05.2026 19:14;api;chat/completions;deepseek/deepseek-v4-flash;DeepSeek;1355;638
f8e1dfe8-53c4-4a5a-a961-95c550fa0e4e;23.05.2026 19:14;api;chat/completions;deepseek/deepseek-v4-flash;DeepSeek;5389;837
9f2af480-d0d2-48fc-bbab-5324ea3823e8;23.05.2026 19:14;api;chat/completions;deepseek/deepseek-v4-flash;DeepSeek;2336;1202
663e1fc8-1d8a-441c-a1ab-aa9151c567d6;23.05.2026 19:14;api;chat/completions;deepseek/deepseek-v4-flash;DeepSeek;3930;228
e31aa4ec-077f-47d7-a441-e39b872def27;23.05.2026 19:14;api;chat/completions;deepseek/deepseek-v4-flash;DeepSeek;1414;384
bb74fe30-9985-4143-9ff9-b7601013fa20;23.05.2026 19:14;api;chat/completions;deepseek/deepseek-v4-flash;DeepSeek;768;109
d8c6ff57-ac40-47c7-a9dc-e7bdafdb8b3d;23.05.2026 19:14;api;chat/completions;deepseek/deepseek-v4-flash;DeepSeek;1137;124
b28dad03-e906-4947-86cb-59e7ea6aa41d;23.05.2026 19:14;api;chat/completions;deepseek/deepseek-v4-flash;DeepSeek;746;162
a18e9a97-6d79-4cbe-9506-f114e505e366;23.05.2026 19:14;api;chat/completions;deepseek/deepseek-v4-flash;DeepSeek;1267;160
8f704c3b-6197-4fd1-baac-10a82add4923;23.05.2026 19:14;api;chat/completions;deepseek/deepseek-v4-flash;DeepSeek;3641;173
9c1181c1-d15f-4d07-a589-938fdd56c316;23.05.2026 19:14;api;chat/completions;deepseek/deepseek-v4-flash;DeepSeek;1265;178
41a57bcf-3c57-4952-91e8-b7ae239ccd9b;23.05.2026 19:13;api;chat/completions;deepseek/deepseek-v4-flash;DeepSeek;3424;195
8031618b-fb2f-4834-80dc-2966a7385543;23.05.2026 19:13;api;chat/completions;deepseek/deepseek-v4-flash;DeepSeek;3233;387
e8e2ad78-adde-43f8-bc53-841d71b3573a;23.05.2026 19:13;api;chat/completions;deepseek/deepseek-v4-flash;DeepSeek;3318;293
3cd7e7fc-f7fc-4a50-a189-cd051a1cce7d;23.05.2026 19:13;api;chat/completions;deepseek/deepseek-v4-flash;DeepSeek;2890;384
fd433ace-70ef-4123-9ce3-a4e045e8e8f0;23.05.2026 19:13;api;chat/completions;deepseek/deepseek-v4-flash;DeepSeek;244;703
9f563b1e-5c69-4945-a711-fbadd645eb89;23.05.2026 19:13;api;chat/completions;deepseek/deepseek-v4-flash;DeepSeek;3015;341
7fb89e09-18ff-4b26-8701-c44918f07065;23.05.2026 19:13;api;chat/completions;deepseek/deepseek-v4-flash;DeepSeek;246;394
80f090c5-51a8-461f-81eb-31136e5adf7e;23.05.2026 19:13;api;chat/completions;deepseek/deepseek-v4-flash;DeepSeek;241;340
aec57b4d-2a12-4095-a29c-43055aa9a50d;23.05.2026 19:13;api;chat/completions;deepseek/deepseek-v4-flash;DeepSeek;2180;105
7cbf4d20-2c92-48a0-8a2b-71b1567dbfbc;23.05.2026 19:13;api;chat/completions;deepseek/deepseek-v4-flash;DeepSeek;241;357
19da3b86-d428-46a8-accc-026dba41dcc8;23.05.2026 19:13;api;chat/completions;deepseek/deepseek-v4-flash;DeepSeek;1448;152
bd8e9073-2dbd-4ea6-b6ae-82c3f531fffa;23.05.2026 19:13;api;chat/completions;deepseek/deepseek-v4-flash;DeepSeek;1508;124
9a1d2cff-1528-45e7-94a0-34ebd3785547;23.05.2026 19:13;api;chat/completions;deepseek/deepseek-v4-flash;DeepSeek;770;118
f5e75ac8-37c0-4283-b5cc-7163230b8432;23.05.2026 19:13;api;chat/completions;deepseek/deepseek-v4-flash;DeepSeek;239;485
fcbe2953-034b-44a0-912c-ae3e3bfe42fc;23.05.2026 19:13;api;chat/completions;deepseek/deepseek-v4-flash;DeepSeek;758;104
dcbdb712-320c-4214-8174-3932b7e70d8a;23.05.2026 19:13;api;chat/completions;deepseek/deepseek-v4-flash;DeepSeek;381;596
aa67e4b9-ffd0-41e4-ab28-bf925b3a9366;23.05.2026 19:13;api;chat/completions;deepseek/deepseek-v4-flash;DeepSeek;2361;4472
2b8a1880-cf32-48a8-856b-603d70c02267;23.05.2026 19:13;api;chat/completions;deepseek/deepseek-v4-flash;DeepSeek;1656;1466
445a186c-0681-4be9-9d83-e03373b4f5af;23.05.2026 19:13;api;chat/completions;deepseek/deepseek-v4-flash;DeepSeek;1489;402
f115201f-15b2-47a9-8df2-d4336e13fdbe;23.05.2026 19:13;api;chat/completions;deepseek/deepseek-v4-flash;DeepSeek;4990;334
66dbc26a-578e-40cd-9313-9dc4d76a4876;23.05.2026 19:13;api;chat/completions;deepseek/deepseek-v4-flash;DeepSeek;4600;1464
23cffa6d-ee1a-44bb-a982-5fc2604e1bcc;23.05.2026 19:13;api;chat/completions;deepseek/deepseek-v4-flash;DeepSeek;4269;307
6bb2fbc1-f36e-422c-a3c8-38f03ed3a225;23.05.2026 19:13;api;chat/completions;deepseek/deepseek-v4-flash;DeepSeek;1360;805
069d5d78-31e3-40a3-b24e-d812c1b9465b;23.05.2026 19:13;api;chat/completions;deepseek/deepseek-v4-flash;DeepSeek;4088;200
fc1d495b-6566-47d1-9caa-e4c5c78d1061;23.05.2026 19:13;api;chat/completions;deepseek/deepseek-v4-flash;DeepSeek;892;607
e0fbfb81-0c75-468c-9d4a-0d383fe39f9f;23.05.2026 19:13;api;chat/completions;deepseek/deepseek-v4-flash;DeepSeek;2441;2493
c7ba0c0d-b315-46d7-ba3f-6ee09bfb1d95;23.05.2026 19:13;api;chat/completions;deepseek/deepseek-v4-flash;DeepSeek;1219;2249
dbad19c5-81c0-411a-83fc-b26b1092eda2;23.05.2026 19:13;api;chat/completions;deepseek/deepseek-v4-flash;DeepSeek;3266;124
a3f78151-6634-4628-970b-ff313fd6a568;23.05.2026 19:12;api;chat/completions;deepseek/deepseek-v4-flash;DeepSeek;2006;838
1588bdca-b884-4d58-a065-5c91185286f7;23.05.2026 19:12;api;chat/completions;deepseek/deepseek-v4-flash;DeepSeek;1721;905
e2d9564d-6c63-4916-a153-405fc69678a9;23.05.2026 19:12;api;chat/completions;deepseek/deepseek-v4-flash;DeepSeek;2833;394
b3662278-29ea-4706-8bbd-ad5a2e0b43eb;23.05.2026 19:12;api;chat/completions;deepseek/deepseek-v4-flash;DeepSeek;894;2066
ca1e390e-7a06-48e4-af4b-1250857dbd1f;23.05.2026 19:12;api;chat/completions;deepseek/deepseek-v4-flash;DeepSeek;1395;1127
d292c587-6371-4b46-85a4-0ef282e57dc3;23.05.2026 19:12;api;chat/completions;deepseek/deepseek-v4-flash;DeepSeek;2112;179
f175ce47-5698-4b88-88c7-86d4ae8ead09;23.05.2026 19:12;api;chat/completions;deepseek/deepseek-v4-flash;DeepSeek;7133;771
077ab39f-bd97-4c26-883f-93c702950155;23.05.2026 19:12;api;chat/completions;deepseek/deepseek-v4-flash;DeepSeek;2205;2391
1388b1d5-66b7-450e-a813-b96176c3fbd5;23.05.2026 19:12;api;chat/completions;deepseek/deepseek-v4-flash;DeepSeek;2467;707
2f6c9995-4d4b-40a9-980b-26e8a549bf33;23.05.2026 19:12;api;chat/completions;deepseek/deepseek-v4-flash;DeepSeek;1442;109
c60fea54-fab8-47a8-a479-bc9abd47378c;23.05.2026 19:12;api;chat/completions;deepseek/deepseek-v4-flash;DeepSeek;5308;468
7c774f0d-d36e-4e27-98d8-7eeac412c4df;23.05.2026 19:12;api;chat/completions;deepseek/deepseek-v4-flash;DeepSeek;727;181
191f9b11-db1e-445d-9a63-ca4fb49703fd;23.05.2026 19:12;api;chat/completions;deepseek/deepseek-v4-flash;DeepSeek;2176;365
418ef3dc-7680-4261-9d1d-f7a7ef38096d;23.05.2026 19:12;api;chat/completions;deepseek/deepseek-v4-flash;DeepSeek;584;254
c7c0963a-5294-4c37-9fce-f53ffd9752ba;23.05.2026 19:12;api;chat/completions;deepseek/deepseek-v4-flash;DeepSeek;767;108
4f097354-e1ca-4308-b05f-09afde933e0e;23.05.2026 19:12;api;chat/completions;deepseek/deepseek-v4-flash;DeepSeek;1383;159
2e6c2165-2969-4b36-a05f-d681af282615;23.05.2026 19:12;api;chat/completions;deepseek/deepseek-v4-flash;DeepSeek;3644;198
28fc3ded-6de3-4d7e-a56b-0acc581dad7f;23.05.2026 19:12;api;chat/completions;deepseek/deepseek-v4-flash;DeepSeek;1386;284
262d6c3b-2701-4567-80f7-0e90eec94b8a;23.05.2026 19:12;api;chat/completions;deepseek/deepseek-v4-flash;DeepSeek;2893;151
a4fbddb7-2b3e-4c3f-8c6c-d6d70dce4804;23.05.2026 19:12;api;chat/completions;deepseek/deepseek-v4-flash;DeepSeek;1421;97
e6610070-1419-4860-ae7f-e91d7fe1b7f8;23.05.2026 19:12;api;chat/completions;deepseek/deepseek-v4-flash;DeepSeek;1393;134
735cf09e-d1af-4b50-bab1-d8aae7684da1;23.05.2026 19:12;api;chat/completions;deepseek/deepseek-v4-flash;DeepSeek;759;102
d6207a09-7d80-464b-82ed-c976174e9fa9;23.05.2026 19:12;api;chat/completions;deepseek/deepseek-v4-flash;DeepSeek;1259;162
0a80787a-389a-4713-a841-8b6cfd58ff23;23.05.2026 19:12;api;chat/completions;deepseek/deepseek-v4-flash;DeepSeek;2130;107
679f7858-e3b5-46f0-a4fe-21b4672ceff5;23.05.2026 19:12;api;chat/completions;deepseek/deepseek-v4-flash;DeepSeek;1262;200
795cf108-34f6-497b-8dc8-3d6c480a7925;23.05.2026 19:12;api;chat/completions;deepseek/deepseek-v4-flash;DeepSeek;1102;2288
26abb870-acf8-44f2-99d9-02657fef9025;23.05.2026 19:12;api;chat/completions;deepseek/deepseek-v4-flash;DeepSeek;1259;203
0631d4d4-49de-4a13-87ff-5a6fa42e8d55;23.05.2026 19:12;api;chat/completions;deepseek/deepseek-v4-flash;DeepSeek;3533;133
d93d8ff2-26be-4e9b-b0e3-97e166a09d4f;23.05.2026 19:12;api;chat/completions;deepseek/deepseek-v4-flash;DeepSeek;3309;199
2550e87e-7e65-45e5-ab71-2c5e6ae1f838;23.05.2026 19:12;api;chat/completions;deepseek/deepseek-v4-flash;DeepSeek;4822;720
646a5f97-801a-44ac-a666-9e03283466fb;23.05.2026 19:12;api;chat/completions;deepseek/deepseek-v4-flash;DeepSeek;1414;102
693eaeab-4ddb-4a19-8719-3e2f6b0f43d4;23.05.2026 19:12;api;chat/completions;deepseek/deepseek-v4-flash;DeepSeek;1285;576
f54aadb1-f11f-4d67-bf65-7b5010b60845;23.05.2026 19:12;api;chat/completions;deepseek/deepseek-v4-flash;DeepSeek;4798;64
075bdbb7-61c0-48df-b7e1-5b215cde74d9;23.05.2026 19:12;api;chat/completions;deepseek/deepseek-v4-flash;DeepSeek;779;110
70803390-e0d2-4463-a188-40b9df2fe5ac;23.05.2026 19:12;api;chat/completions;deepseek/deepseek-v4-flash;DeepSeek;1394;211
9a965872-af57-4642-a54d-1944b02923dc;23.05.2026 19:12;api;chat/completions;deepseek/deepseek-v4-flash;DeepSeek;4109;539
96f2c8d7-dd0a-4bb9-a5eb-372ead3b16c9;23.05.2026 19:11;api;chat/completions;deepseek/deepseek-v4-flash;DeepSeek;4366;88
e3e0d8ac-3e36-4f7f-a0e1-811611fb38ee;23.05.2026 19:11;api;chat/completions;deepseek/deepseek-v4-flash;DeepSeek;242;999
0027a7fe-2849-4369-a234-d134c83827ff;23.05.2026 19:11;api;chat/completions;deepseek/deepseek-v4-flash;DeepSeek;4331;440
deaba6fb-d807-4789-af2a-78a7495de2e0;23.05.2026 19:11;api;chat/completions;deepseek/deepseek-v4-flash;DeepSeek;6082;159
a24f493a-d470-41ba-8bdb-307b3a65c798;23.05.2026 19:11;api;chat/completions;deepseek/deepseek-v4-flash;DeepSeek;3899;361
4081302d-52b8-4088-bed2-152a069913d5;23.05.2026 19:11;api;chat/completions;deepseek/deepseek-v4-flash;DeepSeek;2483;104
bf281bbf-44ee-4009-a048-8c8a4bb9bf2f;23.05.2026 19:11;api;chat/completions;deepseek/deepseek-v4-flash;DeepSeek;244;653
53b5cb0c-5447-414a-b633-ad27b3f2084a;23.05.2026 19:11;api;chat/completions;deepseek/deepseek-v4-flash;DeepSeek;2157;351
d78be0bb-a728-4f56-affa-3e4ea5829e8a;23.05.2026 19:11;api;chat/completions;deepseek/deepseek-v4-flash;DeepSeek;237;259
d6ff8317-6520-45ef-9647-27cecfea69f8;23.05.2026 19:11;api;chat/completions;deepseek/deepseek-v4-flash;DeepSeek;1416;87
34d8fd1c-6347-4b0e-854b-b564c2315fd0;23.05.2026 19:11;api;chat/completions;deepseek/deepseek-v4-flash;DeepSeek;240;416
62be81ee-809f-4b49-9c22-8e9e3ddfc29b;23.05.2026 19:11;api;chat/completions;deepseek/deepseek-v4-flash;DeepSeek;3524;799
2fa5b856-fd16-49d6-8d8e-06b36e3583fc;23.05.2026 19:11;api;chat/completions;deepseek/deepseek-v4-flash;DeepSeek;777;113
98f5e941-9140-4f3e-8668-c8b135d3fe5f;23.05.2026 19:11;api;chat/completions;deepseek/deepseek-v4-flash;DeepSeek;237;343
66ee3925-f745-4873-b341-3efd8e5d7be0;23.05.2026 19:11;api;chat/completions;deepseek/deepseek-v4-flash;DeepSeek;4840;202
5f59d5f3-04b5-4082-9f64-210c929c8101;23.05.2026 19:11;api;chat/completions;deepseek/deepseek-v4-flash;DeepSeek;3114;232
03b963f5-795f-4b89-995a-f54149bd4600;23.05.2026 19:11;api;chat/completions;deepseek/deepseek-v4-flash;DeepSeek;1957;168
92ecc0da-6eb6-485a-ad31-7159e24bc153;23.05.2026 19:11;api;chat/completions;deepseek/deepseek-v4-flash;DeepSeek;1399;258
93333e8b-d126-450b-b9df-4a7406b3aa5e;23.05.2026 19:11;api;chat/completions;deepseek/deepseek-v4-flash;DeepSeek;383;846
8b3be8c0-a353-427a-afcf-096ff7eb2818;23.05.2026 19:11;api;chat/completions;deepseek/deepseek-v4-flash;DeepSeek;1188;83
e1d36d69-d3ef-4e4b-8b86-8c1ac0b1e2cc;23.05.2026 19:11;api;chat/completions;deepseek/deepseek-v4-flash;DeepSeek;3422;160
646c7011-b9cf-40e7-8f87-725cb39b759d;23.05.2026 19:10;api;chat/completions;deepseek/deepseek-v4-flash;DeepSeek;148;394
476da841-ba23-49c7-87dc-b9fafbb16715;23.05.2026 19:10;api;chat/completions;deepseek/deepseek-v4-flash;DeepSeek;3639;3901
31ff3f35-2e11-473d-8071-e14541ebe2a8;23.05.2026 19:10;api;chat/completions;deepseek/deepseek-v4-flash;DeepSeek;3296;2362
d282447c-62ba-4f37-9524-73c03c4c2a8e;23.05.2026 19:10;api;chat/completions;deepseek/deepseek-v4-flash;DeepSeek;2821;294
03c9d837-0fc3-4e3a-a9d9-d26fdd446c05;23.05.2026 19:10;api;chat/completions;deepseek/deepseek-v4-flash;DeepSeek;5725;318
662d6085-839b-4a53-8143-6b2c5598b66b;23.05.2026 19:10;api;chat/completions;deepseek/deepseek-v4-flash;DeepSeek;3306;350
84a1ba86-a0ff-4f6b-b985-fb4c83bef16a;23.05.2026 19:10;api;chat/completions;deepseek/deepseek-v4-flash;DeepSeek;3490;600
85262e25-20fc-4a01-aa58-8d6836ede76d;23.05.2026 19:10;api;chat/completions;deepseek/deepseek-v4-flash;DeepSeek;2134;88
757b14d8-931f-4cf2-bc3d-4befc344bc2e;23.05.2026 19:10;api;chat/completions;deepseek/deepseek-v4-flash;DeepSeek;3012;198
ce750b6f-76e3-4134-a982-0d451eed9bd5;23.05.2026 19:10;api;chat/completions;deepseek/deepseek-v4-flash;DeepSeek;2231;110
63f806ce-df2d-451f-ad2e-91871aca76e2;23.05.2026 19:10;api;chat/completions;deepseek/deepseek-v4-flash;DeepSeek;1377;108
131daa9f-eb52-496c-8afd-262325133a9c;23.05.2026 19:10;api;chat/completions;deepseek/deepseek-v4-flash;DeepSeek;2834;635
024eec24-8497-4d6a-b31e-b7152a7276c4;23.05.2026 19:10;api;chat/completions;deepseek/deepseek-v4-flash;DeepSeek;1880;578
e8406b76-d55f-42d6-b174-b3a5569a6731;23.05.2026 19:10;api;chat/completions;deepseek/deepseek-v4-flash;DeepSeek;2660;2078
0f319733-0993-466f-833f-9021eeebf520;23.05.2026 19:10;api;chat/completions;deepseek/deepseek-v4-flash;DeepSeek;1398;291
8e3517b6-18d7-487d-b897-27a57c00d41b;23.05.2026 19:10;api;chat/completions;deepseek/deepseek-v4-flash;DeepSeek;1137;92
87c583fe-017e-4bfd-a19a-ba238b3880b0;23.05.2026 19:10;api;chat/completions;deepseek/deepseek-v4-flash;DeepSeek;754;99
078f258c-636b-478c-b8ab-38b35b9bdfa7;23.05.2026 19:10;api;chat/completions;deepseek/deepseek-v4-flash;DeepSeek;2287;572
c0a4e584-8dd3-4053-ac55-664073db7621;23.05.2026 19:10;api;chat/completions;deepseek/deepseek-v4-flash;DeepSeek;3208;1866
bc6739aa-01bb-420d-b0ad-3ed9ea84174e;23.05.2026 19:10;api;chat/completions;deepseek/deepseek-v4-flash;DeepSeek;1275;211
fec22f8d-ef6a-4e8f-bca0-abb0c164396c;23.05.2026 19:10;api;chat/completions;deepseek/deepseek-v4-flash;DeepSeek;1259;159
e5b371be-1681-4742-907b-e2ac44142803;23.05.2026 19:10;api;chat/completions;deepseek/deepseek-v4-flash;DeepSeek;1919;446
959d6d21-2589-405f-8a1a-c1f659b28d59;23.05.2026 19:10;api;chat/completions;deepseek/deepseek-v4-flash;DeepSeek;2554;1285
aa1cf7c9-84c3-4bb3-aabc-4d6917d91322;23.05.2026 19:10;api;chat/completions;deepseek/deepseek-v4-flash;DeepSeek;1437;179
9ddeff9d-a5e8-471d-9c73-2d045935377f;23.05.2026 19:10;api;chat/completions;deepseek/deepseek-v4-flash;DeepSeek;238;509
9a06b8a2-3baf-41fe-9cf2-7cea6f80f48b;23.05.2026 19:10;api;chat/completions;deepseek/deepseek-v4-flash;DeepSeek;1160;164
f9eea571-5558-472b-b724-b606194ac6ab;23.05.2026 19:10;api;chat/completions;deepseek/deepseek-v4-flash;DeepSeek;241;305
577ca1fe-f1aa-485b-b723-4c065cb1f439;23.05.2026 19:10;api;chat/completions;deepseek/deepseek-v4-flash;DeepSeek;248;328
6f208eab-427d-43dc-b807-a73fb4b27ed6;23.05.2026 19:10;api;chat/completions;deepseek/deepseek-v4-flash;DeepSeek;4049;101
c70ec6a4-cc42-401f-aeea-2cea0cf5deda;23.05.2026 19:10;api;chat/completions;deepseek/deepseek-v4-flash;DeepSeek;5578;907
cc793ac3-5f24-4cd0-842d-7e9e5339facb;23.05.2026 19:10;api;chat/completions;deepseek/deepseek-v4-flash;DeepSeek;249;390
01563218-235a-47ea-9fe8-720f297324ce;23.05.2026 19:10;api;chat/completions;deepseek/deepseek-v4-flash;DeepSeek;233;293
988d6faf-184c-4055-a0be-3cbeb8798aff;23.05.2026 19:10;api;chat/completions;deepseek/deepseek-v4-flash;DeepSeek;2382;1574
5e7184a9-7af4-4d5b-b18f-66da68c90ccf;23.05.2026 19:10;api;chat/completions;deepseek/deepseek-v4-flash;DeepSeek;3285;104
db3b21bc-4da4-43fa-935e-20a2e5f01025;23.05.2026 19:10;api;chat/completions;deepseek/deepseek-v4-flash;DeepSeek;381;574
9f5e8aff-c018-43dd-978a-e1d0c29a5da4;23.05.2026 19:09;api;chat/completions;deepseek/deepseek-v4-flash;DeepSeek;3432;3105
db04063e-0429-452e-a5b1-0ad53815598f;23.05.2026 19:09;api;chat/completions;deepseek/deepseek-v4-flash;DeepSeek;2593;109
8a8067b5-cc2c-4d40-bab5-f76255b5b03b;23.05.2026 19:09;api;chat/completions;deepseek/deepseek-v4-flash;DeepSeek;1357;3261
903ef8bd-0906-4862-97db-4f8615a30df1;23.05.2026 19:09;api;chat/completions;deepseek/deepseek-v4-flash;DeepSeek;4986;673
37056d0e-b770-4ce1-b88b-3f6198ff0c6b;23.05.2026 19:09;api;chat/completions;deepseek/deepseek-v4-flash;DeepSeek;1582;200
31642ec4-8f21-44e6-a7ee-1eb208d0069e;23.05.2026 19:09;api;chat/completions;deepseek/deepseek-v4-flash;DeepSeek;3022;516
233973be-eab9-4b8c-9518-cdef5bef256b;23.05.2026 19:09;api;chat/completions;deepseek/deepseek-v4-flash;DeepSeek;1661;2627
5b5d925d-4ccf-4185-bd52-6afd1cc3a957;23.05.2026 19:09;api;chat/completions;deepseek/deepseek-v4-flash;DeepSeek;2501;2488
ff03ecbc-b209-448a-b48f-ef9ca5df6648;23.05.2026 19:09;api;chat/completions;deepseek/deepseek-v4-flash;DeepSeek;4664;405
c48d31c5-2fe9-434d-9d50-10ed93984797;23.05.2026 19:09;api;chat/completions;deepseek/deepseek-v4-flash;DeepSeek;2121;100
2120937d-9312-4d96-a9da-5f955eb6d7d4;23.05.2026 19:09;api;chat/completions;deepseek/deepseek-v4-flash;DeepSeek;2780;331
1a615fe7-381f-4faf-8433-e330a039aa3c;23.05.2026 19:09;api;chat/completions;deepseek/deepseek-v4-flash;DeepSeek;1439;108
3f592e31-3b43-4eda-8df6-743f6c8c2950;23.05.2026 19:09;api;chat/completions;deepseek/deepseek-v4-flash;DeepSeek;1508;596
6857ae56-f80c-4641-b206-dca5ddb8463c;23.05.2026 19:09;api;chat/completions;deepseek/deepseek-v4-flash;DeepSeek;2082;162
66d16376-41d0-4b50-a421-f41a442ba251;23.05.2026 19:09;api;chat/completions;deepseek/deepseek-v4-flash;DeepSeek;2912;885
c54e1ff1-60a4-4989-899e-187919062f3a;23.05.2026 19:09;api;chat/completions;deepseek/deepseek-v4-flash;DeepSeek;1465;337
76e3bbac-46e4-4e49-baff-8632341d015f;23.05.2026 19:09;api;chat/completions;deepseek/deepseek-v4-flash;DeepSeek;1204;69
7febf9a5-a795-4e04-bacb-bce389520ad9;23.05.2026 19:09;api;chat/completions;deepseek/deepseek-v4-flash;DeepSeek;779;124
6bef56a8-88b4-4a00-972f-953a1615b778;23.05.2026 19:09;api;chat/completions;deepseek/deepseek-v4-flash;DeepSeek;1439;451
4f38edba-481b-4e1a-90f2-142a556da064;23.05.2026 19:09;api;chat/completions;deepseek/deepseek-v4-flash;DeepSeek;2319;1689
4f994e56-77fa-417b-90f8-f2453e70c821;23.05.2026 19:09;api;chat/completions;deepseek/deepseek-v4-flash;DeepSeek;2762;1301
c01521cc-1c1a-42d8-b3b9-a1c38e508926;23.05.2026 19:09;api;chat/completions;deepseek/deepseek-v4-flash;DeepSeek;1282;424
b5df620b-29c2-49b4-8525-c4e8c14a8e45;23.05.2026 19:09;api;chat/completions;deepseek/deepseek-v4-flash;DeepSeek;4150;490
28045396-cdcc-493e-9d69-c4a0ab33c8c0;23.05.2026 19:09;api;chat/completions;deepseek/deepseek-v4-flash;DeepSeek;5487;257
ffe35a94-d207-4ddc-8cbd-ade9b460bf37;23.05.2026 19:09;api;chat/completions;deepseek/deepseek-v4-flash;DeepSeek;1316;673
48782381-9615-4582-81d2-9aba49616fcb;23.05.2026 19:09;api;chat/completions;deepseek/deepseek-v4-flash;DeepSeek;4025;201
29a9e14d-6d77-41b7-891a-ae734f1b75ea;23.05.2026 19:09;api;chat/completions;deepseek/deepseek-v4-flash;DeepSeek;3752;339
0ab086a8-5291-4587-b40d-36b119dcecd5;23.05.2026 19:09;api;chat/completions;deepseek/deepseek-v4-flash;DeepSeek;1991;908
d7ee5517-4f4c-4b46-8f68-ef062e7a8526;23.05.2026 19:08;api;chat/completions;deepseek/deepseek-v4-flash;DeepSeek;4418;286
cc4e868e-f3d0-4a0c-bf9b-ecf2de513ff2;23.05.2026 19:08;api;chat/completions;deepseek/deepseek-v4-flash;DeepSeek;894;861
1e89e669-b9d0-45b4-8921-85d8f85cb9d8;23.05.2026 19:08;api;chat/completions;deepseek/deepseek-v4-flash;DeepSeek;918;2471
5e91522e-79dd-4f40-a80b-44cf900bfa85;23.05.2026 19:08;api;chat/completions;deepseek/deepseek-v4-flash;DeepSeek;4208;153
7d0f567c-3532-44a1-9e62-d341a32fe90a;23.05.2026 19:08;api;chat/completions;deepseek/deepseek-v4-flash;DeepSeek;4359;429
b0bb226a-d4f8-4e4c-b693-4770560f1038;23.05.2026 19:08;api;chat/completions;deepseek/deepseek-v4-flash;DeepSeek;3731;105
ebc2fcaa-eaba-48b0-8594-67739c462a6b;23.05.2026 19:08;api;chat/completions;deepseek/deepseek-v4-flash;DeepSeek;2286;530
e5fb5f41-efd1-4cb7-a9a2-58761edefdba;23.05.2026 19:08;api;chat/completions;deepseek/deepseek-v4-flash;DeepSeek;1167;1044
5710ce2b-414a-48b7-87dd-f7540a819beb;23.05.2026 19:08;api;chat/completions;deepseek/deepseek-v4-flash;DeepSeek;1117;2555
24db7812-28c3-4e5d-8b51-4cd124628ee5;23.05.2026 19:08;api;chat/completions;deepseek/deepseek-v4-flash;DeepSeek;3570;401
39f189b1-ba68-4ff0-9de1-e4866ce3d1ba;23.05.2026 19:08;api;chat/completions;deepseek/deepseek-v4-flash;DeepSeek;2393;436
7423d866-31ad-4c78-b76e-c22a70f45b9e;23.05.2026 19:08;api;chat/completions;deepseek/deepseek-v4-flash;DeepSeek;2960;170
51b11f71-4d4a-48cb-aa75-738144ba06ed;23.05.2026 19:08;api;chat/completions;deepseek/deepseek-v4-flash;DeepSeek;3501;333
3b91c5ab-1a72-462e-a74b-5c43254f4258;23.05.2026 19:08;api;chat/completions;deepseek/deepseek-v4-flash;DeepSeek;1586;108
172ab7e9-3384-4eb6-86d0-14f1d2e7720e;23.05.2026 19:08;api;chat/completions;deepseek/deepseek-v4-flash;DeepSeek;2186;89
6642d37c-62a0-4e0a-8062-289caa8f79c5;23.05.2026 19:08;api;chat/completions;deepseek/deepseek-v4-flash;DeepSeek;2333;259
91015edd-467e-4f2b-a2ce-4ea0e822c1bc;23.05.2026 19:08;api;chat/completions;deepseek/deepseek-v4-flash;DeepSeek;755;111
6b8508df-d058-45c8-8ec8-b0f0e162471a;23.05.2026 19:08;api;chat/completions;deepseek/deepseek-v4-flash;DeepSeek;651;830
c23c050c-c286-4187-a98b-246a23b6f463;23.05.2026 19:08;api;chat/completions;deepseek/deepseek-v4-flash;DeepSeek;1434;793
2872c663-6776-4977-a26c-5c7c0834a754;23.05.2026 19:08;api;chat/completions;deepseek/deepseek-v4-flash;DeepSeek;758;154
cb6d1863-86ca-4f25-afa7-1b3e27e2b17e;23.05.2026 19:08;api;chat/completions;deepseek/deepseek-v4-flash;DeepSeek;1476;112
5ede3bee-1724-4a6c-93ec-74f094ffb19f;23.05.2026 19:08;api;chat/completions;deepseek/deepseek-v4-flash;DeepSeek;1428;347
0d3c4f93-aa63-47fe-b396-325908dbee68;23.05.2026 19:08;api;chat/completions;deepseek/deepseek-v4-flash;DeepSeek;1263;164
76841a34-0035-4413-9fa9-5f8194ee95c7;23.05.2026 19:08;api;chat/completions;deepseek/deepseek-v4-flash;DeepSeek;783;119
94341a25-8511-408c-9bf6-580b4d2f5eea;23.05.2026 19:08;api;chat/completions;deepseek/deepseek-v4-flash;DeepSeek;1151;94
3de08fc4-a601-48bb-b1b0-f226f100e0cf;23.05.2026 19:08;api;chat/completions;deepseek/deepseek-v4-flash;DeepSeek;614;212
e2eca0c0-e5a4-45e2-a702-86a7ecf9bbc7;23.05.2026 19:08;api;chat/completions;deepseek/deepseek-v4-flash;DeepSeek;1267;338
f9b22550-55b0-4810-9249-c1bc9e79d6ec;23.05.2026 19:08;api;chat/completions;deepseek/deepseek-v4-flash;DeepSeek;1270;180
678cd981-ea66-4cb9-912b-33f04f045467;23.05.2026 19:08;api;chat/completions;deepseek/deepseek-v4-flash;DeepSeek;1030;321
725f32da-c02f-4533-b927-6977e3e6d4d3;23.05.2026 19:08;api;chat/completions;deepseek/deepseek-v4-flash;DeepSeek;1268;188
4cd3fdb0-feb4-45c8-83ec-dbc693ddc265;23.05.2026 19:08;api;chat/completions;deepseek/deepseek-v4-flash;DeepSeek;1262;255
ec2f7631-a013-4927-9926-e007b89e49b1;23.05.2026 19:08;api;chat/completions;deepseek/deepseek-v4-flash;DeepSeek;262;566
a5520159-391b-41fd-af5a-6f29e05d4f84;23.05.2026 19:08;api;chat/completions;deepseek/deepseek-v4-flash;DeepSeek;259;611
4a9d6d3a-dd1b-4640-bba1-9c4dd255451e;23.05.2026 19:08;api;chat/completions;deepseek/deepseek-v4-flash;DeepSeek;474;759
c616680e-a550-4546-8694-7910730bc938;23.05.2026 19:08;api;chat/completions;deepseek/deepseek-v4-flash;DeepSeek;7522;220
e2411c79-631a-482d-9ba0-f7bde54e1e34;23.05.2026 19:08;api;chat/completions;deepseek/deepseek-v4-flash;DeepSeek;873;991
8f69b173-a615-4a94-aaab-c6ca3de0a6c9;23.05.2026 19:08;api;chat/completions;deepseek/deepseek-v4-flash;DeepSeek;254;452
ff0ae998-c58b-4161-ad03-541372291b93;23.05.2026 19:08;api;chat/completions;deepseek/deepseek-v4-flash;DeepSeek;4533;361
7f4d8ade-2a36-4210-bfae-9278b1b20781;23.05.2026 19:08;api;chat/completions;deepseek/deepseek-v4-flash;DeepSeek;248;761
6f85738c-cc61-42cf-934c-74076bafcce9;23.05.2026 19:08;api;chat/completions;deepseek/deepseek-v4-flash;DeepSeek;3635;95
542c2550-adb8-4fa6-abdb-0555b9bb61a6;23.05.2026 19:08;api;chat/completions;deepseek/deepseek-v4-flash;DeepSeek;252;459
0a1ef99b-b686-45fc-8881-f5e08ab4243d;23.05.2026 19:08;api;chat/completions;deepseek/deepseek-v4-flash;DeepSeek;252;497
e322647c-1796-4ce0-82cd-999cf49ca94a;23.05.2026 19:08;api;chat/completions;deepseek/deepseek-v4-flash;DeepSeek;6038;177
0f54c222-1d9f-4119-b468-fa4c2506bec2;23.05.2026 19:08;api;chat/completions;deepseek/deepseek-v4-flash;DeepSeek;247;301
7167a719-b3ce-4d99-9cf8-26b9714b4b6a;23.05.2026 19:08;api;chat/completions;deepseek/deepseek-v4-flash;DeepSeek;240;653
535b7306-17c6-4397-8987-e0ab3d41a280;23.05.2026 19:08;api;chat/completions;deepseek/deepseek-v4-flash;DeepSeek;2956;101
231c191f-db6f-44e3-b039-3838fdc59e83;23.05.2026 19:08;api;chat/completions;deepseek/deepseek-v4-flash;DeepSeek;2246;96
5f8ce617-e399-434c-98bc-1bd4d6d89d8e;23.05.2026 19:08;api;chat/completions;deepseek/deepseek-v4-flash;DeepSeek;381;709
736b2e6d-fe7e-451a-957a-a46104f915de;23.05.2026 19:08;api;chat/completions;deepseek/deepseek-v4-flash;DeepSeek;771;151
acb490bf-a3e4-406a-bf87-a6f4a14f3183;23.05.2026 19:08;api;chat/completions;deepseek/deepseek-v4-flash;DeepSeek;382;585
79147d5d-c508-4c35-84be-f62f3a6c4621;23.05.2026 19:08;api;chat/completions;deepseek/deepseek-v4-flash;DeepSeek;1523;102
968d37d3-332d-487b-a720-57746d9eedde;23.05.2026 19:07;api;chat/completions;deepseek/deepseek-v4-flash;DeepSeek;3199;887
a2767006-540e-4ac3-8a02-e8656324e363;23.05.2026 19:07;api;chat/completions;deepseek/deepseek-v4-flash;DeepSeek;613;278
c74384a8-d52b-43e3-abc7-adbedf871a2e;23.05.2026 19:07;api;chat/completions;deepseek/deepseek-v4-flash;DeepSeek;777;126
4596ac23-b1d9-48dd-b832-72b0a49a896f;23.05.2026 19:07;api;chat/completions;deepseek/deepseek-v4-flash;DeepSeek;1385;218
d4aa70dd-fcd9-4b29-a473-149d633ee08b;23.05.2026 19:07;api;chat/completions;deepseek/deepseek-v4-flash;DeepSeek;5191;279
249441de-eab7-407f-888c-ac3ec53dcaa0;23.05.2026 19:07;api;chat/completions;deepseek/deepseek-v4-flash;DeepSeek;1528;682
717ac3d2-c85b-4a3e-a4a2-60258803f388;23.05.2026 19:07;api;chat/completions;deepseek/deepseek-v4-flash;DeepSeek;1642;1012
b9874c04-882d-43f8-a388-fa821832295e;23.05.2026 19:07;api;chat/completions;deepseek/deepseek-v4-flash;DeepSeek;2787;2494
789ed534-372f-40dd-a129-328c9f443732;23.05.2026 19:07;api;chat/completions;deepseek/deepseek-v4-flash;DeepSeek;1171;627
e64e4b78-1d3d-4039-bf90-a9e7499679f0;23.05.2026 19:07;api;chat/completions;deepseek/deepseek-v4-flash;DeepSeek;3196;3148
d73d8d7d-1de0-4250-890e-098448e47fea;23.05.2026 19:07;api;chat/completions;deepseek/deepseek-v4-flash;DeepSeek;3808;173
32d5ff17-fefd-4011-9cc3-a9ea9de962f1;23.05.2026 19:07;api;chat/completions;deepseek/deepseek-v4-flash;DeepSeek;997;614
4bece77c-5c7e-484d-a6e8-f1a8050694a2;23.05.2026 19:07;api;chat/completions;deepseek/deepseek-v4-flash;DeepSeek;2325;189
eef2984a-e2b4-45a4-bac7-65e3b4c628c5;23.05.2026 19:07;api;chat/completions;deepseek/deepseek-v4-flash;DeepSeek;4393;520
7e7062b2-1c5f-47bc-b26d-226ab797b5b1;23.05.2026 19:07;api;chat/completions;deepseek/deepseek-v4-flash;DeepSeek;1379;387
c1016341-aa57-4e2a-9dba-5bbe567fbe62;23.05.2026 19:07;api;chat/completions;deepseek/deepseek-v4-flash;DeepSeek;4933;1501
9d53eff7-ee0e-487f-a5e6-d397b63b414a;23.05.2026 19:07;api;chat/completions;deepseek/deepseek-v4-flash;DeepSeek;791;412
faa8a72e-e7ef-4894-9183-1933c4ff44d7;23.05.2026 19:07;api;chat/completions;deepseek/deepseek-v4-flash;DeepSeek;4810;406
69a1ec73-ad3a-4f60-983e-473d84359c19;23.05.2026 19:07;api;chat/completions;deepseek/deepseek-v4-flash;DeepSeek;810;230
5467b128-4b97-44b3-8978-22b7cfbdd45a;23.05.2026 19:07;api;chat/completions;deepseek/deepseek-v4-flash;DeepSeek;627;354
a9dc8c58-e058-4580-8937-c69babe68b44;23.05.2026 19:07;api;chat/completions;deepseek/deepseek-v4-flash;DeepSeek;1222;1709
a0dc78e2-62d3-4a73-a01f-3f343104eaa1;23.05.2026 19:07;api;chat/completions;deepseek/deepseek-v4-flash;DeepSeek;3022;3030
b84befc8-8a39-419b-a6bf-6d3d2dcdb046;23.05.2026 19:06;api;chat/completions;deepseek/deepseek-v4-flash;DeepSeek;1304;670
6abd135b-8fcb-4537-ba03-be3f328742cc;23.05.2026 19:06;api;chat/completions;deepseek/deepseek-v4-flash;DeepSeek;1279;273
11979969-79f9-4cdb-aae6-7b78e5033b27;23.05.2026 19:06;api;chat/completions;deepseek/deepseek-v4-flash;DeepSeek;2602;4534
1afe6c47-6033-4d02-831b-ec0848285b6b;23.05.2026 19:06;api;chat/completions;deepseek/deepseek-v4-flash;DeepSeek;1307;270
c586dc71-4e7e-496a-83c4-a1792dae1c46;23.05.2026 19:06;api;chat/completions;deepseek/deepseek-v4-flash;DeepSeek;5410;398
34fa64ec-3b60-45f3-896a-370d94005242;23.05.2026 19:06;api;chat/completions;deepseek/deepseek-v4-flash;DeepSeek;1286;865
00ba27d3-f29f-481a-a0fe-1082c0bb88c0;23.05.2026 19:06;api;chat/completions;deepseek/deepseek-v4-flash;DeepSeek;4654;377
368b6c70-d34a-4f00-9a60-1953c2fa4f26;23.05.2026 19:06;api;chat/completions;deepseek/deepseek-v4-flash;DeepSeek;4911;564
72cb9b0f-51db-4846-9722-313c16d4f91a;23.05.2026 19:06;api;chat/completions;deepseek/deepseek-v4-flash;DeepSeek;5866;188
a83eab46-321f-497c-abbf-83cc4b6d8dba;23.05.2026 19:06;api;chat/completions;deepseek/deepseek-v4-flash;DeepSeek;4451;389
fd710fdd-2cba-48d9-bca6-aa1650757bf6;23.05.2026 19:06;api;chat/completions;deepseek/deepseek-v4-flash;DeepSeek;4517;482
a5ade281-74b6-485a-aa06-2f723962e703;23.05.2026 19:06;api;chat/completions;deepseek/deepseek-v4-flash;DeepSeek;1053;399
f4dd37ba-e227-4c1b-b295-d8c0dfd3c5af;23.05.2026 19:06;api;chat/completions;deepseek/deepseek-v4-flash;DeepSeek;4004;446
eee8065b-166c-4df5-8941-cd7dc6c4431a;23.05.2026 19:06;api;chat/completions;deepseek/deepseek-v4-flash;DeepSeek;3256;275
a8bac2fe-6f28-4095-a86a-b8959846b226;23.05.2026 19:06;api;chat/completions;deepseek/deepseek-v4-flash;DeepSeek;1347;2425
62f44955-f134-4f0a-936b-4f096305d9e4;23.05.2026 19:06;api;chat/completions;deepseek/deepseek-v4-flash;DeepSeek;2743;359
81dbda85-f634-466e-a32a-45efcb1b7200;23.05.2026 19:06;api;chat/completions;deepseek/deepseek-v4-flash;DeepSeek;3573;464
8eebe014-a404-4418-9d94-ccb6b7965050;23.05.2026 19:06;api;chat/completions;deepseek/deepseek-v4-flash;DeepSeek;1454;339
33dfb15e-82da-4ed9-b540-3f2b10baf7eb;23.05.2026 19:06;api;chat/completions;deepseek/deepseek-v4-flash;DeepSeek;1177;109
af45909a-1d3c-4069-b390-636f1bb7ba21;23.05.2026 19:06;api;chat/completions;deepseek/deepseek-v4-flash;DeepSeek;1150;2690
cfe6764a-b19a-465e-ad1a-87dedcf0f847;23.05.2026 19:06;api;chat/completions;deepseek/deepseek-v4-flash;DeepSeek;4542;186
d8b8f997-df54-40df-9e6c-289e807f7ca8;23.05.2026 19:06;api;chat/completions;deepseek/deepseek-v4-flash;DeepSeek;3918;401
c169240a-b86d-4282-b8f4-8a8034f01687;23.05.2026 19:06;api;chat/completions;deepseek/deepseek-v4-flash;DeepSeek;2969;564
27c27cc0-8580-43db-9246-86a3650ad491;23.05.2026 19:06;api;chat/completions;deepseek/deepseek-v4-flash;DeepSeek;3807;553
ee601d94-310b-45bf-ae5a-df1b506642b7;23.05.2026 19:06;api;chat/completions;deepseek/deepseek-v4-flash;DeepSeek;591;1646
fd321938-c0ac-4ba8-9150-3ae43dccb5f5;23.05.2026 19:06;api;chat/completions;deepseek/deepseek-v4-flash;DeepSeek;2509;436
3f06cb4a-5dda-4b2d-8781-cc402967e6c1;23.05.2026 19:06;api;chat/completions;deepseek/deepseek-v4-flash;DeepSeek;2345;211
5173c85d-fb80-4863-9656-35795da2e37c;23.05.2026 19:06;api;chat/completions;deepseek/deepseek-v4-flash;DeepSeek;924;665
8b694f52-2dc7-4592-b50e-8a9d052106f0;23.05.2026 19:05;api;chat/completions;deepseek/deepseek-v4-flash;DeepSeek;1512;348
2ea581b3-4e63-4a9f-bf26-e83db5a15e59;23.05.2026 19:05;api;chat/completions;deepseek/deepseek-v4-flash;DeepSeek;3792;1092
5baad13c-9650-4d0b-84ab-2d9ba4999ba9;23.05.2026 19:05;api;chat/completions;deepseek/deepseek-v4-flash;DeepSeek;767;278
e7db7d59-4ea0-475f-8868-cd3de95766d8;23.05.2026 19:05;api;chat/completions;deepseek/deepseek-v4-flash;DeepSeek;1714;1487
23e35769-a9dd-4ea6-9a4f-3eb9f7caf8a0;23.05.2026 19:05;api;chat/completions;deepseek/deepseek-v4-flash;DeepSeek;1442;132
9efd0040-7434-4985-aee2-c51055949fec;23.05.2026 19:05;api;chat/completions;deepseek/deepseek-v4-flash;DeepSeek;1181;107
0d79ab85-3c6b-4ab5-9191-565a57b826fb;23.05.2026 19:05;api;chat/completions;deepseek/deepseek-v4-flash;DeepSeek;609;230
e3543faf-00b9-415c-a4f0-9ad8ff2a51d9;23.05.2026 19:05;api;chat/completions;deepseek/deepseek-v4-flash;DeepSeek;3166;213
ce212573-bec7-4fe9-9148-570b826227b4;23.05.2026 19:05;api;chat/completions;deepseek/deepseek-v4-flash;DeepSeek;3350;398
cfe0f374-17ed-441f-b071-c505b09f621f;23.05.2026 19:05;api;chat/completions;deepseek/deepseek-v4-flash;DeepSeek;1263;188
86f47552-aa4b-470a-9ff7-988fc95426ed;23.05.2026 19:05;api;chat/completions;deepseek/deepseek-v4-flash;DeepSeek;249;376
f1a5057d-18a3-4f4c-9efa-77113a2586ec;23.05.2026 19:05;api;chat/completions;deepseek/deepseek-v4-flash;DeepSeek;3175;1095
6b68952c-6660-4d00-9377-c6f9375d7d53;23.05.2026 19:05;api;chat/completions;deepseek/deepseek-v4-flash;DeepSeek;2719;374
4082e1e5-01ca-4cca-a4cf-5f44b31ea555;23.05.2026 19:05;api;chat/completions;deepseek/deepseek-v4-flash;DeepSeek;262;664
00432942-efd9-41b8-9197-156f23a683d9;23.05.2026 19:05;api;chat/completions;deepseek/deepseek-v4-flash;DeepSeek;865;2308
79be3f28-f4b1-4b6b-b4cf-0f4d5e0a3194;23.05.2026 19:05;api;chat/completions;deepseek/deepseek-v4-flash;DeepSeek;4264;508
96b36652-cac2-4673-ac86-c24a43e85c75;23.05.2026 19:05;api;chat/completions;deepseek/deepseek-v4-flash;DeepSeek;2209;267
8304b037-baa9-4f3e-9ff9-421763cfd97a;23.05.2026 19:05;api;chat/completions;deepseek/deepseek-v4-flash;DeepSeek;3972;236
76506809-36b9-4d96-9b2f-6e53021dde87;23.05.2026 19:05;api;chat/completions;deepseek/deepseek-v4-flash;DeepSeek;245;834
7f5966ab-3354-48b4-9241-f45389a529c1;23.05.2026 19:05;api;chat/completions;deepseek/deepseek-v4-flash;DeepSeek;7608;195
139cc4c3-781b-4422-8db3-72966d906da8;23.05.2026 19:05;api;chat/completions;deepseek/deepseek-v4-flash;DeepSeek;2488;599
9bedb985-007f-4954-8e52-c653c1eda129;23.05.2026 19:05;api;chat/completions;deepseek/deepseek-v4-flash;DeepSeek;1418;103
3f7b9eb9-cc6a-441c-a79a-c5142642f7b9;23.05.2026 19:05;api;chat/completions;deepseek/deepseek-v4-flash;DeepSeek;3562;450
b4784572-143b-48b8-bce3-8d1a2ad8c898;23.05.2026 19:05;api;chat/completions;deepseek/deepseek-v4-flash;DeepSeek;2474;2066
467abfc6-c2fb-463c-84df-4448fc188a43;23.05.2026 19:05;api;chat/completions;deepseek/deepseek-v4-flash;DeepSeek;2418;327
b8ed31bb-eee7-4e56-853e-0b36dbc6f670;23.05.2026 19:05;api;chat/completions;deepseek/deepseek-v4-flash;DeepSeek;777;113
a524414e-1490-4309-9412-e90d16877d39;23.05.2026 19:05;api;chat/completions;deepseek/deepseek-v4-flash;DeepSeek;253;656
21c00bc4-28b2-436e-8b98-9bf4e15437e4;23.05.2026 19:05;api;chat/completions;deepseek/deepseek-v4-flash;DeepSeek;3152;356
7b626ecd-0390-45e9-8710-e294891622e9;23.05.2026 19:05;api;chat/completions;deepseek/deepseek-v4-flash;DeepSeek;1977;306
e3206f68-f920-46b8-bd27-3f51341c88a9;23.05.2026 19:05;api;chat/completions;deepseek/deepseek-v4-flash;DeepSeek;7851;163
06009c19-5078-4f4e-9341-832d74a238b9;23.05.2026 19:05;api;chat/completions;deepseek/deepseek-v4-flash;DeepSeek;768;3286
a4a9516b-e1fd-448b-b68a-9b88b9eb79ee;23.05.2026 19:05;api;chat/completions;deepseek/deepseek-v4-flash;DeepSeek;1495;190
0df0a938-7f76-4db4-8406-7c109969e08f;23.05.2026 19:05;api;chat/completions;deepseek/deepseek-v4-flash;DeepSeek;2800;253
6a6777d9-6c94-42b0-baf5-faac353e5fb0;23.05.2026 19:05;api;chat/completions;deepseek/deepseek-v4-flash;DeepSeek;6093;561
f0b48ef1-2d7c-4e37-88c9-d7574dab13eb;23.05.2026 19:05;api;chat/completions;deepseek/deepseek-v4-flash;DeepSeek;1147;141
354ce6c4-715c-4578-ba0d-8cb873f896dc;23.05.2026 19:05;api;chat/completions;deepseek/deepseek-v4-flash;DeepSeek;611;174
cc1c9c89-6bd6-4a29-be47-c33ae8ac1d85;23.05.2026 19:05;api;chat/completions;deepseek/deepseek-v4-flash;DeepSeek;1919;222
1fc67eb6-508a-40fd-ac17-2590e446eb26;23.05.2026 19:05;api;chat/completions;deepseek/deepseek-v4-flash;DeepSeek;5706;452
c0c3cb30-2854-4bcf-8ab6-a7d71e9a08ce;23.05.2026 19:05;api;chat/completions;deepseek/deepseek-v4-flash;DeepSeek;682;215
9aec5b9d-fefe-42b1-8265-eddd2209a503;23.05.2026 19:05;api;chat/completions;deepseek/deepseek-v4-flash;DeepSeek;1457;227
6cb933b7-f4a0-4fda-93e1-d0835b920ff9;23.05.2026 19:05;api;chat/completions;deepseek/deepseek-v4-flash;DeepSeek;1266;412
d83d138c-71d4-476e-94d1-2f9f11a10496;23.05.2026 19:05;api;chat/completions;deepseek/deepseek-v4-flash;DeepSeek;1180;184
e918e1d7-ea6c-4540-b177-1d65acc18ab9;23.05.2026 19:05;api;chat/completions;deepseek/deepseek-v4-flash;DeepSeek;572;197
e756bd99-22bc-4ed3-b5c4-b01c31b4f296;23.05.2026 19:05;api;chat/completions;deepseek/deepseek-v4-flash;DeepSeek;1258;175
c8d03bb9-a47d-485c-b649-f80ca2e28700;23.05.2026 19:05;api;chat/completions;deepseek/deepseek-v4-flash;DeepSeek;384;1573
3adba5f0-1eaf-4654-8327-7d0510bd2153;23.05.2026 19:05;api;chat/completions;deepseek/deepseek-v4-flash;DeepSeek;6419;181
5711c6c2-65cf-4895-94da-0315a1580332;23.05.2026 19:05;api;chat/completions;deepseek/deepseek-v4-flash;DeepSeek;242;391
db75bf71-66cc-4968-a2ea-04c7e90ff4b7;23.05.2026 19:05;api;chat/completions;deepseek/deepseek-v4-flash;DeepSeek;1299;530
3d65b2a4-776a-442a-abc4-5054871f3601;23.05.2026 19:05;api;chat/completions;deepseek/deepseek-v4-flash;DeepSeek;3490;236
d18d9b2c-0896-4530-a26a-ce7bb45a5648;23.05.2026 19:05;api;chat/completions;deepseek/deepseek-v4-flash;DeepSeek;251;510
35a58516-28bb-4a5b-a53f-3dff825572d4;23.05.2026 19:04;api;chat/completions;deepseek/deepseek-v4-flash;DeepSeek;1294;306
4fa286af-4156-4d8c-81fb-299f79d9b197;23.05.2026 19:04;api;chat/completions;deepseek/deepseek-v4-flash;DeepSeek;2318;508
26a96d40-efbb-4c1b-b55a-25c33656457c;23.05.2026 19:04;api;chat/completions;deepseek/deepseek-v4-flash;DeepSeek;2094;863
f88bed9a-d489-4278-99c3-5d1e9ac454f6;23.05.2026 19:04;api;chat/completions;deepseek/deepseek-v4-flash;DeepSeek;1305;272
4fa4559d-4750-4672-95e3-e3e3354323b2;23.05.2026 19:04;api;chat/completions;deepseek/deepseek-v4-flash;DeepSeek;2120;1713
94c2dcb6-0869-4e3d-9bd2-d2cc53872957;23.05.2026 19:04;api;chat/completions;deepseek/deepseek-v4-flash;DeepSeek;243;505
f5d1495d-34d9-497b-983e-e7a3484a01f1;23.05.2026 19:04;api;chat/completions;deepseek/deepseek-v4-flash;DeepSeek;241;429
1708a8f8-e688-45f8-849a-b0a62cdb28d3;23.05.2026 19:04;api;chat/completions;deepseek/deepseek-v4-flash;DeepSeek;2435;657
31b219d2-2df5-4cc3-a432-42063f0be994;23.05.2026 19:04;api;chat/completions;deepseek/deepseek-v4-flash;DeepSeek;1128;874
cf00c565-b099-457f-8da0-77bd125a73d8;23.05.2026 19:04;api;chat/completions;deepseek/deepseek-v4-flash;DeepSeek;652;566
8fa6bdd1-0809-4081-99e8-5f1025cc05e1;23.05.2026 19:04;api;chat/completions;deepseek/deepseek-v4-flash;DeepSeek;381;968
7ae472a5-85d1-44c7-b061-6015d4eb09d5;23.05.2026 19:04;api;chat/completions;deepseek/deepseek-v4-flash;DeepSeek;4783;301
6ce65f22-47ad-421e-8266-fcf885086a89;23.05.2026 19:04;api;chat/completions;deepseek/deepseek-v4-flash;DeepSeek;2221;170
655d9712-84b1-408d-bf51-77b5ffd8c902;23.05.2026 19:04;api;chat/completions;deepseek/deepseek-v4-flash;DeepSeek;3776;107
37d3630d-0de0-46c7-bba9-4fce966897e7;23.05.2026 19:04;api;chat/completions;deepseek/deepseek-v4-flash;DeepSeek;800;193
53aba7af-9e35-4b79-ad71-eb7f79ed645d;23.05.2026 19:04;api;chat/completions;deepseek/deepseek-v4-flash;DeepSeek;6534;310
ce5e28de-3f7e-4f28-9007-056e9de1f8f5;23.05.2026 19:04;api;chat/completions;deepseek/deepseek-v4-flash;DeepSeek;3107;106
61f6e5e6-5ee8-423d-a5a5-a96febcbf9e8;23.05.2026 19:04;api;chat/completions;deepseek/deepseek-v4-flash;DeepSeek;3336;169
a05e4145-db8a-4c5f-84d4-c527493bd3e4;23.05.2026 19:04;api;chat/completions;deepseek/deepseek-v4-flash;DeepSeek;2905;198
25cd9cca-9106-4300-a1c4-28701bdec064;23.05.2026 19:04;api;chat/completions;deepseek/deepseek-v4-flash;DeepSeek;2211;1881
1475da35-c639-4b28-bc44-1dde7e4d7368;23.05.2026 19:04;api;chat/completions;deepseek/deepseek-v4-flash;DeepSeek;2479;177
2d98ff5f-77a8-4ecc-92ed-760d9917d37b;23.05.2026 19:04;api;chat/completions;deepseek/deepseek-v4-flash;DeepSeek;2354;95
bf9647a6-5848-4501-8b09-0e57a3118fa5;23.05.2026 19:04;api;chat/completions;deepseek/deepseek-v4-flash;DeepSeek;2056;167
a036701f-f7e0-417e-9fdd-cea10647af3c;23.05.2026 19:04;api;chat/completions;deepseek/deepseek-v4-flash;DeepSeek;1931;118
54e9f06f-4d12-421b-9a53-1b551ca20fe5;23.05.2026 19:04;api;chat/completions;deepseek/deepseek-v4-flash;DeepSeek;1646;4179
fd3b0a33-d321-4958-acaf-41d8fd452271;23.05.2026 19:04;api;chat/completions;deepseek/deepseek-v4-flash;DeepSeek;1805;121
bb35c6a8-6bf0-4756-a784-369ec7273eb0;23.05.2026 19:04;api;chat/completions;deepseek/deepseek-v4-flash;DeepSeek;2116;98
83e1025c-d018-4c40-a7c8-564ffa6f4843;23.05.2026 19:04;api;chat/completions;deepseek/deepseek-v4-flash;DeepSeek;1613;171
828bb786-b3a2-4431-9a1c-174b9546668a;23.05.2026 19:04;api;chat/completions;deepseek/deepseek-v4-flash;DeepSeek;1544;78
3bf09b86-3d92-4dde-b034-365b5b26201f;23.05.2026 19:04;api;chat/completions;deepseek/deepseek-v4-flash;DeepSeek;2072;4072
f86de7dc-8e3b-42cb-a847-99fd0433ce27;23.05.2026 19:04;api;chat/completions;deepseek/deepseek-v4-flash;DeepSeek;1469;97
5d0b5c49-cd04-4d73-a728-7d95e1b07638;23.05.2026 19:04;api;chat/completions;deepseek/deepseek-v4-flash;DeepSeek;804;201
9bf0c961-7f9c-4d81-81c5-02594558805f;23.05.2026 19:04;api;chat/completions;deepseek/deepseek-v4-flash;DeepSeek;1192;146
da12e470-7fc3-44cd-abab-0813b9df4849;23.05.2026 19:04;api;chat/completions;deepseek/deepseek-v4-flash;DeepSeek;1474;107
ea2e9a84-05b4-48fd-9cbf-4010a2133021;23.05.2026 19:04;api;chat/completions;deepseek/deepseek-v4-flash;DeepSeek;1271;206
28fd3e97-d975-41b4-91d9-d3518f88f618;23.05.2026 19:04;api;chat/completions;deepseek/deepseek-v4-flash;DeepSeek;4525;258
8f73c019-21cd-49c9-9df4-5581d28cdfd0;23.05.2026 19:03;api;chat/completions;deepseek/deepseek-v4-flash;DeepSeek;1422;257
e409d6a6-427b-410d-9781-8cea9feed8b9;23.05.2026 19:03;api;chat/completions;deepseek/deepseek-v4-flash;DeepSeek;4220;264
5941590e-2a2a-487b-ac3f-30f0de82fc60;23.05.2026 19:03;api;chat/completions;deepseek/deepseek-v4-flash;DeepSeek;1176;681
56403d49-c9b9-4516-855c-9fe052e12d73;23.05.2026 19:03;api;chat/completions;deepseek/deepseek-v4-flash;DeepSeek;781;116
42389e1c-04e3-48e2-a06f-e0ba62ff35a6;23.05.2026 19:03;api;chat/completions;deepseek/deepseek-v4-flash;DeepSeek;3542;198
c03bca40-5af9-4a22-8797-7cb73175b8e6;23.05.2026 19:03;api;chat/completions;deepseek/deepseek-v4-flash;DeepSeek;5364;320
dba4a980-3072-4f90-8144-ea37fb1cc5cd;23.05.2026 19:03;api;chat/completions;deepseek/deepseek-v4-flash;DeepSeek;1504;231
4c3d9733-3934-4637-9853-429819da3458;23.05.2026 19:03;api;chat/completions;deepseek/deepseek-v4-flash;DeepSeek;3190;69
4dd94bfa-d2a8-43a1-8d7f-24f3b1ae25af;23.05.2026 19:03;api;chat/completions;deepseek/deepseek-v4-flash;DeepSeek;2357;114
c1e1df69-3703-45c8-b5a1-5cb082783ba5;23.05.2026 19:03;api;chat/completions;deepseek/deepseek-v4-flash;DeepSeek;1097;2149
d78a1c75-3460-4f4a-9b50-659bae1798c1;23.05.2026 19:03;api;chat/completions;deepseek/deepseek-v4-flash;DeepSeek;2047;294
0845be13-2e4c-48e5-aab7-b3a88f12983c;23.05.2026 19:03;api;chat/completions;deepseek/deepseek-v4-flash;DeepSeek;3603;434
8c15be13-ac8e-472f-970c-40de5b2cd676;23.05.2026 19:03;api;chat/completions;deepseek/deepseek-v4-flash;DeepSeek;2079;3909
7e6350ac-79c4-43e2-b11d-29ca59e1b6bc;23.05.2026 19:03;api;chat/completions;deepseek/deepseek-v4-flash;DeepSeek;1799;850
93d452c7-da07-456a-aab9-baf4177138ab;23.05.2026 19:03;api;chat/completions;deepseek/deepseek-v4-flash;DeepSeek;1525;217
9f00849f-a9e3-4358-988c-5d621074aee9;23.05.2026 19:03;api;chat/completions;deepseek/deepseek-v4-flash;DeepSeek;745;219
829d0e35-f664-4948-8ac1-a099e33fbf86;23.05.2026 19:03;api;chat/completions;deepseek/deepseek-v4-flash;DeepSeek;3695;176
c7d09628-0645-4f6a-8f23-ba51029f6818;23.05.2026 19:03;api;chat/completions;deepseek/deepseek-v4-flash;DeepSeek;792;109
48f434d2-242d-4d21-8448-a589b5055684;23.05.2026 19:03;api;chat/completions;deepseek/deepseek-v4-flash;DeepSeek;608;150
1431ec72-5d0b-4bb4-a5fd-91fff408d9a4;23.05.2026 19:03;api;chat/completions;deepseek/deepseek-v4-flash;DeepSeek;1735;1096
874819e0-0773-4b34-b5ad-18d7f3dae8d5;23.05.2026 19:03;api;chat/completions;deepseek/deepseek-v4-flash;DeepSeek;1391;228
0fb96917-cc02-4010-aa53-4652ee420a87;23.05.2026 19:03;api;chat/completions;deepseek/deepseek-v4-flash;DeepSeek;2129;1659
e211b408-1a02-4334-a3c5-369041dad5bd;23.05.2026 19:03;api;chat/completions;deepseek/deepseek-v4-flash;DeepSeek;1391;235
300e8d5a-e942-4fcd-869e-5b7c9840e138;23.05.2026 19:03;api;chat/completions;deepseek/deepseek-v4-flash;DeepSeek;1391;157
99265537-9457-4f49-9016-c83d6d0aaa4d;23.05.2026 19:03;api;chat/completions;deepseek/deepseek-v4-flash;DeepSeek;5838;116
facb90fa-2bb1-4df5-a34d-4080c1805ba1;23.05.2026 19:03;api;chat/completions;deepseek/deepseek-v4-flash;DeepSeek;1948;810
1c9a3e44-5dfe-4a32-9caa-cd9ff0b29c79;23.05.2026 19:02;api;chat/completions;deepseek/deepseek-v4-flash;DeepSeek;2424;641
566c1065-42d0-4280-9e10-154c3c840f95;23.05.2026 19:02;api;chat/completions;deepseek/deepseek-v4-flash;DeepSeek;1153;3522
ac808782-4099-4820-a2e3-57fde2cdb760;23.05.2026 19:02;api;chat/completions;deepseek/deepseek-v4-flash;DeepSeek;1930;372
4a61049b-345f-4f0a-8165-52e1e819c60e;23.05.2026 19:02;api;chat/completions;deepseek/deepseek-v4-flash;DeepSeek;1584;810
80f2dcad-ef83-42f5-ad9a-636a4487c12d;23.05.2026 19:02;api;chat/completions;deepseek/deepseek-v4-flash;DeepSeek;2790;187
8365cd27-9fbc-4150-89c6-98336331affd;23.05.2026 19:02;api;chat/completions;deepseek/deepseek-v4-flash;DeepSeek;1787;1189
e9d0bd3e-9b38-4835-bb50-8d450eab17e5;23.05.2026 19:02;api;chat/completions;deepseek/deepseek-v4-flash;DeepSeek;1256;1140
8c054642-28dd-40fe-9065-9775d59b5ffa;23.05.2026 19:02;api;chat/completions;deepseek/deepseek-v4-flash;DeepSeek;2060;116
88e528d1-8775-49ef-b159-adf20ac2cd63;23.05.2026 19:02;api;chat/completions;deepseek/deepseek-v4-flash;DeepSeek;4331;392
2210df66-6931-407c-a260-f97c7f1abe92;23.05.2026 19:02;api;chat/completions;deepseek/deepseek-v4-flash;DeepSeek;5578;245
99b48778-2c54-437b-86b0-8e23d43bf995;23.05.2026 19:02;api;chat/completions;deepseek/deepseek-v4-flash;DeepSeek;1323;108
42629566-cd57-4492-a8be-e640f9143e3b;23.05.2026 19:02;api;chat/completions;deepseek/deepseek-v4-flash;DeepSeek;4417;189
9a489854-25b0-4a65-9bfb-daf5c7fd1c6a;23.05.2026 19:02;api;chat/completions;deepseek/deepseek-v4-flash;DeepSeek;2919;164
c4efa66c-e7a7-4b51-975d-a61b22c33f2c;23.05.2026 19:02;api;chat/completions;deepseek/deepseek-v4-flash;DeepSeek;4089;305
d042afa6-2ab4-482e-83ce-69bf562d98f7;23.05.2026 19:02;api;chat/completions;deepseek/deepseek-v4-flash;DeepSeek;2349;87
e62d9538-6288-4886-9dbf-e2c2f81d6b1f;23.05.2026 19:02;api;chat/completions;deepseek/deepseek-v4-flash;DeepSeek;1451;148
b2264d5b-0715-466d-8477-1dc29d61eca5;23.05.2026 19:02;api;chat/completions;deepseek/deepseek-v4-flash;DeepSeek;783;115
9b2b4dbd-5865-4acd-b5b7-281629a0a7a6;23.05.2026 19:02;api;chat/completions;deepseek/deepseek-v4-flash;DeepSeek;533;558
6ccbf911-8591-4fcb-ac4d-58c4c67981f2;23.05.2026 19:02;api;chat/completions;deepseek/deepseek-v4-flash;DeepSeek;3208;412
f8592e2e-ca83-43f6-863a-9bb2af6206c9;23.05.2026 19:02;api;chat/completions;deepseek/deepseek-v4-flash;DeepSeek;1331;802
71f10949-51df-450d-b346-a4ce651668f8;23.05.2026 19:02;api;chat/completions;deepseek/deepseek-v4-flash;DeepSeek;1106;4327
9b72d622-c806-4b13-9ee2-dcef13307bb6;23.05.2026 19:02;api;chat/completions;deepseek/deepseek-v4-flash;DeepSeek;1211;255
659334c0-f21f-4bdb-85b9-fd3cab988228;23.05.2026 19:02;api;chat/completions;deepseek/deepseek-v4-flash;DeepSeek;3610;513
77d28c50-00d8-4021-87f9-fdeccdd50f8f;23.05.2026 19:02;api;chat/completions;deepseek/deepseek-v4-flash;DeepSeek;1748;153
ff98ac96-9919-4be9-bf43-e4937d9a1208;23.05.2026 19:02;api;chat/completions;deepseek/deepseek-v4-flash;DeepSeek;5434;405
1506884a-133b-4d80-80ed-1eb51f86222f;23.05.2026 19:01;api;chat/completions;deepseek/deepseek-v4-flash;DeepSeek;3330;263
b89f795a-640e-450d-9498-f271080d6296;23.05.2026 19:01;api;chat/completions;deepseek/deepseek-v4-flash;DeepSeek;7219;220
09797ae6-df9d-4688-a7b0-ce65b728e654;23.05.2026 19:01;api;chat/completions;deepseek/deepseek-v4-flash;DeepSeek;3031;99
d9bcd444-2699-493a-8b5b-f00c510dfdf1;23.05.2026 19:01;api;chat/completions;deepseek/deepseek-v4-flash;DeepSeek;807;109
9e44bd87-bbe7-4e20-9222-387c521a4458;23.05.2026 19:01;api;chat/completions;deepseek/deepseek-v4-flash;DeepSeek;2569;73
b242a52c-0cde-4c54-bd4b-0a1ed3586c0c;23.05.2026 19:01;api;chat/completions;deepseek/deepseek-v4-flash;DeepSeek;2872;629
cbbeb201-9aae-472b-8380-8715bcc56e62;23.05.2026 19:01;api;chat/completions;deepseek/deepseek-v4-flash;DeepSeek;2183;107
04f87b62-9264-41a3-87f0-96935e7076f6;23.05.2026 19:01;api;chat/completions;deepseek/deepseek-v4-flash;DeepSeek;1397;306
1dd625ab-c617-4f40-bbc2-7a0e3ac17d11;23.05.2026 19:01;api;chat/completions;deepseek/deepseek-v4-flash;DeepSeek;2358;272
900f462e-307a-4e77-b37a-818ab452d2bb;23.05.2026 19:01;api;chat/completions;deepseek/deepseek-v4-flash;DeepSeek;1145;740
83fab288-a778-4b4b-8f4c-201d5a7e40b9;23.05.2026 19:01;api;chat/completions;deepseek/deepseek-v4-flash;DeepSeek;674;1397
5398d20e-6f99-4f6c-8dd1-2da5f2a706c3;23.05.2026 19:01;api;chat/completions;deepseek/deepseek-v4-flash;DeepSeek;2802;390
f2e1c646-9de6-43ee-9bbb-9eb8d76f487a;23.05.2026 19:01;api;chat/completions;deepseek/deepseek-v4-flash;DeepSeek;1580;95
7c3e1858-7cb2-414e-a4f2-ccc5c7f4c691;23.05.2026 19:01;api;chat/completions;deepseek/deepseek-v4-flash;DeepSeek;1917;172
0c524d0c-ec0c-44e7-b000-0dcb5cd056e3;23.05.2026 19:01;api;chat/completions;deepseek/deepseek-v4-flash;DeepSeek;1458;155
9c2c414a-2ae6-4eca-a7e4-f4f8cecbb6b7;23.05.2026 19:01;api;chat/completions;deepseek/deepseek-v4-flash;DeepSeek;2718;251
3f655a58-0b89-4ffe-acb6-b00351ab8920;23.05.2026 19:01;api;chat/completions;deepseek/deepseek-v4-flash;DeepSeek;573;491
b019d664-b500-4fd9-9d07-f1194bfdf01e;23.05.2026 19:01;api;chat/completions;deepseek/deepseek-v4-flash;DeepSeek;1171;118
166763dc-d53a-4848-8971-988e73d5bd27;23.05.2026 19:01;api;chat/completions;deepseek/deepseek-v4-flash;DeepSeek;1854;196
9f5cb3a8-0f62-4cbd-adf9-d235d0bf6b3f;23.05.2026 19:01;api;chat/completions;deepseek/deepseek-v4-flash;DeepSeek;1895;260
fa7b8658-b589-47de-8679-307ec00942a5;23.05.2026 19:01;api;chat/completions;deepseek/deepseek-v4-flash;DeepSeek;2219;753
c6664293-e4f5-4777-aa73-e07a8e9e8542;23.05.2026 19:01;api;chat/completions;deepseek/deepseek-v4-flash;DeepSeek;1656;168
9bd0cd64-9015-43c2-9724-a30180f183cf;23.05.2026 19:01;api;chat/completions;deepseek/deepseek-v4-flash;DeepSeek;929;182
9c294243-c25f-41a5-9f6c-17f0cc6c9e61;23.05.2026 19:01;api;chat/completions;deepseek/deepseek-v4-flash;DeepSeek;1436;221
31dc36f3-1556-4ff7-a96f-7dba8e27579d;23.05.2026 19:01;api;chat/completions;deepseek/deepseek-v4-flash;DeepSeek;1413;269
d5ea4a8a-8166-4ea3-b3de-5372f3b7473c;23.05.2026 19:01;api;chat/completions;deepseek/deepseek-v4-flash;DeepSeek;1378;487
7fbdf1db-7177-4406-b796-64dd9a56aafb;23.05.2026 19:01;api;chat/completions;deepseek/deepseek-v4-flash;DeepSeek;5841;394
20d395fe-bb42-4acb-bc97-4a9b67b44dee;23.05.2026 19:01;api;chat/completions;deepseek/deepseek-v4-flash;DeepSeek;1136;98
c3c36006-3d37-4b16-8f60-c214939311a9;23.05.2026 19:01;api;chat/completions;deepseek/deepseek-v4-flash;DeepSeek;819;108
2a808c33-04cc-402f-8524-eaa00351f154;23.05.2026 19:01;api;chat/completions;deepseek/deepseek-v4-flash;DeepSeek;725;319
effa1ec1-9567-4a6c-ae18-b57895fc0937;23.05.2026 19:01;api;chat/completions;deepseek/deepseek-v4-flash;DeepSeek;1159;140
b83dbdfc-4395-4fd8-b55c-084e5dafe6f0;23.05.2026 19:01;api;chat/completions;deepseek/deepseek-v4-flash;DeepSeek;1280;189
5bbf48f6-9d36-4a9f-b5fb-0a24e995ced0;23.05.2026 19:01;api;chat/completions;deepseek/deepseek-v4-flash;DeepSeek;4547;324
9703fc47-4008-49c8-87be-c2130e21d8be;23.05.2026 19:01;api;chat/completions;deepseek/deepseek-v4-flash;DeepSeek;1283;209
10c877f4-dcf7-4e2d-bba6-69705dddb1d2;23.05.2026 19:01;api;chat/completions;deepseek/deepseek-v4-flash;DeepSeek;255;441
c7ae6bd3-854b-4f43-bf6c-fb0ea68c21e3;23.05.2026 19:01;api;chat/completions;deepseek/deepseek-v4-flash;DeepSeek;261;584
4113aa34-0daa-4b57-9c40-0afe14a49b27;23.05.2026 19:01;api;chat/completions;deepseek/deepseek-v4-flash;DeepSeek;258;521
3329aeeb-7022-4eb6-9060-f4ac06c158ca;23.05.2026 19:01;api;chat/completions;deepseek/deepseek-v4-flash;DeepSeek;3551;285
196fa16d-7524-4d98-94a3-984f2c63233d;23.05.2026 19:01;api;chat/completions;deepseek/deepseek-v4-flash;DeepSeek;694;676
375bb5dc-c36c-454d-b69a-8030903911df;23.05.2026 19:00;api;chat/completions;deepseek/deepseek-v4-flash;DeepSeek;2204;165
60eb10d2-3abf-4634-8af6-db7cdf40f126;23.05.2026 19:00;api;chat/completions;deepseek/deepseek-v4-flash;DeepSeek;6051;276
74e43a8e-9697-4e7a-bfd0-8278058aaa51;23.05.2026 19:00;api;chat/completions;deepseek/deepseek-v4-flash;DeepSeek;261;1106
bf7b0946-a438-41fb-8059-2d7e919bda0a;23.05.2026 19:00;api;chat/completions;deepseek/deepseek-v4-flash;DeepSeek;244;519
28ac48ef-8a60-43a4-92cc-c95f983ce279;23.05.2026 19:00;api;chat/completions;deepseek/deepseek-v4-flash;DeepSeek;1496;103
72190764-8f3c-4482-a02b-d28a7b704040;23.05.2026 19:00;api;chat/completions;deepseek/deepseek-v4-flash;DeepSeek;4510;361
ecb447be-a9f4-464a-9a1a-0ff13dc77fa0;23.05.2026 19:00;api;chat/completions;deepseek/deepseek-v4-flash;DeepSeek;383;839
364b24f0-4721-473c-8260-41a581e04620;23.05.2026 19:00;api;chat/completions;deepseek/deepseek-v4-flash;DeepSeek;763;108
9b5efad4-7eb7-45c9-a034-77c092235c08;23.05.2026 19:00;api;chat/completions;deepseek/deepseek-v4-flash;DeepSeek;1252;279
a759f673-b758-4c84-b037-fd6a45b0fc6f;23.05.2026 19:00;api;chat/completions;deepseek/deepseek-v4-flash;DeepSeek;1393;257
a60b1363-8b3f-489d-ab64-6446aa3e97e5;23.05.2026 19:00;api;chat/completions;deepseek/deepseek-v4-flash;DeepSeek;2523;607
cb218edf-11b0-4324-9e14-73360820b6de;23.05.2026 19:00;api;chat/completions;deepseek/deepseek-v4-flash;DeepSeek;1388;267
b3358e15-f8f1-4a0e-ab7f-bef0fdf0e022;23.05.2026 19:00;api;chat/completions;deepseek/deepseek-v4-flash;DeepSeek;4554;669
ff47a26d-933c-4750-9acd-5bb210d7d2f5;23.05.2026 19:00;api;chat/completions;deepseek/deepseek-v4-flash;DeepSeek;4131;364
e36ba3c8-ebba-4b42-a668-40f7b22cf05a;23.05.2026 19:00;api;chat/completions;deepseek/deepseek-v4-flash;DeepSeek;2008;984
b00f5c70-1227-440a-b18a-13da72204e70;23.05.2026 19:00;api;chat/completions;deepseek/deepseek-v4-flash;DeepSeek;1058;965
31b6b441-1174-4255-b9ed-8c01274ec729;23.05.2026 19:00;api;chat/completions;deepseek/deepseek-v4-flash;DeepSeek;1872;2647
5d6f9612-8951-4d9d-9129-7ad4794a3825;23.05.2026 19:00;api;chat/completions;deepseek/deepseek-v4-flash;DeepSeek;4137;430
b38f2e8f-0508-4f71-8a45-0f9515ceee4c;23.05.2026 19:00;api;chat/completions;deepseek/deepseek-v4-flash;DeepSeek;5344;170
6d24e73e-046f-498d-9c7b-2b449638363f;23.05.2026 19:00;api;chat/completions;deepseek/deepseek-v4-flash;DeepSeek;4605;352
56d22ecf-9fca-4710-8501-142c078dd90c;23.05.2026 19:00;api;chat/completions;deepseek/deepseek-v4-flash;DeepSeek;3792;328
0af9d51c-78c4-46c2-93a3-9d300177af56;23.05.2026 19:00;api;chat/completions;deepseek/deepseek-v4-flash;DeepSeek;3370;496
1b8e4772-ade7-4914-8cbb-7d388718666a;23.05.2026 19:00;api;chat/completions;deepseek/deepseek-v4-flash;DeepSeek;3317;149
e379943a-ca6a-4b1e-b753-1ea8e29d9429;23.05.2026 19:00;api;chat/completions;deepseek/deepseek-v4-flash;DeepSeek;3111;326
934ce330-4694-4173-8d1a-19af6c2ee14c;23.05.2026 18:59;api;chat/completions;deepseek/deepseek-v4-flash;DeepSeek;2089;147
15ec8ed7-b845-4102-a0b7-3377cb631b5c;23.05.2026 18:59;api;chat/completions;deepseek/deepseek-v4-flash;DeepSeek;2336;192
d1e70573-3e22-4960-ac31-405a77a296b5;23.05.2026 18:59;api;chat/completions;deepseek/deepseek-v4-flash;DeepSeek;1444;108
0272d589-02ae-4f21-a30e-40f71089fd07;23.05.2026 18:59;api;chat/completions;deepseek/deepseek-v4-flash;DeepSeek;1414;296
0b665cfe-fb75-4cc3-86e1-e493be4a7192;23.05.2026 18:59;api;chat/completions;deepseek/deepseek-v4-flash;DeepSeek;1668;2447
f3e92220-6dfc-4265-b274-bc30932f6fd7;23.05.2026 18:59;api;chat/completions;deepseek/deepseek-v4-flash;DeepSeek;1137;100
58fb57e4-2e97-4705-bd5d-86e4d0a639d1;23.05.2026 18:59;api;chat/completions;deepseek/deepseek-v4-flash;DeepSeek;800;128
aa153665-8442-4fa7-820c-08f13d18eb77;23.05.2026 18:59;api;chat/completions;deepseek/deepseek-v4-flash;DeepSeek;1808;486
3acf9b69-ab05-4fc3-a72b-34f90939a543;23.05.2026 18:59;api;chat/completions;deepseek/deepseek-v4-flash;DeepSeek;1168;3042
3b4697da-2906-4d65-9bf2-4c547d15835c;23.05.2026 18:59;api;chat/completions;deepseek/deepseek-v4-flash;DeepSeek;4110;339
8b8c7976-f1bb-4897-9561-1775959b4bd1;23.05.2026 18:59;api;chat/completions;deepseek/deepseek-v4-flash;DeepSeek;1276;951
5ad020c0-7b5a-4770-96d9-a9f8cce84b96;23.05.2026 18:59;api;chat/completions;deepseek/deepseek-v4-flash;DeepSeek;1263;231
47c7d694-f98c-4695-9840-0a8dbec13cd4;23.05.2026 18:59;api;chat/completions;deepseek/deepseek-v4-flash;DeepSeek;6004;90
8292146b-0f29-4ea8-bcb8-762d79b682e1;23.05.2026 18:59;api;chat/completions;deepseek/deepseek-v4-flash;DeepSeek;250;521
1fb3cfb2-5bd3-4672-a5ce-24c3ce6f68f4;23.05.2026 18:59;api;chat/completions;deepseek/deepseek-v4-flash;DeepSeek;5822;129
df48a8b6-1705-470e-aa4c-01f946463301;23.05.2026 18:59;api;chat/completions;deepseek/deepseek-v4-flash;DeepSeek;1069;1806
f4b6a897-b1bb-4f73-94a9-a4699e0e031e;23.05.2026 18:59;api;chat/completions;deepseek/deepseek-v4-flash;DeepSeek;250;383
d7d5b439-73fc-4678-92e4-a04c412343c9;23.05.2026 18:59;api;chat/completions;deepseek/deepseek-v4-flash;DeepSeek;250;431
e34ed6a3-3532-460c-b111-b3ae2b3ef802;23.05.2026 18:59;api;chat/completions;deepseek/deepseek-v4-flash;DeepSeek;4544;101
3a3ea26f-cd6b-435b-aa68-0d83a273931c;23.05.2026 18:59;api;chat/completions;deepseek/deepseek-v4-flash;DeepSeek;1706;266
cd57ca78-7161-4722-a533-34aa386039d5;23.05.2026 18:59;api;chat/completions;deepseek/deepseek-v4-flash;DeepSeek;1255;685
3196095e-bf0a-411a-b829-568c5e6fa2fd;23.05.2026 18:59;api;chat/completions;deepseek/deepseek-v4-flash;DeepSeek;250;605
677e6740-a779-48e1-948a-bbb9b2116688;23.05.2026 18:59;api;chat/completions;deepseek/deepseek-v4-flash;DeepSeek;1032;489
d1a7fb17-8416-42ca-af6e-75539a870aa1;23.05.2026 18:59;api;chat/completions;deepseek/deepseek-v4-flash;DeepSeek;237;416
ceb1e140-9c4f-46ee-a1fc-adb9901a4ebb;23.05.2026 18:59;api;chat/completions;deepseek/deepseek-v4-flash;DeepSeek;4581;500
e15633ee-2ff1-4296-8835-02ead6f28162;23.05.2026 18:59;api;chat/completions;deepseek/deepseek-v4-flash;DeepSeek;3320;105
afd7ade1-a322-4e30-9330-d998bba0c309;23.05.2026 18:59;api;chat/completions;deepseek/deepseek-v4-flash;DeepSeek;1513;1295
efcf3479-069b-4554-9f0e-15c629260430;23.05.2026 18:59;api;chat/completions;deepseek/deepseek-v4-flash;DeepSeek;6862;258
1e030177-115c-4609-975c-ec95b69acfbd;23.05.2026 18:59;api;chat/completions;deepseek/deepseek-v4-flash;DeepSeek;5001;184
458e60d0-83c8-435e-b611-95629a95a608;23.05.2026 18:59;api;chat/completions;deepseek/deepseek-v4-flash;DeepSeek;4131;351
8eeed61e-de2b-41ce-b6a3-d57e72fc4de1;23.05.2026 18:59;api;chat/completions;deepseek/deepseek-v4-flash;DeepSeek;381;1027
19fba44d-c9aa-44d0-be2d-f43b3830cadd;23.05.2026 18:58;api;chat/completions;deepseek/deepseek-v4-flash;DeepSeek;3578;638
d2087eb0-71c9-440f-a6bf-9e914736f906;23.05.2026 18:58;api;chat/completions;deepseek/deepseek-v4-flash;DeepSeek;3137;273
c5c42866-2f8c-4faf-8259-97e4eef72fce;23.05.2026 18:58;api;chat/completions;deepseek/deepseek-v4-flash;DeepSeek;2362;252
c9ac5322-fb90-4d8d-b023-f7ce282c1614;23.05.2026 18:58;api;chat/completions;deepseek/deepseek-v4-flash;DeepSeek;832;386
f92828ac-4f33-41cd-9b04-b43487b5c455;23.05.2026 18:58;api;chat/completions;deepseek/deepseek-v4-flash;DeepSeek;3548;177
7d6b1261-39d6-4d5f-8bed-14b3c65f0820;23.05.2026 18:58;api;chat/completions;deepseek/deepseek-v4-flash;DeepSeek;2057;113
2b1aee81-e53a-40c6-91d2-57a7e89deee7;23.05.2026 18:58;api;chat/completions;deepseek/deepseek-v4-flash;DeepSeek;1440;323
96373e67-b08d-4a77-8312-f5035ac6a689;23.05.2026 18:58;api;chat/completions;deepseek/deepseek-v4-flash;DeepSeek;1520;964
7b51033c-8523-4b79-9c6f-0cc8f09a0204;23.05.2026 18:58;api;chat/completions;deepseek/deepseek-v4-flash;DeepSeek;1163;110
239ebc15-6df7-4fe5-8917-dae8496eb3f3;23.05.2026 18:58;api;chat/completions;deepseek/deepseek-v4-flash;DeepSeek;640;487
6c8d33aa-1f53-49ad-82f1-3686852f3258;23.05.2026 18:58;api;chat/completions;deepseek/deepseek-v4-flash;DeepSeek;798;102
5813bf8f-6b94-4901-ac59-5b3765a36718;23.05.2026 18:58;api;chat/completions;deepseek/deepseek-v4-flash;DeepSeek;1315;339
a2b5fb5a-e9f3-4c97-90be-10ce9ba43379;23.05.2026 18:58;api;chat/completions;deepseek/deepseek-v4-flash;DeepSeek;1263;195
6d9da5f9-a7f9-4347-81d5-9009da430502;23.05.2026 18:58;api;chat/completions;deepseek/deepseek-v4-flash;DeepSeek;2396;2338
7d881053-4bd9-4707-93cf-10292d0cf846;23.05.2026 18:58;api;chat/completions;deepseek/deepseek-v4-flash;DeepSeek;3656;407
f7155dc5-75c0-4539-be26-4700fcc570f4;23.05.2026 18:58;api;chat/completions;deepseek/deepseek-v4-flash;DeepSeek;5916;353
4255fa84-d254-4ab3-9800-8374ace7867a;23.05.2026 18:58;api;chat/completions;deepseek/deepseek-v4-flash;DeepSeek;2916;98
f62a0b5c-fd4f-4274-aa7f-cdf7697d85e8;23.05.2026 18:58;api;chat/completions;deepseek/deepseek-v4-flash;DeepSeek;4678;105
42705bbc-e7a7-4fa8-a53b-64567c896502;23.05.2026 18:58;api;chat/completions;deepseek/deepseek-v4-flash;DeepSeek;1275;467
6f53edb9-0a01-4201-a8fa-36e4859bc307;23.05.2026 18:58;api;chat/completions;deepseek/deepseek-v4-flash;DeepSeek;249;351
672178b5-6887-4565-bb10-102ae6038d17;23.05.2026 18:58;api;chat/completions;deepseek/deepseek-v4-flash;DeepSeek;244;507
e3e90643-db23-4398-bfd7-160f25f1684e;23.05.2026 18:58;api;chat/completions;deepseek/deepseek-v4-flash;DeepSeek;2224;136
54395352-11cb-48bf-aeec-7cb26893b161;23.05.2026 18:58;api;chat/completions;deepseek/deepseek-v4-flash;DeepSeek;3440;770
341846b9-1347-4b17-9fcf-bfa67fa43493;23.05.2026 18:58;api;chat/completions;deepseek/deepseek-v4-flash;DeepSeek;2076;1031
be4599ef-5730-4827-b209-46bb0393c0b3;23.05.2026 18:58;api;chat/completions;deepseek/deepseek-v4-flash;DeepSeek;3382;128
e54761b1-4d92-4f6a-804c-281b5bbbd452;23.05.2026 18:58;api;chat/completions;deepseek/deepseek-v4-flash;DeepSeek;243;567
c8046829-b57a-4fa1-9e2c-e7ed09f1ff27;23.05.2026 18:58;api;chat/completions;deepseek/deepseek-v4-flash;DeepSeek;3135;369
ff17df38-a1ab-4d8c-834b-d21da1dda010;23.05.2026 18:58;api;chat/completions;deepseek/deepseek-v4-flash;DeepSeek;1466;104
7a994cfc-4fed-4258-b9e3-62f8db7907eb;23.05.2026 18:58;api;chat/completions;deepseek/deepseek-v4-flash;DeepSeek;255;411
927aa825-7a49-40e6-8d7e-5220db42d9cd;23.05.2026 18:58;api;chat/completions;deepseek/deepseek-v4-flash;DeepSeek;2725;124
2e225ac7-1e11-42d5-aef5-fa05f86ad107;23.05.2026 18:58;api;chat/completions;deepseek/deepseek-v4-flash;DeepSeek;772;98
6348e337-b46d-4e29-9d1b-11b4ef0d4016;23.05.2026 18:58;api;chat/completions;deepseek/deepseek-v4-flash;DeepSeek;1950;228
c0812665-8987-4d0c-9548-f9a109056786;23.05.2026 18:58;api;chat/completions;deepseek/deepseek-v4-flash;DeepSeek;1818;110
e6fe419b-3c39-4278-b99e-8a538d86a04b;23.05.2026 18:58;api;chat/completions;deepseek/deepseek-v4-flash;DeepSeek;986;402
4b207549-a92a-460c-aeb8-2ce068c7fc35;23.05.2026 18:58;api;chat/completions;deepseek/deepseek-v4-flash;DeepSeek;1377;224
a8c83a9f-dfb8-4d74-b7dc-5f8a89278ec4;23.05.2026 18:58;api;chat/completions;deepseek/deepseek-v4-flash;DeepSeek;1468;237
3073c54d-be52-412d-a754-c61bc111ab36;23.05.2026 18:58;api;chat/completions;deepseek/deepseek-v4-flash;DeepSeek;1140;141
76cc739b-b56a-4f42-89e7-020404b890e4;23.05.2026 18:58;api;chat/completions;deepseek/deepseek-v4-flash;DeepSeek;768;117
b189ce52-8749-448f-8233-7d1ebf849b0f;23.05.2026 18:58;api;chat/completions;deepseek/deepseek-v4-flash;DeepSeek;687;337
bb7297ae-616d-427e-822e-419eaaa6a771;23.05.2026 18:58;api;chat/completions;deepseek/deepseek-v4-flash;DeepSeek;248;774
e55d9293-4446-43fd-b48a-bf99e577c267;23.05.2026 18:57;api;chat/completions;deepseek/deepseek-v4-flash;DeepSeek;1261;137
9333773e-dea2-4c2d-aa02-b7383f363381;23.05.2026 18:57;api;chat/completions;deepseek/deepseek-v4-flash;DeepSeek;4513;491
a9146453-6a4b-4e65-8a65-13a708e312f8;23.05.2026 18:57;api;chat/completions;deepseek/deepseek-v4-flash;DeepSeek;1269;155
ae1c4ea1-417a-4eb3-9c33-79160439316a;23.05.2026 18:57;api;chat/completions;deepseek/deepseek-v4-flash;DeepSeek;4226;260
81bce212-5044-4fe7-b8ad-8e2e02b5f136;23.05.2026 18:57;api;chat/completions;deepseek/deepseek-v4-flash;DeepSeek;2263;3353
07e1188c-bda7-4544-9ea9-69b92fcbb2ba;23.05.2026 18:57;api;chat/completions;deepseek/deepseek-v4-flash;DeepSeek;238;350
a73541b3-85f2-4378-972e-4d4f5eb085fc;23.05.2026 18:57;api;chat/completions;deepseek/deepseek-v4-flash;DeepSeek;381;759
27cc8e86-27e2-47af-aa87-e614eb4bd6c5;23.05.2026 18:57;api;chat/completions;deepseek/deepseek-v4-flash;DeepSeek;1922;386
548d4902-a23f-4d54-a8ff-73a55d1322f9;23.05.2026 18:57;api;chat/completions;deepseek/deepseek-v4-flash;DeepSeek;250;568
3418000d-f57c-4a99-aa28-64c3819f771b;23.05.2026 18:57;api;chat/completions;deepseek/deepseek-v4-flash;DeepSeek;242;358
0f594e21-61fb-474d-8f6e-be6f6036a2de;23.05.2026 18:57;api;chat/completions;deepseek/deepseek-v4-flash;DeepSeek;250;1148
03f3e3ba-4dc0-4771-a078-63aac5047601;23.05.2026 18:57;api;chat/completions;deepseek/deepseek-v4-flash;DeepSeek;2211;2161
b7dcdbe3-5a3d-44b1-877a-6bf15e40e1a1;23.05.2026 18:57;api;chat/completions;deepseek/deepseek-v4-flash;DeepSeek;243;656
8f382572-71bd-44a5-90a0-efc48f0bef2f;23.05.2026 18:57;api;chat/completions;deepseek/deepseek-v4-flash;DeepSeek;1066;2453
3f4c38a4-b6a3-4291-9ad6-eadc4aaa112d;23.05.2026 18:57;api;chat/completions;deepseek/deepseek-v4-flash;DeepSeek;1740;710
75235e61-e2f6-4f5a-84d5-164b926c1c97;23.05.2026 18:57;api;chat/completions;deepseek/deepseek-v4-flash;DeepSeek;380;868
6e3c2cd1-91d4-4b7b-988d-b935e36ab640;23.05.2026 18:57;api;chat/completions;deepseek/deepseek-v4-flash;DeepSeek;1344;1148
7f208ed3-8455-4f02-a8b9-e195f738b0f1;23.05.2026 18:57;api;chat/completions;deepseek/deepseek-v4-flash;DeepSeek;4157;279
1799918d-0b49-4396-9164-35339753e36b;23.05.2026 18:56;api;chat/completions;deepseek/deepseek-v4-flash;DeepSeek;7380;241
29d9d96a-5db2-49a1-97c3-3a25cea042f7;23.05.2026 18:56;api;chat/completions;deepseek/deepseek-v4-flash;DeepSeek;1918;2216
14210f5b-4b9c-4d7a-a93c-eb693b349dd8;23.05.2026 18:56;api;chat/completions;deepseek/deepseek-v4-flash;DeepSeek;2828;177
a85feaa6-b7e1-49ec-9f56-f79e160a9c1c;23.05.2026 18:56;api;chat/completions;deepseek/deepseek-v4-flash;DeepSeek;2622;197
180c208f-9a79-4b98-95fd-20984c50c4b4;23.05.2026 18:56;api;chat/completions;deepseek/deepseek-v4-flash;DeepSeek;1062;2231
5f005ce8-e0a1-4c70-8861-dc13c71be455;23.05.2026 18:56;api;chat/completions;deepseek/deepseek-v4-flash;DeepSeek;3699;477
e1d9d42e-8dc5-4073-8bbb-4e663d61b2f4;23.05.2026 18:56;api;chat/completions;deepseek/deepseek-v4-flash;DeepSeek;6057;105
70cf377e-0ee7-4dea-9329-5fb630296184;23.05.2026 18:56;api;chat/completions;deepseek/deepseek-v4-flash;DeepSeek;4723;106
780c14d5-61a7-40da-855d-865e0bb7661b;23.05.2026 18:56;api;chat/completions;deepseek/deepseek-v4-flash;DeepSeek;1961;93
725fb790-21b2-402e-b8c3-2a065bd51f8c;23.05.2026 18:56;api;chat/completions;deepseek/deepseek-v4-flash;DeepSeek;3450;97
446e58cd-7a50-4033-a7a7-d2697067c24b;23.05.2026 18:56;api;chat/completions;deepseek/deepseek-v4-flash;DeepSeek;1183;1936
d87433ab-295b-4dcd-925a-03ae3450bb4d;23.05.2026 18:56;api;chat/completions;deepseek/deepseek-v4-flash;DeepSeek;2756;1020
a89d97d7-aee6-48d7-bb7a-ea3cbc3cd711;23.05.2026 18:56;api;chat/completions;deepseek/deepseek-v4-flash;DeepSeek;1402;108
63e54934-35fb-4b05-b257-5d90a32f72ef;23.05.2026 18:56;api;chat/completions;deepseek/deepseek-v4-flash;DeepSeek;774;105
d7bd2504-2a1e-4243-87a7-33ce0ee41dc0;23.05.2026 18:56;api;chat/completions;deepseek/deepseek-v4-flash;DeepSeek;2493;294
56795442-d6e5-4b18-89b3-0704da732603;23.05.2026 18:56;api;chat/completions;deepseek/deepseek-v4-flash;DeepSeek;1980;124
d3964feb-4bae-4059-bcc0-65b6ce537de7;23.05.2026 18:56;api;chat/completions;deepseek/deepseek-v4-flash;DeepSeek;2102;110
950ea7ea-d57b-4627-8da2-29fa2a1c9fc1;23.05.2026 18:56;api;chat/completions;deepseek/deepseek-v4-flash;DeepSeek;4191;302
8bd22b3a-aa81-4bd7-8607-0a13441adfc7;23.05.2026 18:56;api;chat/completions;deepseek/deepseek-v4-flash;DeepSeek;904;336
69f17834-9f06-4d40-9ce9-0b9c3d54520a;23.05.2026 18:56;api;chat/completions;deepseek/deepseek-v4-flash;DeepSeek;2231;4150
68a0b500-b5d5-4e60-98b7-8e182bcfc86d;23.05.2026 18:56;api;chat/completions;deepseek/deepseek-v4-flash;DeepSeek;1448;202
0e350d69-c83c-408d-a834-baef1cdd61b5;23.05.2026 18:56;api;chat/completions;deepseek/deepseek-v4-flash;DeepSeek;3394;92
08082e26-3fd5-42d9-bb6f-bba4ef5dc7f0;23.05.2026 18:56;api;chat/completions;deepseek/deepseek-v4-flash;DeepSeek;1156;910
dd158884-7649-4131-82b7-889506def684;23.05.2026 18:56;api;chat/completions;deepseek/deepseek-v4-flash;DeepSeek;821;131
605916bb-cde7-4f01-bb26-bed6097b7e6b;23.05.2026 18:56;api;chat/completions;deepseek/deepseek-v4-flash;DeepSeek;713;292
5af06795-4a83-4819-a62d-8c62d8568f4c;23.05.2026 18:56;api;chat/completions;deepseek/deepseek-v4-flash;DeepSeek;1171;119
fc321d67-6960-4b6c-9365-7dd2b0786655;23.05.2026 18:56;api;chat/completions;deepseek/deepseek-v4-flash;DeepSeek;1283;251
cf2e255c-1420-46ad-9a56-542725f81d0d;23.05.2026 18:56;api;chat/completions;deepseek/deepseek-v4-flash;DeepSeek;3996;323
1170eaa5-878f-4162-94e1-0e79d1277c25;23.05.2026 18:56;api;chat/completions;deepseek/deepseek-v4-flash;DeepSeek;1285;176
1ebe8d40-dfee-4aef-b4ca-4714e86165c3;23.05.2026 18:56;api;chat/completions;deepseek/deepseek-v4-flash;DeepSeek;261;441
ff1dfcdd-cce7-47b2-8291-f91eae29d422;23.05.2026 18:56;api;chat/completions;deepseek/deepseek-v4-flash;DeepSeek;267;494
b114b94f-cefa-49fd-bb6b-48f6340927db;23.05.2026 18:55;api;chat/completions;deepseek/deepseek-v4-flash;DeepSeek;2948;308
6daac694-d858-469c-9b6f-f195fb1f621f;23.05.2026 18:55;api;chat/completions;deepseek/deepseek-v4-flash;DeepSeek;269;530
1064a920-1877-4143-b1a6-f7adff7fc3ef;23.05.2026 18:55;api;chat/completions;deepseek/deepseek-v4-flash;DeepSeek;1427;489
eddb51b0-ef63-42be-a755-84c10fff414b;23.05.2026 18:55;api;chat/completions;deepseek/deepseek-v4-flash;DeepSeek;252;611
d19115d1-a8cc-4bef-b4ff-05d381dc2e29;23.05.2026 18:55;api;chat/completions;deepseek/deepseek-v4-flash;DeepSeek;8533;203
ca4fb871-df2c-471b-a758-2aa9b24b59cf;23.05.2026 18:55;api;chat/completions;deepseek/deepseek-v4-flash;DeepSeek;2162;132
f4e84efe-4744-4702-b818-4f8e8a8c2b28;23.05.2026 18:55;api;chat/completions;deepseek/deepseek-v4-flash;DeepSeek;1295;328
d2789ed9-da6d-421c-aa9c-86e2e3dbc95a;23.05.2026 18:55;api;chat/completions;deepseek/deepseek-v4-flash;DeepSeek;1612;112
191fa566-e6c4-4b22-8e8b-283722af7f2b;23.05.2026 18:55;api;chat/completions;deepseek/deepseek-v4-flash;DeepSeek;8218;291
4c528c44-84e1-44ce-ae89-8034a746152c;23.05.2026 18:55;api;chat/completions;deepseek/deepseek-v4-flash;DeepSeek;769;123
a3693c84-152e-4311-9835-e2d73295a804;23.05.2026 18:55;api;chat/completions;deepseek/deepseek-v4-flash;DeepSeek;382;831
20e98ba9-b072-4441-9425-80a06fb0a4b5;23.05.2026 18:55;api;chat/completions;deepseek/deepseek-v4-flash;DeepSeek;1185;727
7cc6ab9d-59e5-4ba2-a0b0-16ec8646501d;23.05.2026 18:55;api;chat/completions;deepseek/deepseek-v4-flash;DeepSeek;1379;285
9ee86637-c755-4369-aa30-987189c297de;23.05.2026 18:55;api;chat/completions;deepseek/deepseek-v4-flash;DeepSeek;2057;3683
177b2df7-d422-4620-ad4a-b841c7b31cc5;23.05.2026 18:55;api;chat/completions;deepseek/deepseek-v4-flash;DeepSeek;1322;835
1d4d5942-b448-4340-9e51-daf4ea7d4dcf;23.05.2026 18:55;api;chat/completions;deepseek/deepseek-v4-flash;DeepSeek;1375;391
874c9a02-8639-407c-835f-4cf458c594fd;23.05.2026 18:55;api;chat/completions;deepseek/deepseek-v4-flash;DeepSeek;2834;841
b526e015-2f03-46a4-b579-09322c7b6f8b;23.05.2026 18:55;api;chat/completions;deepseek/deepseek-v4-flash;DeepSeek;2499;2073
4d01517e-021e-4ff5-aab4-ad7001bcd077;23.05.2026 18:55;api;chat/completions;deepseek/deepseek-v4-flash;DeepSeek;2672;810
18b496aa-edf6-423b-a6cd-986881d21db6;23.05.2026 18:55;api;chat/completions;deepseek/deepseek-v4-flash;DeepSeek;7213;410
07e170cb-e310-4137-9b6d-fffb76941328;23.05.2026 18:55;api;chat/completions;deepseek/deepseek-v4-flash;DeepSeek;3722;224
a673fc6a-6896-45dc-a63a-932c9e0a626c;23.05.2026 18:55;api;chat/completions;deepseek/deepseek-v4-flash;DeepSeek;1195;2480
24b97497-ce20-440f-997e-0e3e4e06c01c;23.05.2026 18:55;api;chat/completions;deepseek/deepseek-v4-flash;DeepSeek;1023;655
dfdd3ec5-8e19-4fd6-9de2-5d0e85f5fe68;23.05.2026 18:54;api;chat/completions;deepseek/deepseek-v4-flash;DeepSeek;2289;2247
a2bce0a8-73e2-47a5-9c27-2d269ec39a51;23.05.2026 18:54;api;chat/completions;deepseek/deepseek-v4-flash;DeepSeek;3336;210
e2b1b0b8-02b9-4f44-a25e-f57c62f52089;23.05.2026 18:54;api;chat/completions;deepseek/deepseek-v4-flash;DeepSeek;1535;1153
f1be6cc2-c21b-4f91-98b8-5dd3ce1b2b0c;23.05.2026 18:54;api;chat/completions;deepseek/deepseek-v4-flash;DeepSeek;1554;2156
c1777cc6-6336-4950-9298-1a8cdb5712e7;23.05.2026 18:54;api;chat/completions;deepseek/deepseek-v4-flash;DeepSeek;3141;562
9495600f-093d-43ea-a6d1-15e071d03da4;23.05.2026 18:54;api;chat/completions;deepseek/deepseek-v4-flash;DeepSeek;2572;699
c0a05438-fd41-400a-9797-b46c8f5f7bed;23.05.2026 18:54;api;chat/completions;deepseek/deepseek-v4-flash;DeepSeek;2142;101
bbd508ca-d5cb-4a96-91f4-20db446dfc77;23.05.2026 18:54;api;chat/completions;deepseek/deepseek-v4-flash;DeepSeek;2398;235
4e06eff5-7299-4d01-9084-2328df36dfe9;23.05.2026 18:54;api;chat/completions;deepseek/deepseek-v4-flash;DeepSeek;808;271
ccca8873-4225-40c1-bb90-6fa4ce89d238;23.05.2026 18:54;api;chat/completions;deepseek/deepseek-v4-flash;DeepSeek;1483;297
bde3ba62-96a3-4d64-baff-8c872655b794;23.05.2026 18:54;api;chat/completions;deepseek/deepseek-v4-flash;DeepSeek;1137;159
7685d53a-3950-4a56-8ffd-e1f88444e977;23.05.2026 18:54;api;chat/completions;deepseek/deepseek-v4-flash;DeepSeek;766;113
47ca554f-0085-418d-94c0-e55cdd5b5d53;23.05.2026 18:54;api;chat/completions;deepseek/deepseek-v4-flash;DeepSeek;623;325
10c1cb65-2f5d-46ee-813c-1f11667e6492;23.05.2026 18:54;api;chat/completions;deepseek/deepseek-v4-flash;DeepSeek;1260;138
8027e83f-b675-42c7-bf3c-9370c42c870a;23.05.2026 18:54;api;chat/completions;deepseek/deepseek-v4-flash;DeepSeek;1250;164
28a7edca-8c7d-4059-9725-6f0f162c64e4;23.05.2026 18:54;api;chat/completions;deepseek/deepseek-v4-flash;DeepSeek;243;348
9e26e052-029e-4a3b-b54e-856c7380a208;23.05.2026 18:54;api;chat/completions;deepseek/deepseek-v4-flash;DeepSeek;972;2494
015267f5-3067-47c3-9a3b-9724050f6ad9;23.05.2026 18:54;api;chat/completions;deepseek/deepseek-v4-flash;DeepSeek;247;393
796d9987-2fef-45f1-b11c-e720de5bb972;23.05.2026 18:54;api;chat/completions;deepseek/deepseek-v4-flash;DeepSeek;1363;635
8584cd4f-b420-4ea0-aeb1-87e1fcde1c51;23.05.2026 18:54;api;chat/completions;deepseek/deepseek-v4-flash;DeepSeek;1080;848
c5495764-aeef-4634-9c50-223e414f7964;23.05.2026 18:54;api;chat/completions;deepseek/deepseek-v4-flash;DeepSeek;4941;66
936ba959-12ef-48d6-96b7-62cf6acc83b0;23.05.2026 18:54;api;chat/completions;deepseek/deepseek-v4-flash;DeepSeek;237;675
d58cc4e0-63eb-46a9-8f8a-b11cf6975715;23.05.2026 18:54;api;chat/completions;deepseek/deepseek-v4-flash;DeepSeek;3474;282
1b1c838a-88bf-4537-8639-0cb08f4da372;23.05.2026 18:54;api;chat/completions;deepseek/deepseek-v4-flash;DeepSeek;235;676
8b563665-3d2d-4534-8c4c-4ea16f81747b;23.05.2026 18:53;api;chat/completions;deepseek/deepseek-v4-flash;DeepSeek;2511;184
232264ed-ef9b-4b80-a2f8-c13e7a35d857;23.05.2026 18:53;api;chat/completions;deepseek/deepseek-v4-flash;DeepSeek;379;722
caf1e704-25d4-478e-9e9f-685edeba2dfd;23.05.2026 18:53;api;chat/completions;deepseek/deepseek-v4-flash;DeepSeek;2246;263
f19c1beb-ef37-4c9b-8966-5f34feb65791;23.05.2026 18:53;api;chat/completions;deepseek/deepseek-v4-flash;DeepSeek;1174;545
2cc75c72-ec9e-4785-8ac5-89f2d910854c;23.05.2026 18:53;api;chat/completions;deepseek/deepseek-v4-flash;DeepSeek;5472;195
32afd0d8-646e-40cf-9bde-92af7924dd7a;23.05.2026 18:53;api;chat/completions;deepseek/deepseek-v4-flash;DeepSeek;4787;493
d5d2bd19-18ec-4809-b49c-d8eac980415f;23.05.2026 18:53;api;chat/completions;deepseek/deepseek-v4-flash;DeepSeek;5171;299
2ea61333-da45-485a-b5cf-6c45fa0fefdb;23.05.2026 18:53;api;chat/completions;deepseek/deepseek-v4-flash;DeepSeek;4412;238
17f1768d-6e39-46eb-a4da-a359b56507e4;23.05.2026 18:53;api;chat/completions;deepseek/deepseek-v4-flash;DeepSeek;2016;1086
a5be921f-8b91-4d4b-9a25-600575e274cf;23.05.2026 18:53;api;chat/completions;deepseek/deepseek-v4-flash;DeepSeek;4073;350
1cfa922b-3448-45b9-ac93-7f770521f3fc;23.05.2026 18:53;api;chat/completions;deepseek/deepseek-v4-flash;DeepSeek;2053;162
14f78ed3-940c-41a6-ac45-c42437e7418b;23.05.2026 18:53;api;chat/completions;deepseek/deepseek-v4-flash;DeepSeek;3741;455
8a6c55cf-affa-44cf-9c4c-cc1bd3220d64;23.05.2026 18:53;api;chat/completions;deepseek/deepseek-v4-flash;DeepSeek;1840;183
58617afe-a982-4700-90d3-372a8dd12c40;23.05.2026 18:53;api;chat/completions;deepseek/deepseek-v4-flash;DeepSeek;980;425
cc8fde8b-1c7e-4e16-890b-79466eae8c37;23.05.2026 18:53;api;chat/completions;deepseek/deepseek-v4-flash;DeepSeek;2815;255
6bbdf64a-6b7f-4826-86f2-785a32e7800e;23.05.2026 18:53;api;chat/completions;deepseek/deepseek-v4-flash;DeepSeek;1570;276
0c9cece9-034b-46d7-a451-1ad8f53b0217;23.05.2026 18:53;api;chat/completions;deepseek/deepseek-v4-flash;DeepSeek;1486;119
21669db6-472f-4b23-9c66-bc537f68e9e8;23.05.2026 18:53;api;chat/completions;deepseek/deepseek-v4-flash;DeepSeek;818;621
fafad2e6-0116-4b3b-a210-0e6fc01d8053;23.05.2026 18:53;api;chat/completions;deepseek/deepseek-v4-flash;DeepSeek;1339;156
8812cbfc-2450-42ab-aa22-7476512e7345;23.05.2026 18:53;api;chat/completions;deepseek/deepseek-v4-flash;DeepSeek;1356;210
9b060ae2-bdc9-4182-a582-7991b71279fa;23.05.2026 18:53;api;chat/completions;deepseek/deepseek-v4-flash;DeepSeek;4532;353
247dbdbd-c414-46b8-b7b8-9ba6a3d5cf54;23.05.2026 18:53;api;chat/completions;deepseek/deepseek-v4-flash;DeepSeek;786;108
d5b0391e-b841-4ba2-ad34-14a0fa0e6a69;23.05.2026 18:53;api;chat/completions;deepseek/deepseek-v4-flash;DeepSeek;655;295
382a37b1-2087-4563-886d-1a8bb9c322d4;23.05.2026 18:53;api;chat/completions;deepseek/deepseek-v4-flash;DeepSeek;1145;100
a882014c-d1aa-4990-8c31-9a3b27a32be1;23.05.2026 18:53;api;chat/completions;deepseek/deepseek-v4-flash;DeepSeek;3003;246
b3fc72a8-0f65-4b23-bc00-1152880e8199;23.05.2026 18:53;api;chat/completions;deepseek/deepseek-v4-flash;DeepSeek;1270;139
d5c4f900-fa98-4319-9761-941654a39fa5;23.05.2026 18:52;api;chat/completions;deepseek/deepseek-v4-flash;DeepSeek;1271;151
213f3ca4-0f59-4a75-9a4e-c35952d477db;23.05.2026 18:52;api;chat/completions;deepseek/deepseek-v4-flash;DeepSeek;2759;276
9cd0b843-153a-4e9b-85be-03c0391776dd;23.05.2026 18:52;api;chat/completions;deepseek/deepseek-v4-flash;DeepSeek;3617;745
d18d18ac-3689-44a2-99c0-cf4f9457d357;23.05.2026 18:52;api;chat/completions;deepseek/deepseek-v4-flash;DeepSeek;242;350
43732fa9-f877-48bf-9eaa-89aeb4ce3ac8;23.05.2026 18:52;api;chat/completions;deepseek/deepseek-v4-flash;DeepSeek;1936;167
0ff59f47-4bdb-4e09-9028-76f6eea2e430;23.05.2026 18:52;api;chat/completions;deepseek/deepseek-v4-flash;DeepSeek;1477;193
fc357a05-eb0e-49a7-bcb0-01d18d0d1bec;23.05.2026 18:52;api;chat/completions;deepseek/deepseek-v4-flash;DeepSeek;238;347
f1271675-eb01-4152-bcd9-5b7005197a5c;23.05.2026 18:52;api;chat/completions;deepseek/deepseek-v4-flash;DeepSeek;1200;108
40b76ad0-4f67-45a9-a391-394f117b5afc;23.05.2026 18:52;api;chat/completions;deepseek/deepseek-v4-flash;DeepSeek;3217;491
5a3db91d-4ac0-463b-8c1d-02c0c1efa8d7;23.05.2026 18:52;api;chat/completions;deepseek/deepseek-v4-flash;DeepSeek;250;412
32bc46a8-4f5b-4d87-93fd-43fa1acd56b7;23.05.2026 18:52;api;chat/completions;deepseek/deepseek-v4-flash;DeepSeek;3539;98
51c108c2-dc7f-48d0-a853-075dd63be20a;23.05.2026 18:52;api;chat/completions;deepseek/deepseek-v4-flash;DeepSeek;1458;886
3b98fbab-d868-4fc1-956a-43d0d14f0720;23.05.2026 18:52;api;chat/completions;deepseek/deepseek-v4-flash;DeepSeek;251;1001
2d9c432c-fd67-4432-886a-553e6bb9b4d0;23.05.2026 18:52;api;chat/completions;deepseek/deepseek-v4-flash;DeepSeek;2946;99
8a68e9f5-4e5a-4104-922b-1716915cf64a;23.05.2026 18:52;api;chat/completions;deepseek/deepseek-v4-flash;DeepSeek;2680;1326
68760d73-d136-4611-b762-1903fb29d51a;23.05.2026 18:52;api;chat/completions;deepseek/deepseek-v4-flash;DeepSeek;246;627
8d56b4e4-5b7c-4943-98e3-2c2b2689aca8;23.05.2026 18:52;api;chat/completions;deepseek/deepseek-v4-flash;DeepSeek;2977;7432
4300bd1e-c667-4913-972a-adf3418475a4;23.05.2026 18:52;api;chat/completions;deepseek/deepseek-v4-flash;DeepSeek;2609;552
9b48dca2-b66c-4597-8fe4-f0035f948665;23.05.2026 18:52;api;chat/completions;deepseek/deepseek-v4-flash;DeepSeek;1322;1029
68e92700-4814-4cb7-8c45-eb66b47a012c;23.05.2026 18:52;api;chat/completions;deepseek/deepseek-v4-flash;DeepSeek;1384;235
468e3771-4620-4d67-a62e-cd26f7eb1d5c;23.05.2026 18:52;api;chat/completions;deepseek/deepseek-v4-flash;DeepSeek;2301;85
96dc467d-61b0-4fb6-a267-b812a8465414;23.05.2026 18:52;api;chat/completions;deepseek/deepseek-v4-flash;DeepSeek;381;639
5ea7231e-6dc3-4535-a4ba-2f265280e72f;23.05.2026 18:52;api;chat/completions;deepseek/deepseek-v4-flash;DeepSeek;1173;93
044a2712-ee56-48a8-a645-7e3e3801c8d2;23.05.2026 18:52;api;chat/completions;deepseek/deepseek-v4-flash;DeepSeek;589;700
035fccb0-8a49-4fdf-a91f-d87ec639ec05;23.05.2026 18:52;api;chat/completions;deepseek/deepseek-v4-flash;DeepSeek;2326;1865
a7b7c7f7-750b-4d3d-b515-9acae54989b6;23.05.2026 18:51;api;chat/completions;deepseek/deepseek-v4-flash;DeepSeek;2142;116
725d1e38-ab75-438a-9c08-d46493a767ff;23.05.2026 18:51;api;chat/completions;deepseek/deepseek-v4-flash;DeepSeek;1155;361
0ea4aaa2-518d-44d8-b3d8-1b38c4d0223b;23.05.2026 18:51;api;chat/completions;deepseek/deepseek-v4-flash;DeepSeek;7451;540
65852b2a-ec28-4a8e-aa2f-1c3e6f3fc151;23.05.2026 18:51;api;chat/completions;deepseek/deepseek-v4-flash;DeepSeek;1438;110
a1786414-1014-4f48-8489-00d6adcee914;23.05.2026 18:51;api;chat/completions;deepseek/deepseek-v4-flash;DeepSeek;778;126
cf139bed-71d2-42e8-a15c-803f1341446c;23.05.2026 18:51;api;chat/completions;deepseek/deepseek-v4-flash;DeepSeek;2552;3721
0723161b-436d-454c-bb2a-55ac642ce333;23.05.2026 18:51;api;chat/completions;deepseek/deepseek-v4-flash;DeepSeek;5513;111
46dbcacd-b472-4d98-b8b7-7057496dbe43;23.05.2026 18:51;api;chat/completions;deepseek/deepseek-v4-flash;DeepSeek;1145;2485
41298619-0cb6-4692-b0e7-ae61ee0df14c;23.05.2026 18:51;api;chat/completions;deepseek/deepseek-v4-flash;DeepSeek;4947;260
e72ee6aa-d08c-4599-8e9e-f03c3aa147d2;23.05.2026 18:51;api;chat/completions;deepseek/deepseek-v4-flash;DeepSeek;986;3309
1965be8a-38a0-4eaf-85d9-3e96d98ba0d0;23.05.2026 18:51;api;chat/completions;deepseek/deepseek-v4-flash;DeepSeek;1026;645
b4b4576e-4908-467f-82e5-aad4295c9556;23.05.2026 18:51;api;chat/completions;deepseek/deepseek-v4-flash;DeepSeek;5321;153
56939ea4-e3a3-4911-8121-4667cbf3ca74;23.05.2026 18:51;api;chat/completions;deepseek/deepseek-v4-flash;DeepSeek;2342;1882
e7a51554-b25d-47e1-83a8-7265fea0d89e;23.05.2026 18:51;api;chat/completions;deepseek/deepseek-v4-flash;DeepSeek;3410;93
12e7590d-dccc-4a85-a13c-beb24ae2131c;23.05.2026 18:51;api;chat/completions;deepseek/deepseek-v4-flash;DeepSeek;3219;774
0cac83cd-79e6-45a2-8b14-27930c40373c;23.05.2026 18:51;api;chat/completions;deepseek/deepseek-v4-flash;DeepSeek;1485;1361
64fa9a1c-b7d3-459a-b01b-271bb32d6774;23.05.2026 18:51;api;chat/completions;deepseek/deepseek-v4-flash;DeepSeek;4043;104
4f2ea33f-e720-46e9-ad25-238d7339f7bb;23.05.2026 18:51;api;chat/completions;deepseek/deepseek-v4-flash;DeepSeek;2971;438
476b3424-03cd-4741-834e-b09fe46e0e42;23.05.2026 18:50;api;chat/completions;deepseek/deepseek-v4-flash;DeepSeek;2737;96
8eda4ffe-23f9-4453-b277-497417e3ceeb;23.05.2026 18:50;api;chat/completions;deepseek/deepseek-v4-flash;DeepSeek;2090;419
e07977f8-8fa9-4987-99cf-1f368077af51;23.05.2026 18:50;api;chat/completions;deepseek/deepseek-v4-flash;DeepSeek;6920;193
96f6f63c-857a-403c-be8e-b57abaf0cf53;23.05.2026 18:50;api;chat/completions;deepseek/deepseek-v4-flash;DeepSeek;779;243
d69021d7-5f19-4173-9be2-f86bac35502b;23.05.2026 18:50;api;chat/completions;deepseek/deepseek-v4-flash;DeepSeek;1456;276
1a3bc9b7-574b-485a-b8e1-36f159d5f649;23.05.2026 18:50;api;chat/completions;deepseek/deepseek-v4-flash;DeepSeek;6576;319
2fdcd0e1-1426-4fa6-a09b-34f81a925002;23.05.2026 18:50;api;chat/completions;deepseek/deepseek-v4-flash;DeepSeek;1195;79
e621a2b7-a68f-479d-b2ef-f1914e3ffc0c;23.05.2026 18:50;api;chat/completions;deepseek/deepseek-v4-flash;DeepSeek;632;229
658cbd2d-cc10-4be7-9b0d-4cc4e07536b0;23.05.2026 18:50;api;chat/completions;deepseek/deepseek-v4-flash;DeepSeek;836;251
9107e424-6eec-40d3-bd57-cc459bcd6850;23.05.2026 18:50;api;chat/completions;deepseek/deepseek-v4-flash;DeepSeek;1794;112
8d64b4f6-7dc0-4d0f-8c34-83e9900e41b7;23.05.2026 18:50;api;chat/completions;deepseek/deepseek-v4-flash;DeepSeek;1385;193
b520fe48-ad0c-449b-9eda-782ecd4fc863;23.05.2026 18:50;api;chat/completions;deepseek/deepseek-v4-flash;DeepSeek;613;231
cd333632-0f00-47be-8075-5831858910bb;23.05.2026 18:50;api;chat/completions;deepseek/deepseek-v4-flash;DeepSeek;753;103
a9487e1d-4c01-4ae6-82c9-d1c64c6b5936;23.05.2026 18:50;api;chat/completions;deepseek/deepseek-v4-flash;DeepSeek;1263;144
0beba499-66fc-4af9-a4f9-aa73f465fa8f;23.05.2026 18:50;api;chat/completions;deepseek/deepseek-v4-flash;DeepSeek;1262;168
ef0e831d-a160-4c91-9bd7-f5fd4c452d76;23.05.2026 18:50;api;chat/completions;deepseek/deepseek-v4-flash;DeepSeek;3229;139
a511a3f3-831a-4565-ae90-04af93b3a1c2;23.05.2026 18:50;api;chat/completions;deepseek/deepseek-v4-flash;DeepSeek;1067;2836
9aee89c1-f0df-47ca-b3b1-c8b5e42cd77e;23.05.2026 18:50;api;chat/completions;deepseek/deepseek-v4-flash;DeepSeek;1256;236
8b165f3b-b072-4bdc-823c-4fbb5edf9c42;23.05.2026 18:50;api;chat/completions;deepseek/deepseek-v4-flash;DeepSeek;2033;139
f04b634c-e1a7-42a8-ac02-8a9657000307;23.05.2026 18:50;api;chat/completions;deepseek/deepseek-v4-flash;DeepSeek;4224;205
1e00159c-5cb8-438d-afb6-01b8a75181b4;23.05.2026 18:50;api;chat/completions;deepseek/deepseek-v4-flash;DeepSeek;3442;113
78ab0a88-1851-4943-830a-dc696645b790;23.05.2026 18:50;api;chat/completions;deepseek/deepseek-v4-flash;DeepSeek;2864;100
104e5521-f824-4246-97f5-4c5ed8e3b5a8;23.05.2026 18:50;api;chat/completions;deepseek/deepseek-v4-flash;DeepSeek;262;781
80c2f2d3-33f1-453e-ad68-411d586946d9;23.05.2026 18:50;api;chat/completions;deepseek/deepseek-v4-flash;DeepSeek;760;104
49599581-e714-47cf-8734-53d384f2833a;23.05.2026 18:50;api;chat/completions;deepseek/deepseek-v4-flash;DeepSeek;2123;103
9f731dad-66a8-4286-bbe1-b56a218fbff8;23.05.2026 18:50;api;chat/completions;deepseek/deepseek-v4-flash;DeepSeek;2576;829
d7b93457-dc87-48fd-bc99-feb1a2278d87;23.05.2026 18:50;api;chat/completions;deepseek/deepseek-v4-flash;DeepSeek;1407;1227
aaf89365-22a2-4df2-990e-6a254a83443d;23.05.2026 18:50;api;chat/completions;deepseek/deepseek-v4-flash;DeepSeek;250;395
70727414-9292-4682-a347-7705d999088a;23.05.2026 18:50;api;chat/completions;deepseek/deepseek-v4-flash;DeepSeek;5545;357
27002e64-69bf-473c-a988-1b78a50ec2fa;23.05.2026 18:50;api;chat/completions;deepseek/deepseek-v4-flash;DeepSeek;1411;108
baf2aae3-0b3c-4703-90e4-448d582ae193;23.05.2026 18:50;api;chat/completions;deepseek/deepseek-v4-flash;DeepSeek;249;737
e79addd7-f524-4ecd-8833-4647c6b808af;23.05.2026 18:50;api;chat/completions;deepseek/deepseek-v4-flash;DeepSeek;782;116
cd32d90c-ad74-4872-94aa-c2bf96ec5e99;23.05.2026 18:50;api;chat/completions;deepseek/deepseek-v4-flash;DeepSeek;243;297
ff40650c-a3ac-4522-a370-447296ebe34e;23.05.2026 18:50;api;chat/completions;deepseek/deepseek-v4-flash;DeepSeek;3299;1183
5639deeb-3e94-4b77-9371-d372f5cc6c9c;23.05.2026 18:50;api;chat/completions;deepseek/deepseek-v4-flash;DeepSeek;7652;255
9ae5fd9f-46c9-4f39-a7dd-796ebbb6280f;23.05.2026 18:50;api;chat/completions;deepseek/deepseek-v4-flash;DeepSeek;4241;121
5e766459-2add-47c1-bba1-0a72cd7fbf94;23.05.2026 18:50;api;chat/completions;deepseek/deepseek-v4-flash;DeepSeek;1379;716
8af42306-35d0-4a05-a556-8927a12a0e17;23.05.2026 18:50;api;chat/completions;deepseek/deepseek-v4-flash;DeepSeek;3950;270
2f02ebaf-6147-4b5d-925f-81148d430b10;23.05.2026 18:50;api;chat/completions;deepseek/deepseek-v4-flash;DeepSeek;7212;488
87269bf6-f481-4361-9ead-5db6414fa1aa;23.05.2026 18:49;api;chat/completions;deepseek/deepseek-v4-flash;DeepSeek;922;1327
b47b8b6c-b3f5-4290-8f30-958b58281fd9;23.05.2026 18:49;api;chat/completions;deepseek/deepseek-v4-flash;DeepSeek;2628;1089
e1ff31cf-211d-4756-a417-3b152bb0bf3f;23.05.2026 18:49;api;chat/completions;deepseek/deepseek-v4-flash;DeepSeek;379;1292
305895db-dfce-446e-808a-573006c24550;23.05.2026 18:49;api;chat/completions;deepseek/deepseek-v4-flash;DeepSeek;1159;380
16bd4ae4-664a-46bc-a9dd-1a03dfa86544;23.05.2026 18:49;api;chat/completions;deepseek/deepseek-v4-flash;DeepSeek;2003;235
7de48d2d-80c0-46a3-b46c-ad3194710a99;23.05.2026 18:49;api;chat/completions;deepseek/deepseek-v4-flash;DeepSeek;5033;235
e5b5f05f-0aea-43a8-9bea-640ffe2a8c9a;23.05.2026 18:49;api;chat/completions;deepseek/deepseek-v4-flash;DeepSeek;3512;131
be4e81ba-a512-47ff-bf72-926bd5d90744;23.05.2026 18:49;api;chat/completions;deepseek/deepseek-v4-flash;DeepSeek;1851;889
41fb16ce-2a25-4f74-9886-4c67fec1488d;23.05.2026 18:49;api;chat/completions;deepseek/deepseek-v4-flash;DeepSeek;2714;102
30c6dd0d-d2bb-411b-9d95-663a752958a0;23.05.2026 18:49;api;chat/completions;deepseek/deepseek-v4-flash;DeepSeek;3525;251
50bdf3d3-2405-4ac0-8136-9b0e0846dbc2;23.05.2026 18:49;api;chat/completions;deepseek/deepseek-v4-flash;DeepSeek;787;172
bbab2dda-aa26-4b8a-ada6-ca81d50ca723;23.05.2026 18:49;api;chat/completions;deepseek/deepseek-v4-flash;DeepSeek;1976;117
a1d01875-4ee5-4a24-9644-c85d89308905;23.05.2026 18:49;api;chat/completions;deepseek/deepseek-v4-flash;DeepSeek;3108;451
7fa1ca19-01b6-4c2f-ad88-362b0fc56cce;23.05.2026 18:49;api;chat/completions;deepseek/deepseek-v4-flash;DeepSeek;4193;108
b3e1023f-d299-4f08-acfd-a41d54a6099a;23.05.2026 18:49;api;chat/completions;deepseek/deepseek-v4-flash;DeepSeek;1422;140
77c94fbb-f2e9-40a8-adf5-396ca39e26bd;23.05.2026 18:49;api;chat/completions;deepseek/deepseek-v4-flash;DeepSeek;990;1634
01b2f307-99e9-492c-9749-787257ce3819;23.05.2026 18:49;api;chat/completions;deepseek/deepseek-v4-flash;DeepSeek;752;242
dd1ab30b-19a4-40b9-8146-d6ed28c90129;23.05.2026 18:49;api;chat/completions;deepseek/deepseek-v4-flash;DeepSeek;3498;103
aedcb0fa-23f0-4b0e-8260-82ff654808fa;23.05.2026 18:49;api;chat/completions;deepseek/deepseek-v4-flash;DeepSeek;751;98
8cc4453c-563a-4988-91a8-c61dc7111ce1;23.05.2026 18:49;api;chat/completions;deepseek/deepseek-v4-flash;DeepSeek;613;199
7c4bde23-bcd9-4e8c-9619-2df1f3f0803c;23.05.2026 18:49;api;chat/completions;deepseek/deepseek-v4-flash;DeepSeek;1248;133
30167bd7-de52-4ab1-9779-7937dd703f54;23.05.2026 18:49;api;chat/completions;deepseek/deepseek-v4-flash;DeepSeek;2809;93
26ac3f17-4ff1-4769-93a7-4f1840cbd298;23.05.2026 18:49;api;chat/completions;deepseek/deepseek-v4-flash;DeepSeek;1251;157
f209e75f-84cc-43f4-96b7-f9e12d5b1d04;23.05.2026 18:49;api;chat/completions;deepseek/deepseek-v4-flash;DeepSeek;4442;287
efc70984-d3c8-4fb4-b6f6-13be61171df2;23.05.2026 18:49;api;chat/completions;deepseek/deepseek-v4-flash;DeepSeek;800;248
5ee18cbc-c376-417f-bf39-8f1155552114;23.05.2026 18:49;api;chat/completions;deepseek/deepseek-v4-flash;DeepSeek;1973;89
679d609c-65ba-45f5-a613-3be5f5e5dc3f;23.05.2026 18:49;api;chat/completions;deepseek/deepseek-v4-flash;DeepSeek;2466;3090
7358f1d0-3a50-45cb-a5de-d9ee6ef0455a;23.05.2026 18:49;api;chat/completions;deepseek/deepseek-v4-flash;DeepSeek;1249;277
46b037b1-61fa-424a-a0f6-30f8420d243f;23.05.2026 18:49;api;chat/completions;deepseek/deepseek-v4-flash;DeepSeek;1733;2145
51b2b124-94d0-4d6c-ba6e-3931cb352091;23.05.2026 18:49;api;chat/completions;deepseek/deepseek-v4-flash;DeepSeek;1362;87
f39ae3af-a36d-408a-a3e0-2fda4fc00672;23.05.2026 18:49;api;chat/completions;deepseek/deepseek-v4-flash;DeepSeek;254;561
cc6e808e-7698-4ba5-9ba5-5776feb0369d;23.05.2026 18:49;api;chat/completions;deepseek/deepseek-v4-flash;DeepSeek;3227;161
2408cc7f-1d69-4291-b5f2-2c928f9af841;23.05.2026 18:49;api;chat/completions;deepseek/deepseek-v4-flash;DeepSeek;235;339
ede80b3e-f01b-4fa3-b236-2a65c247d5d7;23.05.2026 18:49;api;chat/completions;deepseek/deepseek-v4-flash;DeepSeek;819;310
29907622-ff79-464c-aa54-976ec40ce0f1;23.05.2026 18:49;api;chat/completions;deepseek/deepseek-v4-flash;DeepSeek;1085;397
76878328-34af-4362-b975-d25d74d9ccad;23.05.2026 18:49;api;chat/completions;deepseek/deepseek-v4-flash;DeepSeek;811;119
21f75536-d678-4c5d-9006-239272fc1cf2;23.05.2026 18:49;api;chat/completions;deepseek/deepseek-v4-flash;DeepSeek;653;241
1b3937d0-929b-423c-8958-c82dd3e6ec99;23.05.2026 18:49;api;chat/completions;deepseek/deepseek-v4-flash;DeepSeek;238;550
68c314fc-a46a-46d2-a58a-c03ef67558b0;23.05.2026 18:49;api;chat/completions;deepseek/deepseek-v4-flash;DeepSeek;4420;180
f62e1055-9b51-4888-953d-d95e35831690;23.05.2026 18:49;api;chat/completions;deepseek/deepseek-v4-flash;DeepSeek;1397;202
4e038eb4-47bd-4d4b-b82b-422e8981cfd0;23.05.2026 18:49;api;chat/completions;deepseek/deepseek-v4-flash;DeepSeek;236;345
48b2df80-0573-4670-929c-8e50ec750d2b;23.05.2026 18:48;api;chat/completions;deepseek/deepseek-v4-flash;DeepSeek;1388;282
3cbb2ae9-ce10-4f26-b005-efc4a064d3ce;23.05.2026 18:48;api;chat/completions;deepseek/deepseek-v4-flash;DeepSeek;391;585
16b382ad-5503-4c3b-b133-56052fb54e41;23.05.2026 18:48;api;chat/completions;deepseek/deepseek-v4-flash;DeepSeek;1389;262
8059e003-7642-4702-b964-a2a70929fdf4;23.05.2026 18:48;api;chat/completions;deepseek/deepseek-v4-flash;DeepSeek;3800;214
cfc33757-93d1-43f8-858a-9977b63c06de;23.05.2026 18:48;api;chat/completions;deepseek/deepseek-v4-flash;DeepSeek;4189;353
78da18b3-94a1-4ee9-a5bd-47701d032a5e;23.05.2026 18:48;api;chat/completions;deepseek/deepseek-v4-flash;DeepSeek;379;1334
1c8a0e2d-94e2-4d67-b8ce-111f075a90aa;23.05.2026 18:48;api;chat/completions;deepseek/deepseek-v4-flash;DeepSeek;3841;372
5951f692-d5b9-4680-9e09-0af222bb446d;23.05.2026 18:48;api;chat/completions;deepseek/deepseek-v4-flash;DeepSeek;610;638
0ed9335f-2727-438a-aa22-c2542d0508ad;23.05.2026 18:48;api;chat/completions;deepseek/deepseek-v4-flash;DeepSeek;937;2061
017adb36-5afd-4e59-a17b-9cc4f70d4a53;23.05.2026 18:48;api;chat/completions;deepseek/deepseek-v4-flash;DeepSeek;2635;179
73106743-99e9-4c16-a0a9-0cf6f91badd6;23.05.2026 18:48;api;chat/completions;deepseek/deepseek-v4-flash;DeepSeek;1900;103
0333db34-81d3-4a47-ad01-921231908c02;23.05.2026 18:48;api;chat/completions;deepseek/deepseek-v4-flash;DeepSeek;2216;4069
863c4ef8-445e-48c9-974b-8f701c91afee;23.05.2026 18:48;api;chat/completions;deepseek/deepseek-v4-flash;DeepSeek;2787;388
3376c90a-dd07-4271-9d14-4ef7db777d0f;23.05.2026 18:48;api;chat/completions;deepseek/deepseek-v4-flash;DeepSeek;1318;97
f625a634-2f6e-463f-879d-91bb53913bee;23.05.2026 18:48;api;chat/completions;deepseek/deepseek-v4-flash;DeepSeek;2112;97
1cd21164-b732-41c3-8195-1e4d8d009694;23.05.2026 18:48;api;chat/completions;deepseek/deepseek-v4-flash;DeepSeek;1458;111
5ec3dfc4-c9be-4a08-9550-72a334ec8351;23.05.2026 18:48;api;chat/completions;deepseek/deepseek-v4-flash;DeepSeek;773;110
96907fc6-afa1-40ba-b7d6-837b48d1c9b7;23.05.2026 18:48;api;chat/completions;deepseek/deepseek-v4-flash;DeepSeek;745;223
e5f1e4d6-1c00-43d1-8695-a95cbd95ea03;23.05.2026 18:48;api;chat/completions;deepseek/deepseek-v4-flash;DeepSeek;1268;192
d5debf99-0269-4f22-9724-35f525f2930e;23.05.2026 18:48;api;chat/completions;deepseek/deepseek-v4-flash;DeepSeek;2930;3073
5ccf9d4a-6dc9-449f-bbe1-a46b3148afe0;23.05.2026 18:48;api;chat/completions;deepseek/deepseek-v4-flash;DeepSeek;771;128
35a712fa-086f-4abd-9c15-da51b79fc756;23.05.2026 18:48;api;chat/completions;deepseek/deepseek-v4-flash;DeepSeek;572;199
f5fbc5fe-1e7b-4195-bbb0-457c8bc1eb2f;23.05.2026 18:48;api;chat/completions;deepseek/deepseek-v4-flash;DeepSeek;1269;241
97e02533-c115-4aab-a9a1-1e9fbd9765df;23.05.2026 18:48;api;chat/completions;deepseek/deepseek-v4-flash;DeepSeek;1393;222
150abf5c-a1b6-49b8-b99d-f0fb0532bebb;23.05.2026 18:48;api;chat/completions;deepseek/deepseek-v4-flash;DeepSeek;1259;214
4ee5b743-cce3-45e0-b270-d06d30e2ff12;23.05.2026 18:48;api;chat/completions;deepseek/deepseek-v4-flash;DeepSeek;1391;250
c0827b97-55f6-40d7-a13a-14320e730676;23.05.2026 18:47;api;chat/completions;deepseek/deepseek-v4-flash;DeepSeek;266;600
6df511f6-9bb0-4542-94e9-036eda889cbd;23.05.2026 18:47;api;chat/completions;deepseek/deepseek-v4-flash;DeepSeek;1056;2807
f9de91fd-5a46-40d4-b0aa-289ff8e7baf8;23.05.2026 18:47;api;chat/completions;deepseek/deepseek-v4-flash;DeepSeek;251;976
27b87329-da40-4389-a97c-f01e4af63748;23.05.2026 18:47;api;chat/completions;deepseek/deepseek-v4-flash;DeepSeek;249;369
32092fee-ac19-48b2-be4e-9a86a21836ac;23.05.2026 18:47;api;chat/completions;deepseek/deepseek-v4-flash;DeepSeek;1569;1065
cf93bdf1-2fb0-40ef-9963-81dcaa8c29f6;23.05.2026 18:47;api;chat/completions;deepseek/deepseek-v4-flash;DeepSeek;250;447
6bc88829-51bd-45ff-b3fa-946b4eae32f6;23.05.2026 18:47;api;chat/completions;deepseek/deepseek-v4-flash;DeepSeek;240;441
bb48918b-e739-4dc9-b10e-bd2009ae998a;23.05.2026 18:47;api;chat/completions;deepseek/deepseek-v4-flash;DeepSeek;2419;1497
3fb6330d-c998-4066-a560-c2088ce6cffe;23.05.2026 18:47;api;chat/completions;deepseek/deepseek-v4-flash;DeepSeek;2725;3408
4b91ec7f-b373-4264-a5fd-462ce298046e;23.05.2026 18:47;api;chat/completions;deepseek/deepseek-v4-flash;DeepSeek;385;1067
1f0c7689-793b-41d2-af5e-bc093323bfbf;23.05.2026 18:47;api;chat/completions;deepseek/deepseek-v4-flash;DeepSeek;2258;621
8a80f021-19a8-4377-8a84-3ba9138b7b5d;23.05.2026 18:47;api;chat/completions;deepseek/deepseek-v4-flash;DeepSeek;4971;284
173bf3ec-2928-4de0-a44a-4634cdf75f20;23.05.2026 18:47;api;chat/completions;deepseek/deepseek-v4-flash;DeepSeek;4828;146
558cf35c-e259-43db-9fcb-c76089e6be5d;23.05.2026 18:47;api;chat/completions;deepseek/deepseek-v4-flash;DeepSeek;4478;419
403eeb29-4fc1-4d43-a24a-2b2e3772ceba;23.05.2026 18:47;api;chat/completions;deepseek/deepseek-v4-flash;DeepSeek;1513;1281
c9d79f69-c399-4208-bf9d-091d3f812f55;23.05.2026 18:46;api;chat/completions;deepseek/deepseek-v4-flash;DeepSeek;5235;399
ef85179a-b035-4dff-9b80-3faaebb570d0;23.05.2026 18:46;api;chat/completions;deepseek/deepseek-v4-flash;DeepSeek;2943;178
60c14006-9013-4a33-ae1c-b17150605c2f;23.05.2026 18:46;api;chat/completions;deepseek/deepseek-v4-flash;DeepSeek;2638;2059
4a2b41f9-f2e9-4c73-9069-ff6051b7046c;23.05.2026 18:46;api;chat/completions;deepseek/deepseek-v4-flash;DeepSeek;1371;1005
1c817cf3-38a9-43b4-99b6-b0b0b3183012;23.05.2026 18:46;api;chat/completions;deepseek/deepseek-v4-flash;DeepSeek;1338;3047
e136df69-d5f4-4d26-9f69-d68aafc5e633;23.05.2026 18:46;api;chat/completions;deepseek/deepseek-v4-flash;DeepSeek;3503;335
d5afb707-1b82-483b-bdbf-4d14fa178850;23.05.2026 18:46;api;chat/completions;deepseek/deepseek-v4-flash;DeepSeek;1424;164
3d163cee-2e90-4e5a-9bae-2fe7b14ccb22;23.05.2026 18:46;api;chat/completions;deepseek/deepseek-v4-flash;DeepSeek;782;111
4f75f281-7756-4aa0-9500-3be00759f333;23.05.2026 18:46;api;chat/completions;deepseek/deepseek-v4-flash;DeepSeek;5690;102
39d92628-3641-411f-bb56-1e6c96dbf2ff;23.05.2026 18:46;api;chat/completions;deepseek/deepseek-v4-flash;DeepSeek;2706;702
ff7693c1-8292-402e-b273-4aac9af7a943;23.05.2026 18:46;api;chat/completions;deepseek/deepseek-v4-flash;DeepSeek;1648;1542
88162f4f-c918-44d4-aaa0-ce6393e5f269;23.05.2026 18:46;api;chat/completions;deepseek/deepseek-v4-flash;DeepSeek;2891;1054
62f981a3-bd9e-4968-978c-c5c417b68483;23.05.2026 18:46;api;chat/completions;deepseek/deepseek-v4-flash;DeepSeek;3313;1156
1c01822f-3b02-4ac3-9adb-9015b8466e15;23.05.2026 18:46;api;chat/completions;deepseek/deepseek-v4-flash;DeepSeek;1242;463
457f25ac-2ef9-4eb0-99f7-8aeb277d7e9e;23.05.2026 18:46;api;chat/completions;deepseek/deepseek-v4-flash;DeepSeek;2202;3671
bda95436-1f16-4d40-89f9-3b65d00f63da;23.05.2026 18:46;api;chat/completions;deepseek/deepseek-v4-flash;DeepSeek;3194;504
f782dac3-76e2-46c9-8a66-d0ec05a83cf4;23.05.2026 18:45;api;chat/completions;deepseek/deepseek-v4-flash;DeepSeek;6928;829
14383059-84ec-4fc7-930c-51c32d5b903c;23.05.2026 18:45;api;chat/completions;deepseek/deepseek-v4-flash;DeepSeek;3797;465
c127608f-22e3-401a-aaef-4d78a8f59460;23.05.2026 18:45;api;chat/completions;deepseek/deepseek-v4-flash;DeepSeek;3806;118
745b3883-d7e2-4857-ad1b-a111b3c033a4;23.05.2026 18:45;api;chat/completions;deepseek/deepseek-v4-flash;DeepSeek;2788;127
32df15c0-7ab8-4480-94dc-832aeaafc614;23.05.2026 18:45;api;chat/completions;deepseek/deepseek-v4-flash;DeepSeek;3481;311
fd6ec9d9-2e33-472f-99a9-157e31e3d1d1;23.05.2026 18:45;api;chat/completions;deepseek/deepseek-v4-flash;DeepSeek;2489;508
ad594504-59e8-4a20-9b80-2727deeef925;23.05.2026 18:45;api;chat/completions;deepseek/deepseek-v4-flash;DeepSeek;2792;99
1c83b992-5eb5-4583-b539-cb1b436bcfbd;23.05.2026 18:45;api;chat/completions;deepseek/deepseek-v4-flash;DeepSeek;2070;108
67a07f74-f37b-4496-b2dc-0d651588134d;23.05.2026 18:45;api;chat/completions;deepseek/deepseek-v4-flash;DeepSeek;1005;381
ef64a18b-e6cd-46c9-bbc0-e7a8fdc37819;23.05.2026 18:45;api;chat/completions;deepseek/deepseek-v4-flash;DeepSeek;1112;2238
351bb7e9-d47a-4d63-b7eb-0f298a3cae90;23.05.2026 18:45;api;chat/completions;deepseek/deepseek-v4-flash;DeepSeek;2109;93
bc7b568f-96ec-4ca8-9fa3-7a398bd9f05a;23.05.2026 18:45;api;chat/completions;deepseek/deepseek-v4-flash;DeepSeek;1327;112
fea1e947-2515-4b59-9120-28f7bee6ee36;23.05.2026 18:45;api;chat/completions;deepseek/deepseek-v4-flash;DeepSeek;859;626
70e08d23-98e5-4465-8dc4-e77a24659720;23.05.2026 18:45;api;chat/completions;deepseek/deepseek-v4-flash;DeepSeek;1287;708
0beb6807-0bb9-4cb5-b09e-520e75944a0e;23.05.2026 18:45;api;chat/completions;deepseek/deepseek-v4-flash;DeepSeek;772;131
1e9669fb-6ea8-4b8b-aaaa-a7b9048569a4;23.05.2026 18:45;api;chat/completions;deepseek/deepseek-v4-flash;DeepSeek;650;303
083b6cc1-1706-438c-85df-f89a298b1daf;23.05.2026 18:45;api;chat/completions;deepseek/deepseek-v4-flash;DeepSeek;1388;107
6d2738e8-5021-494a-a066-ba9e77bb719a;23.05.2026 18:45;api;chat/completions;deepseek/deepseek-v4-flash;DeepSeek;5457;178
d9706cbd-b08e-47ed-8e2f-6e06557dbc5e;23.05.2026 18:45;api;chat/completions;deepseek/deepseek-v4-flash;DeepSeek;1394;241
117a7fa8-634f-4a82-91b2-4332d873cfc5;23.05.2026 18:45;api;chat/completions;deepseek/deepseek-v4-flash;DeepSeek;1383;224
94fa0fe5-d127-444d-bbc1-abe3eb4dc373;23.05.2026 18:45;api;chat/completions;deepseek/deepseek-v4-flash;DeepSeek;4632;187
4d445f1d-007d-417b-b536-b7acd8a3e434;23.05.2026 18:45;api;chat/completions;deepseek/deepseek-v4-flash;DeepSeek;2317;445
d6f108d6-a7a3-49e4-9294-484640e7360c;23.05.2026 18:45;api;chat/completions;deepseek/deepseek-v4-flash;DeepSeek;772;106
86e6febe-019b-427b-a01f-89dc4788531f;23.05.2026 18:45;api;chat/completions;deepseek/deepseek-v4-flash;DeepSeek;3830;191
00f2f288-d13b-4d40-8fae-dd491de89332;23.05.2026 18:45;api;chat/completions;deepseek/deepseek-v4-flash;DeepSeek;1385;544
fe69a38b-8adf-4052-8a29-fd8d2ec8b48c;23.05.2026 18:45;api;chat/completions;deepseek/deepseek-v4-flash;DeepSeek;1430;697
cb2bafe5-432c-460d-ad2d-16d9777ec7c8;23.05.2026 18:45;api;chat/completions;deepseek/deepseek-v4-flash;DeepSeek;4055;572
9b10cea5-7a2a-49c4-b321-0507cdb6328a;23.05.2026 18:45;api;chat/completions;deepseek/deepseek-v4-flash;DeepSeek;2837;423
9bd80a83-1e0a-4cfa-8003-f4cef4a5391f;23.05.2026 18:44;api;chat/completions;deepseek/deepseek-v4-flash;DeepSeek;6770;1598
aea99d65-68e1-4ebf-8c6a-be451e21ea51;23.05.2026 18:44;api;chat/completions;deepseek/deepseek-v4-flash;DeepSeek;3671;423
e08b3cf3-a43d-48ca-b90a-2f8cae7f09cf;23.05.2026 18:44;api;chat/completions;deepseek/deepseek-v4-flash;DeepSeek;4501;830
84c06e86-920c-482e-bd9a-c94f0468f4db;23.05.2026 18:44;api;chat/completions;deepseek/deepseek-v4-flash;DeepSeek;6045;288
a4eef18c-eda1-4c97-b3f9-ff6d66415aa8;23.05.2026 18:44;api;chat/completions;deepseek/deepseek-v4-flash;DeepSeek;1579;145
77af3514-5934-47b1-98a7-06fdaa13cb2b;23.05.2026 18:44;api;chat/completions;deepseek/deepseek-v4-flash;DeepSeek;5229;259
44cc2fb7-a9fa-4dce-802a-fd11aad4396d;23.05.2026 18:44;api;chat/completions;deepseek/deepseek-v4-flash;DeepSeek;1343;2477
da36ee94-7a03-4cd3-965c-abed1198c41b;23.05.2026 18:44;api;chat/completions;deepseek/deepseek-v4-flash;DeepSeek;3282;256
74cb234c-5a0c-4946-ae6f-efba6ba55430;23.05.2026 18:44;api;chat/completions;deepseek/deepseek-v4-flash;DeepSeek;762;112
08f7d058-a8f4-43f1-8752-c3569ff851ab;23.05.2026 18:44;api;chat/completions;deepseek/deepseek-v4-flash;DeepSeek;4471;107
56069872-0ec5-4f04-b1fe-debb58cb2e04;23.05.2026 18:44;api;chat/completions;deepseek/deepseek-v4-flash;DeepSeek;3993;183
ac7125a5-e15c-4bdb-9542-f66f85a54d88;23.05.2026 18:44;api;chat/completions;deepseek/deepseek-v4-flash;DeepSeek;1079;862
b90c318c-4c15-4c9a-8ea6-8752a28326f2;23.05.2026 18:44;api;chat/completions;deepseek/deepseek-v4-flash;DeepSeek;1688;746
ca37fcda-7298-44f8-b660-d2e63d8fb73e;23.05.2026 18:44;api;chat/completions;deepseek/deepseek-v4-flash;DeepSeek;3751;106
dcd61efe-845b-4659-95f3-826bfc904892;23.05.2026 18:44;api;chat/completions;deepseek/deepseek-v4-flash;DeepSeek;2973;101
ced894ed-1046-4af0-a304-d25cba94cbc4;23.05.2026 18:44;api;chat/completions;deepseek/deepseek-v4-flash;DeepSeek;2182;104
c6941014-a0fc-4c99-92be-b070659fca9e;23.05.2026 18:44;api;chat/completions;deepseek/deepseek-v4-flash;DeepSeek;1067;842
22c49ac7-0a83-4f53-a413-fe980628752f;23.05.2026 18:44;api;chat/completions;deepseek/deepseek-v4-flash;DeepSeek;7066;357
52539cde-2cdf-47c0-ab30-488682b9b9fc;23.05.2026 18:44;api;chat/completions;deepseek/deepseek-v4-flash;DeepSeek;7109;415
a93e99b7-0fd0-4b2b-9b09-04b904950341;23.05.2026 18:44;api;chat/completions;deepseek/deepseek-v4-flash;DeepSeek;2313;565
2b1e65e8-8fd8-45e7-8a9f-306f3cf31f34;23.05.2026 18:44;api;chat/completions;deepseek/deepseek-v4-flash;DeepSeek;2060;928
b8fee06b-04cc-4ce3-b259-6c4491ea5dc3;23.05.2026 18:44;api;chat/completions;deepseek/deepseek-v4-flash;DeepSeek;893;245
f20e3c62-6550-4d0c-9131-d67418e55b2b;23.05.2026 18:44;api;chat/completions;deepseek/deepseek-v4-flash;DeepSeek;6004;112
ca59b47a-e2d7-42b7-b2cd-5267552a03ea;23.05.2026 18:44;api;chat/completions;deepseek/deepseek-v4-flash;DeepSeek;1499;113
92d12ed7-0a78-4a30-abf2-c5e2f52a02b9;23.05.2026 18:44;api;chat/completions;deepseek/deepseek-v4-flash;DeepSeek;781;112
0ebd194c-69bb-4648-88a4-fb5af00b5586;23.05.2026 18:44;api;chat/completions;deepseek/deepseek-v4-flash;DeepSeek;628;383
cecb5ea1-6610-4f9e-9e84-b27fce103d55;23.05.2026 18:44;api;chat/completions;deepseek/deepseek-v4-flash;DeepSeek;775;185
efe4e5b7-2070-43c9-ab15-623e56f2eeb1;23.05.2026 18:43;api;chat/completions;deepseek/deepseek-v4-flash;DeepSeek;1387;188
ce9ecc76-f291-48bd-b609-33828c784829;23.05.2026 18:43;api;chat/completions;deepseek/deepseek-v4-flash;DeepSeek;5208;232
d4bc8fb1-e6df-4b4f-b994-4ed7459cdc66;23.05.2026 18:43;api;chat/completions;deepseek/deepseek-v4-flash;DeepSeek;1378;380
efdfcb66-5a74-4d23-8b0e-3e3d9af5128f;23.05.2026 18:43;api;chat/completions;deepseek/deepseek-v4-flash;DeepSeek;1373;241
62d28351-1ea1-4df5-8553-bec867f09364;23.05.2026 18:43;api;chat/completions;deepseek/deepseek-v4-flash;DeepSeek;1373;160
1421e7cc-1b79-4e6b-a620-eab1c8c4d6c4;23.05.2026 18:43;api;chat/completions;deepseek/deepseek-v4-flash;DeepSeek;3135;298
386c885e-bbaa-453f-a52b-ea1b49e5794a;23.05.2026 18:43;api;chat/completions;deepseek/deepseek-v4-flash;DeepSeek;4493;104
bf9d913a-e414-4152-986a-3d642ca2156f;23.05.2026 18:43;api;chat/completions;deepseek/deepseek-v4-flash;DeepSeek;3961;167
ce73d736-8460-4ff1-ad75-676f880b5b6c;23.05.2026 18:43;api;chat/completions;deepseek/deepseek-v4-flash;DeepSeek;2757;166
bafc7e9e-6a45-4e45-b10a-429660bf8adb;23.05.2026 18:43;api;chat/completions;deepseek/deepseek-v4-flash;DeepSeek;3103;104
a37d17ee-ed96-472f-86b5-7ae0b18e43f6;23.05.2026 18:43;api;chat/completions;deepseek/deepseek-v4-flash;DeepSeek;5604;233
fbb1591f-69b2-4195-902b-b9a782eaa75e;23.05.2026 18:43;api;chat/completions;deepseek/deepseek-v4-flash;DeepSeek;2070;108
9a438300-0e2b-418f-af6f-b22d09225e56;23.05.2026 18:43;api;chat/completions;deepseek/deepseek-v4-flash;DeepSeek;5390;216
827234cb-481a-43dd-8651-850b1df3e0dc;23.05.2026 18:43;api;chat/completions;deepseek/deepseek-v4-flash;DeepSeek;776;106
b61ee0fd-e331-40b5-8db0-ab7a50f59ccb;23.05.2026 18:43;api;chat/completions;deepseek/deepseek-v4-flash;DeepSeek;1782;764
3ce269ce-2ff7-4e34-872b-11bc75588089;23.05.2026 18:43;api;chat/completions;deepseek/deepseek-v4-flash;DeepSeek;1380;1659
b9710072-71b5-4f44-89e7-77dc67358c57;23.05.2026 18:43;api;chat/completions;deepseek/deepseek-v4-flash;DeepSeek;4733;220
b13724f9-9895-4082-8316-a0bf713b988b;23.05.2026 18:43;api;chat/completions;deepseek/deepseek-v4-flash;DeepSeek;1420;163
8a6bf8e7-e336-461d-8bed-4f968386a538;23.05.2026 18:43;api;chat/completions;deepseek/deepseek-v4-flash;DeepSeek;1842;922
2d709805-15e8-40b6-94b6-b2afccf9e136;23.05.2026 18:43;api;chat/completions;deepseek/deepseek-v4-flash;DeepSeek;1245;653
5e49a331-197f-465d-b713-ce98f047b58e;23.05.2026 18:43;api;chat/completions;deepseek/deepseek-v4-flash;DeepSeek;1493;852
d484a425-654f-4a8e-ab82-e494108ac6ef;23.05.2026 18:43;api;chat/completions;deepseek/deepseek-v4-flash;DeepSeek;4960;185
0b06b845-4442-4ea7-b55d-b7943fe974e0;23.05.2026 18:43;api;chat/completions;deepseek/deepseek-v4-flash;DeepSeek;4625;390
fe829fec-add9-47cd-9efc-8932872f2301;23.05.2026 18:43;api;chat/completions;deepseek/deepseek-v4-flash;DeepSeek;796;123
66f4b812-f900-48b3-a916-02375e3729b4;23.05.2026 18:43;api;chat/completions;deepseek/deepseek-v4-flash;DeepSeek;5824;553
d8c9887a-3cce-4ad6-9995-d923c6b120a5;23.05.2026 18:43;api;chat/completions;deepseek/deepseek-v4-flash;DeepSeek;7899;331
c885db91-2892-450a-ae57-058033d765e2;23.05.2026 18:43;api;chat/completions;deepseek/deepseek-v4-flash;DeepSeek;4186;99
2ea99724-b1ac-451a-aa83-de04b2642b12;23.05.2026 18:43;api;chat/completions;deepseek/deepseek-v4-flash;DeepSeek;3379;192
4ad7940f-d8a4-4c18-a52f-6a5a966c54e7;23.05.2026 18:43;api;chat/completions;deepseek/deepseek-v4-flash;DeepSeek;3316;201
74424c85-b253-439d-adad-c8c03bf9b7e7;23.05.2026 18:43;api;chat/completions;deepseek/deepseek-v4-flash;DeepSeek;4130;169
75f37421-0097-44d1-a3f7-d4aa15ef5909;23.05.2026 18:43;api;chat/completions;deepseek/deepseek-v4-flash;DeepSeek;3123;170
2b21dec6-1b6a-4dd4-8dbe-edff3ca37ebc;23.05.2026 18:43;api;chat/completions;deepseek/deepseek-v4-flash;DeepSeek;5142;173
d41f8a22-90cb-4856-81bc-73a922ffee4b;23.05.2026 18:43;api;chat/completions;deepseek/deepseek-v4-flash;DeepSeek;2030;102
2d40091d-4691-4566-9228-7ab3c991c11e;23.05.2026 18:43;api;chat/completions;deepseek/deepseek-v4-flash;DeepSeek;416;525
a9471800-da53-4181-afe2-e3709806bd62;23.05.2026 18:42;api;chat/completions;deepseek/deepseek-v4-flash;DeepSeek;1752;181
6b298f6f-be55-4543-a9d0-018628308e90;23.05.2026 18:42;api;chat/completions;deepseek/deepseek-v4-flash;DeepSeek;768;105
d262801f-2631-4fc8-a241-f8c3f05c3797;23.05.2026 18:42;api;chat/completions;deepseek/deepseek-v4-flash;DeepSeek;1366;218
e5b7a7b7-dff2-4e02-8c01-f63f99899be1;23.05.2026 18:42;api;chat/completions;deepseek/deepseek-v4-flash;DeepSeek;3327;128
05d8baf1-b03d-4e8c-be86-fd3d587306da;23.05.2026 18:42;api;chat/completions;deepseek/deepseek-v4-flash;DeepSeek;1538;326
4c777ebb-be52-4510-8bde-9b45192ba492;23.05.2026 18:42;api;chat/completions;deepseek/deepseek-v4-flash;DeepSeek;4404;116
6091c2db-08ac-4294-9636-63b659bc93d6;23.05.2026 18:42;api;chat/completions;deepseek/deepseek-v4-flash;DeepSeek;371;469
3a6dac44-1c82-4db0-93b6-ff5f7c6f7b14;23.05.2026 18:42;api;chat/completions;deepseek/deepseek-v4-flash;DeepSeek;754;141
76c8cf0f-e894-49b6-9224-3923b50f5c7c;23.05.2026 18:42;api;chat/completions;deepseek/deepseek-v4-flash;DeepSeek;1117;782
d5c0a535-747d-4d5d-badd-32696f565d81;23.05.2026 18:42;api;chat/completions;deepseek/deepseek-v4-flash;DeepSeek;3736;105
4359c98b-2e07-4f02-8e28-51b8993bb321;23.05.2026 18:42;api;chat/completions;deepseek/deepseek-v4-flash;DeepSeek;2625;340
48d2882a-f408-4b6c-8f15-96e1d33f7813;23.05.2026 18:42;api;chat/completions;deepseek/deepseek-v4-flash;DeepSeek;3953;464
9c28de3a-020c-4cf8-9827-97fe9d9ac6c4;23.05.2026 18:42;api;chat/completions;deepseek/deepseek-v4-flash;DeepSeek;190;288
fa581eb3-4108-4216-aadc-9b724f0d3453;23.05.2026 18:42;api;chat/completions;deepseek/deepseek-v4-flash;DeepSeek;3876;796
dce95077-9909-4701-a613-e7953525bed2;23.05.2026 18:42;api;chat/completions;deepseek/deepseek-v4-flash;DeepSeek;4582;334
177a599d-59d0-4f7c-abe4-171e01fc93d1;23.05.2026 18:42;api;chat/completions;deepseek/deepseek-v4-flash;DeepSeek;5838;97
61ef2048-4e3a-4f95-88ea-ba38766b8541;23.05.2026 18:42;api;chat/completions;deepseek/deepseek-v4-flash;DeepSeek;695;676
bd100ebe-9dde-4546-a32e-36db96dbee72;23.05.2026 18:42;api;chat/completions;deepseek/deepseek-v4-flash;DeepSeek;3640;236
e168e011-41bb-41e5-b2c5-d6ace46d1d2c;23.05.2026 18:42;api;chat/completions;deepseek/deepseek-v4-flash;DeepSeek;2932;335
775186ae-81f6-4f6b-b840-37fcbfc369c7;23.05.2026 18:42;api;chat/completions;deepseek/deepseek-v4-flash;DeepSeek;3502;105
684c51e7-67bb-47ea-b9ed-d3499c1f9ce9;23.05.2026 18:42;api;chat/completions;deepseek/deepseek-v4-flash;DeepSeek;2329;939
accd6150-aa58-4eea-b62c-3c8035ee8835;23.05.2026 18:42;api;chat/completions;deepseek/deepseek-v4-flash;DeepSeek;2390;475
13fa10ff-2245-4946-975a-ef57849ad051;23.05.2026 18:42;api;chat/completions;deepseek/deepseek-v4-flash;DeepSeek;3288;71
8286e7a7-625c-4ebc-9d92-a067a99ba603;23.05.2026 18:42;api;chat/completions;deepseek/deepseek-v4-flash;DeepSeek;2091;116
379e9beb-8952-4af1-9395-f185aba6c1f2;23.05.2026 18:42;api;chat/completions;deepseek/deepseek-v4-flash;DeepSeek;2198;287
8d2e002b-80a0-4b48-84c4-b2b109086908;23.05.2026 18:42;api;chat/completions;deepseek/deepseek-v4-flash;DeepSeek;649;645
89984a09-ba76-4758-99f2-b68a6a3b1266;23.05.2026 18:42;api;chat/completions;deepseek/deepseek-v4-flash;DeepSeek;2322;230
5e84b764-7586-4823-8703-a6777fe15cc4;23.05.2026 18:42;api;chat/completions;deepseek/deepseek-v4-flash;DeepSeek;1403;105
988f6659-094a-48e8-819b-f1faa6c7f9c1;23.05.2026 18:42;api;chat/completions;deepseek/deepseek-v4-flash;DeepSeek;6800;453
1acc0eff-a39d-404e-b8d5-3234f3bdbb69;23.05.2026 18:42;api;chat/completions;deepseek/deepseek-v4-flash;DeepSeek;2671;697
135eab3a-8453-4119-b953-3a227d327e7d;23.05.2026 18:42;api;chat/completions;deepseek/deepseek-v4-flash;DeepSeek;3519;792
b69c309f-c20e-4863-ad82-f28ef3de87f6;23.05.2026 18:42;api;chat/completions;deepseek/deepseek-v4-flash;DeepSeek;3045;429
9f6f075c-5500-423f-a961-70f1dce3b927;23.05.2026 18:42;api;chat/completions;deepseek/deepseek-v4-flash;DeepSeek;1356;106
dc27e68e-93c8-433c-90a4-0eacc841e1bf;23.05.2026 18:42;api;chat/completions;deepseek/deepseek-v4-flash;DeepSeek;4960;280
8e3bb63b-5a62-41aa-aa81-bc1c5e42abc9;23.05.2026 18:42;api;chat/completions;deepseek/deepseek-v4-flash;DeepSeek;2773;275
5a739815-90e5-48ab-9ad9-786ff1929ed6;23.05.2026 18:42;api;chat/completions;deepseek/deepseek-v4-flash;DeepSeek;1417;425
9d8fc0c7-8215-4f12-a725-3b7f49560c57;23.05.2026 18:42;api;chat/completions;deepseek/deepseek-v4-flash;DeepSeek;1196;185
52fb21a6-6b54-465e-993f-81a56501ae47;23.05.2026 18:42;api;chat/completions;deepseek/deepseek-v4-flash;DeepSeek;3125;298
c5d821f5-6750-4f6b-9b65-b88f831b7a43;23.05.2026 18:42;api;chat/completions;deepseek/deepseek-v4-flash;DeepSeek;1140;103
67e02308-d17c-4dde-8884-3b40d0e7d43e;23.05.2026 18:42;api;chat/completions;deepseek/deepseek-v4-flash;DeepSeek;805;101
816e2e9a-e86c-4e2a-8fac-fb5fe7313d88;23.05.2026 18:42;api;chat/completions;deepseek/deepseek-v4-flash;DeepSeek;2142;128
f99acaca-4b5b-4112-bc9e-2e7d5dac3197;23.05.2026 18:42;api;chat/completions;deepseek/deepseek-v4-flash;DeepSeek;2240;440
7d3fa9ca-ea0b-49af-b476-148eaa3e85af;23.05.2026 18:42;api;chat/completions;deepseek/deepseek-v4-flash;DeepSeek;2130;103
76e47a94-2968-40aa-9899-7549d92b504e;23.05.2026 18:42;api;chat/completions;deepseek/deepseek-v4-flash;DeepSeek;2957;466
a6e89801-40e9-421f-99fe-1fc851cfdbf2;23.05.2026 18:42;api;chat/completions;deepseek/deepseek-v4-flash;DeepSeek;1266;155
d1d32b78-abf3-48f5-85a8-3af691e1716a;23.05.2026 18:42;api;chat/completions;deepseek/deepseek-v4-flash;DeepSeek;2350;296
c75020b5-d5c1-477b-8188-10d1c9156743;23.05.2026 18:42;api;chat/completions;deepseek/deepseek-v4-flash;DeepSeek;925;435
3e258fa6-a738-47c2-9a6f-05370a8d3216;23.05.2026 18:42;api;chat/completions;deepseek/deepseek-v4-flash;DeepSeek;5379;397
a7b354ed-7e9e-4baa-bde7-b8672de43bc5;23.05.2026 18:42;api;chat/completions;deepseek/deepseek-v4-flash;DeepSeek;1486;171
1385c776-c142-4cce-9cbd-b23bc825d3a5;23.05.2026 18:42;api;chat/completions;deepseek/deepseek-v4-flash;DeepSeek;1428;104
83550de7-7654-447e-bd02-c0807e7ec9a5;23.05.2026 18:42;api;chat/completions;deepseek/deepseek-v4-flash;DeepSeek;3703;194
c0efe124-dc56-4dde-a1e7-bfe3740ff7d4;23.05.2026 18:42;api;chat/completions;deepseek/deepseek-v4-flash;DeepSeek;1407;359
d0b85456-12ab-4500-91cf-08c0990a029f;23.05.2026 18:42;api;chat/completions;deepseek/deepseek-v4-flash;DeepSeek;772;134
c546b78a-db0d-4f6b-861c-7dc082632654;23.05.2026 18:42;api;chat/completions;deepseek/deepseek-v4-flash;DeepSeek;653;354
21ff7ba6-f0be-4ca9-a3a7-7480170897e5;23.05.2026 18:42;api;chat/completions;deepseek/deepseek-v4-flash;DeepSeek;1209;169
ebaf1a8a-b2a0-4107-af31-cc94e2599055;23.05.2026 18:42;api;chat/completions;deepseek/deepseek-v4-flash;DeepSeek;1263;322
c88c22f9-a15c-4a96-87a8-7cd38dc43778;23.05.2026 18:42;api;chat/completions;deepseek/deepseek-v4-flash;DeepSeek;4235;306
e9a79e66-dacf-4daf-b86f-616d8705a354;23.05.2026 18:42;api;chat/completions;deepseek/deepseek-v4-flash;DeepSeek;2067;386
c756aa3b-9add-4754-8d3f-4f89b34cab4b;23.05.2026 18:42;api;chat/completions;deepseek/deepseek-v4-flash;DeepSeek;788;132
2bcdede6-46b2-409a-891b-aa2f8fb0501b;23.05.2026 18:42;api;chat/completions;deepseek/deepseek-v4-flash;DeepSeek;1146;109
cdfa4cf7-202c-4e3f-a908-24356179da4a;23.05.2026 18:42;api;chat/completions;deepseek/deepseek-v4-flash;DeepSeek;1271;182
5ab2d0c2-1f28-43b2-b0ff-1e003baa56c4;23.05.2026 18:42;api;chat/completions;deepseek/deepseek-v4-flash;DeepSeek;1417;216
ad1cef65-8335-40df-ba8a-0fe9ff163674;23.05.2026 18:42;api;chat/completions;deepseek/deepseek-v4-flash;DeepSeek;2371;264
eb400e1f-caec-437c-9a49-82ec326c4587;23.05.2026 18:42;api;chat/completions;deepseek/deepseek-v4-flash;DeepSeek;1270;181
9c6ba110-6a6d-4877-9d1b-2d81a888987e;23.05.2026 18:42;api;chat/completions;deepseek/deepseek-v4-flash;DeepSeek;1259;173
fecbbdf6-14e7-494d-ab8b-2351f4700146;23.05.2026 18:42;api;chat/completions;deepseek/deepseek-v4-flash;DeepSeek;1140;104
d3bf06bf-572c-49bc-b374-bbafe3a24521;23.05.2026 18:42;api;chat/completions;deepseek/deepseek-v4-flash;DeepSeek;756;99
6de408fc-3610-4e97-bb82-407901ee919d;23.05.2026 18:42;api;chat/completions;deepseek/deepseek-v4-flash;DeepSeek;2093;185
0af28182-6f1e-4fca-bab2-8dc67669eb9e;23.05.2026 18:42;api;chat/completions;deepseek/deepseek-v4-flash;DeepSeek;2607;93
1b335ffe-6d97-401d-8df5-0ed198fe0a4f;23.05.2026 18:42;api;chat/completions;deepseek/deepseek-v4-flash;DeepSeek;1267;189
66c6dbc1-da92-4702-b199-2a676cf836e4;23.05.2026 18:42;api;chat/completions;deepseek/deepseek-v4-flash;DeepSeek;259;679
7e566936-2915-4015-a301-e789280b5180;23.05.2026 18:42;api;chat/completions;deepseek/deepseek-v4-flash;DeepSeek;1254;155
95bb69aa-f080-4cf4-9885-7d32527487aa;23.05.2026 18:42;api;chat/completions;deepseek/deepseek-v4-flash;DeepSeek;1913;155
ff586449-70eb-4218-ac46-28eab333ea1f;23.05.2026 18:42;api;chat/completions;deepseek/deepseek-v4-flash;DeepSeek;256;322
361fc766-2bd2-4d60-84b7-1f42aecc0f1f;23.05.2026 18:42;api;chat/completions;deepseek/deepseek-v4-flash;DeepSeek;1767;109
a80b62eb-7a41-4d95-837b-ca730c1f2159;23.05.2026 18:42;api;chat/completions;deepseek/deepseek-v4-flash;DeepSeek;1248;196
00990148-5b72-4809-9f75-c75407444a84;23.05.2026 18:42;api;chat/completions;deepseek/deepseek-v4-flash;DeepSeek;248;370
f5c0162c-4e15-47c9-b674-243e4c0970bf;23.05.2026 18:42;api;chat/completions;deepseek/deepseek-v4-flash;DeepSeek;1622;103
ddaa3776-f058-4b93-a1bb-e2b0ef8c691d;23.05.2026 18:42;api;chat/completions;deepseek/deepseek-v4-flash;DeepSeek;254;338
a87ee714-3f1d-46d2-ae16-71a405fcd224;23.05.2026 18:42;api;chat/completions;deepseek/deepseek-v4-flash;DeepSeek;1405;484
74f43386-5603-488c-9fd9-1c6fa2b81102;23.05.2026 18:42;api;chat/completions;deepseek/deepseek-v4-flash;DeepSeek;263;882
7e500662-86cb-47b1-b3db-fb77d2db19d5;23.05.2026 18:42;api;chat/completions;deepseek/deepseek-v4-flash;DeepSeek;250;386
6de474a5-b8d5-47ec-bbcc-96397707a459;23.05.2026 18:42;api;chat/completions;deepseek/deepseek-v4-flash;DeepSeek;1144;93
054b1361-92f4-453f-8b1c-b490b59d3c86;23.05.2026 18:42;api;chat/completions;deepseek/deepseek-v4-flash;DeepSeek;758;108
ca8b0aff-d6a5-499d-a36d-c7928ffbd2d0;23.05.2026 18:42;api;chat/completions;deepseek/deepseek-v4-flash;DeepSeek;1254;159
25086abc-587c-43ef-a7ea-b6f4bdc38e9b;23.05.2026 18:42;api;chat/completions;deepseek/deepseek-v4-flash;DeepSeek;254;961
c22a62f6-596c-4489-8801-dff3d5fcfde8;23.05.2026 18:42;api;chat/completions;deepseek/deepseek-v4-flash;DeepSeek;254;575
5a4abd6a-4f65-496c-8a48-58a2d2bb9c30;23.05.2026 18:42;api;chat/completions;deepseek/deepseek-v4-flash;DeepSeek;1253;173
b38057a2-e742-4204-a3a0-cf4eaf603732;23.05.2026 18:42;api;chat/completions;deepseek/deepseek-v4-flash;DeepSeek;265;1052
f870affc-216b-4f94-8302-915e115e4981;23.05.2026 18:41;api;chat/completions;deepseek/deepseek-v4-flash;DeepSeek;254;746
a9f1716a-dd77-4b95-9144-89f283180c52;23.05.2026 18:41;api;chat/completions;deepseek/deepseek-v4-flash;DeepSeek;240;332
aac3c5bd-dcaa-41f4-bfde-b379cf53a304;23.05.2026 18:41;api;chat/completions;deepseek/deepseek-v4-flash;DeepSeek;244;375
2027dcdb-a23b-48ae-92eb-58dd3cae1f9a;23.05.2026 18:41;api;chat/completions;deepseek/deepseek-v4-flash;DeepSeek;255;497
b732eb7f-d04e-4033-92a3-ad4a32cbb51f;23.05.2026 18:41;api;chat/completions;deepseek/deepseek-v4-flash;DeepSeek;240;433
48cdc4b2-922b-406f-bf1c-f65e1477d31f;23.05.2026 18:41;api;chat/completions;deepseek/deepseek-v4-flash;DeepSeek;251;492
eb1a83b0-20ce-4a1d-bbbd-ddd526c492fc;23.05.2026 18:41;api;chat/completions;deepseek/deepseek-v4-flash;DeepSeek;246;392
b055310d-a215-4a31-8137-9fb5ec0fbed3;23.05.2026 18:41;api;chat/completions;deepseek/deepseek-v4-flash;DeepSeek;253;521
4872c790-8732-464f-96b6-2fe25f0c3f04;23.05.2026 18:41;api;chat/completions;deepseek/deepseek-v4-flash;DeepSeek;255;897
5dea4c72-78a6-447c-9b93-be3303a2af48;23.05.2026 18:41;api;chat/completions;deepseek/deepseek-v4-flash;DeepSeek;240;310
b9eb7d73-0100-48f5-a32f-ce7af0b047c7;23.05.2026 18:41;api;chat/completions;deepseek/deepseek-v4-flash;DeepSeek;238;325
b4a8fbaa-0719-4b8f-accb-9a53dee05d11;23.05.2026 18:41;api;chat/completions;deepseek/deepseek-v4-flash;DeepSeek;250;380
3545e3ee-cbfa-4119-9b86-2384f9400b6e;23.05.2026 18:41;api;chat/completions;deepseek/deepseek-v4-flash;DeepSeek;243;389
234ec189-392d-4a41-978e-1b196362ce7a;23.05.2026 18:41;api;chat/completions;deepseek/deepseek-v4-flash;DeepSeek;234;362
20c77b3c-bf09-4d0e-b83e-a92cc876c13b;23.05.2026 18:41;api;chat/completions;deepseek/deepseek-v4-flash;DeepSeek;237;332
68507f04-8b3d-45e5-80d9-6cbfb2846f32;23.05.2026 18:41;api;chat/completions;deepseek/deepseek-v4-flash;DeepSeek;384;795
af13b290-adb2-4ca7-b56f-cdc248364de3;23.05.2026 18:41;api;chat/completions;deepseek/deepseek-v4-flash;DeepSeek;386;731
15c0a71d-f02a-4f63-b3cd-a1de9ae07f07;23.05.2026 18:41;api;chat/completions;deepseek/deepseek-v4-flash;DeepSeek;384;774
5ee12478-f7d3-4e95-820f-b1ef26d15fe3;23.05.2026 18:41;api;chat/completions;deepseek/deepseek-v4-flash;DeepSeek;387;854
055440bd-be86-4eec-95db-be30f7d3b1a1;23.05.2026 18:41;api;chat/completions;deepseek/deepseek-v4-flash;DeepSeek;384;1452
5ab753fa-fcb6-4269-8dec-7264ebbb1780;23.05.2026 18:04;api;chat/completions;deepseek/deepseek-v4-flash;DeepSeek;3237;4906
5af21a26-c002-4c33-b987-feb5c9c56edf;23.05.2026 18:03;api;chat/completions;deepseek/deepseek-v4-flash;DeepSeek;2761;4967
6cc04bab-68a1-4596-a779-a0e56b8db52f;23.05.2026 18:03;api;chat/completions;deepseek/deepseek-v4-flash;DeepSeek;2934;2296
f661361a-731b-4d27-8483-4df9d7977b2a;23.05.2026 18:02;api;chat/completions;deepseek/deepseek-v4-flash;DeepSeek;1192;2742
af08b2ae-98ed-4002-a40c-5c807d08a54a;23.05.2026 18:02;api;chat/completions;deepseek/deepseek-v4-flash;DeepSeek;1581;752
f5575223-7b8c-4b40-b221-a81b64c61c11;23.05.2026 18:02;api;chat/completions;deepseek/deepseek-v4-flash;DeepSeek;3274;452
a72729d0-a268-4d6b-a1e3-f4d1eb2552fc;23.05.2026 18:01;api;chat/completions;deepseek/deepseek-v4-flash;DeepSeek;2422;5555
ff06e43f-a2f0-432c-9b40-e88a9433b59c;23.05.2026 18:01;api;chat/completions;deepseek/deepseek-v4-flash;DeepSeek;3143;1759
f588909e-a0f5-4ccc-b8bf-b60fc1f8ea80;23.05.2026 18:01;api;chat/completions;deepseek/deepseek-v4-flash;DeepSeek;1131;2637
526fc05f-3efe-4294-bd14-ca3d83a547a9;23.05.2026 18:01;api;chat/completions;deepseek/deepseek-v4-flash;DeepSeek;2961;983
1d080765-67f8-4600-8655-52262db58672;23.05.2026 18:01;api;chat/completions;deepseek/deepseek-v4-flash;DeepSeek;1758;637
74d5242c-b69d-42a5-a85d-36e4ca942004;23.05.2026 18:01;api;chat/completions;deepseek/deepseek-v4-flash;DeepSeek;3327;124
d2068711-6d85-489b-9ead-831d9f7f3cc1;23.05.2026 18:01;api;chat/completions;deepseek/deepseek-v4-flash;DeepSeek;1421;590
249799f6-4596-4f47-8b5e-66fc7a1d70e1;23.05.2026 18:00;api;chat/completions;deepseek/deepseek-v4-flash;DeepSeek;3115;207
560a7e53-5e99-4df3-89f0-ca195443a129;23.05.2026 18:00;api;chat/completions;deepseek/deepseek-v4-flash;DeepSeek;1274;391
27be738d-6947-4b7c-9a5b-b2127affa731;23.05.2026 18:00;api;chat/completions;deepseek/deepseek-v4-flash;DeepSeek;2772;1685
944603c3-221e-4032-ba45-4a40fc7e7001;23.05.2026 18:00;api;chat/completions;deepseek/deepseek-v4-flash;DeepSeek;1003;773
3531d508-a832-4a3b-8c2e-634cbca2c941;23.05.2026 18:00;api;chat/completions;deepseek/deepseek-v4-flash;DeepSeek;2628;385
d9c3aa1f-ba68-45d8-9f72-f33a851373dc;23.05.2026 18:00;api;chat/completions;deepseek/deepseek-v4-flash;DeepSeek;1104;997
345ab178-5cf9-4027-9123-5431ea1e8710;23.05.2026 18:00;api;chat/completions;deepseek/deepseek-v4-flash;DeepSeek;2145;439
db531254-3368-4bad-92fc-0b73ad2e648b;23.05.2026 18:00;api;chat/completions;deepseek/deepseek-v4-flash;DeepSeek;1675;2876
384aa5c6-55a7-47e5-8c9e-ef5d73c4f7f6;23.05.2026 18:00;api;chat/completions;deepseek/deepseek-v4-flash;DeepSeek;1049;88
dba511f1-4edc-4d6a-a8f2-8befd11c3790;23.05.2026 18:00;api;chat/completions;deepseek/deepseek-v4-flash;DeepSeek;926;347
f653e95b-bd37-4aee-a07b-7db5d10a4f43;23.05.2026 17:59;api;chat/completions;deepseek/deepseek-v4-flash;DeepSeek;911;81
474e9a1b-36b7-4b4e-976a-cf5005fd24f4;23.05.2026 17:59;api;chat/completions;deepseek/deepseek-v4-flash;DeepSeek;755;172
5a6e9adc-12f8-47a4-b8af-66da3e806ae4;23.05.2026 17:59;api;chat/completions;deepseek/deepseek-v4-flash;DeepSeek;604;200
5cdd00b1-d21e-49e9-89e8-2c481765f9fb;23.05.2026 17:59;api;chat/completions;deepseek/deepseek-v4-flash;DeepSeek;777;3442
b05e00c6-02bc-457a-8359-a58b43fcefb1;23.05.2026 17:59;api;chat/completions;deepseek/deepseek-v4-flash;DeepSeek;1403;361
c07c47da-83cc-41fb-896f-24d28a8723c5;23.05.2026 17:59;api;chat/completions;deepseek/deepseek-v4-flash;DeepSeek;610;198
d6ad08b9-da36-4a7b-bb56-5d8b896221da;23.05.2026 17:59;api;chat/completions;deepseek/deepseek-v4-flash;DeepSeek;773;108
b1dc5a9a-8d55-4bb8-8978-6d5add5b8f73;23.05.2026 17:59;api;chat/completions;deepseek/deepseek-v4-flash;DeepSeek;4527;322
f502075f-8ce8-4cf1-b8e8-8954578f25a2;23.05.2026 17:59;api;chat/completions;deepseek/deepseek-v4-flash;DeepSeek;1393;257
4a417726-5c24-42ac-819d-50fbd0257208;23.05.2026 17:59;api;chat/completions;deepseek/deepseek-v4-flash;DeepSeek;1405;219
da83dbfd-ce60-4913-86ae-fbc17d29e07c;23.05.2026 17:59;api;chat/completions;deepseek/deepseek-v4-flash;DeepSeek;4232;78
e32ddf4c-4dd5-456e-882c-e2e04e8f46f3;23.05.2026 17:59;api;chat/completions;deepseek/deepseek-v4-flash;DeepSeek;3450;274
7ce7dabd-d2e4-49dc-aa09-37931d4c7431;23.05.2026 17:59;api;chat/completions;deepseek/deepseek-v4-flash;DeepSeek;3916;335
9cfdf0c7-ffa7-40d1-b83b-f977c9e10e5e;23.05.2026 17:59;api;chat/completions;deepseek/deepseek-v4-flash;DeepSeek;3832;120
0ba4c019-0765-421d-896c-671b29dbcad5;23.05.2026 17:58;api;chat/completions;deepseek/deepseek-v4-flash;DeepSeek;3150;3373
ba319cba-3f7a-45a1-a636-ac74535ae752;23.05.2026 17:58;api;chat/completions;deepseek/deepseek-v4-flash;DeepSeek;2752;2209
56a433d9-c218-4d6e-8a0f-c767a0352b90;23.05.2026 17:58;api;chat/completions;deepseek/deepseek-v4-flash;DeepSeek;2997;383
d50d77db-8b67-4d71-a217-1977148d3707;23.05.2026 17:58;api;chat/completions;deepseek/deepseek-v4-flash;DeepSeek;2701;956
46e56202-0ac6-4745-91e8-6fd8f1ca5d47;23.05.2026 17:58;api;chat/completions;deepseek/deepseek-v4-flash;DeepSeek;1926;232
437d6bcf-e584-480a-a803-04c72a5c4949;23.05.2026 17:57;api;chat/completions;deepseek/deepseek-v4-flash;DeepSeek;1392;232
5d12b97f-5cbf-4ccb-a969-330d23f36219;23.05.2026 17:57;api;chat/completions;deepseek/deepseek-v4-flash;DeepSeek;1181;58
937d5ed7-7572-47a0-8075-a86d7878eb16;23.05.2026 17:57;api;chat/completions;deepseek/deepseek-v4-flash;DeepSeek;2636;2785
2e05eb9d-ed54-466b-9c0d-ba91b305c035;23.05.2026 17:57;api;chat/completions;deepseek/deepseek-v4-flash;DeepSeek;2669;3186
d5efd80f-6ebc-4426-b00e-dffe9645d7ef;23.05.2026 17:57;api;chat/completions;deepseek/deepseek-v4-flash;DeepSeek;1177;2382
a43ff8c0-8dc6-4b7e-a643-313bf9622e1e;23.05.2026 17:57;api;chat/completions;deepseek/deepseek-v4-flash;DeepSeek;4741;367
9d30a05f-32d8-4189-940f-35db2e5d2d9d;23.05.2026 17:57;api;chat/completions;deepseek/deepseek-v4-flash;DeepSeek;1160;2721
6b649419-5fbf-4778-ba3d-f9e161209909;23.05.2026 17:57;api;chat/completions;deepseek/deepseek-v4-flash;DeepSeek;1638;1406
317ab542-e0bc-41f8-9b5f-cbfaf5a9fa4c;23.05.2026 17:56;api;chat/completions;deepseek/deepseek-v4-flash;DeepSeek;1539;1008
f0ce305f-e8fa-4f08-af28-3eb263a52c1b;23.05.2026 17:56;api;chat/completions;deepseek/deepseek-v4-flash;DeepSeek;1286;820
54a2cb7a-1771-4927-813e-4e42042d5554;23.05.2026 17:56;api;chat/completions;deepseek/deepseek-v4-flash;DeepSeek;976;2082
780a0243-1d2f-4456-b4d3-24a2f3474a1f;23.05.2026 17:56;api;chat/completions;deepseek/deepseek-v4-flash;DeepSeek;1172;746
c087b243-66d8-4f18-a28f-5a1ff2cdf74b;23.05.2026 17:56;api;chat/completions;deepseek/deepseek-v4-flash;DeepSeek;824;160
3d511969-ec03-45d0-8b9a-9ad4f1e6c017;23.05.2026 17:56;api;chat/completions;deepseek/deepseek-v4-flash;DeepSeek;657;180
d75334f0-94fe-4736-9704-dd0a085ee895;23.05.2026 17:56;api;chat/completions;deepseek/deepseek-v4-flash;DeepSeek;1396;194
2c6f58f4-0a6c-4a27-8e38-a7c7268a6cc7;23.05.2026 17:56;api;chat/completions;deepseek/deepseek-v4-flash;DeepSeek;4784;538
dfac51f6-5acb-4ee8-ae63-f97850a0deb8;23.05.2026 17:56;api;chat/completions;deepseek/deepseek-v4-flash;DeepSeek;2571;438
1b353a40-40fc-464d-b361-dee6a733a043;23.05.2026 17:56;api;chat/completions;deepseek/deepseek-v4-flash;DeepSeek;998;1528
8e685411-8cf6-4e82-adcb-a92d6a2e3d83;23.05.2026 17:56;api;chat/completions;deepseek/deepseek-v4-flash;DeepSeek;2279;252
b177f5e2-7135-4800-a552-4c64ad86e02b;23.05.2026 17:56;api;chat/completions;deepseek/deepseek-v4-flash;DeepSeek;1838;96
58414db2-3991-4dd2-a6ad-186ed6faa3f3;23.05.2026 17:56;api;chat/completions;deepseek/deepseek-v4-flash;DeepSeek;1428;72
d15d1d4a-102b-4068-8cc2-6308eb4d5825;23.05.2026 17:55;api;chat/completions;deepseek/deepseek-v4-flash;DeepSeek;4468;354
47773a98-a661-4b48-b1bd-ca6006402245;23.05.2026 17:55;api;chat/completions;deepseek/deepseek-v4-flash;DeepSeek;1356;156
38acd0c6-09f3-4c7b-a429-533415e849be;23.05.2026 17:55;api;chat/completions;deepseek/deepseek-v4-flash;DeepSeek;1145;82
0d46d405-c5ad-4bf7-b2c2-84ea5f4aeb08;23.05.2026 17:55;api;chat/completions;deepseek/deepseek-v4-flash;DeepSeek;3389;2656
1b7e0571-0ca1-4e7a-a2cf-43dd735cd0fc;23.05.2026 17:55;api;chat/completions;deepseek/deepseek-v4-flash;DeepSeek;4152;598
c5f0adc3-67a2-4fc9-81ec-9f9a7e5a0aa1;23.05.2026 17:55;api;chat/completions;deepseek/deepseek-v4-flash;DeepSeek;844;163
00264e12-9dd3-4dc8-b401-bd3bd6e40b2d;23.05.2026 17:55;api;chat/completions;deepseek/deepseek-v4-flash;DeepSeek;714;336
45ea6dbe-6570-4a54-b430-b414e2bf723a;23.05.2026 17:55;api;chat/completions;deepseek/deepseek-v4-flash;DeepSeek;3632;516
a6d612dd-fc3f-46e5-8057-a16ba8352c39;23.05.2026 17:55;api;chat/completions;deepseek/deepseek-v4-flash;DeepSeek;583;361
63ae2173-576a-4f01-8b13-6afa13c4dbad;23.05.2026 17:55;api;chat/completions;deepseek/deepseek-v4-flash;DeepSeek;1387;295
1dfa7dd5-dac0-4227-8ea4-49e56be0c954;23.05.2026 17:55;api;chat/completions;deepseek/deepseek-v4-flash;DeepSeek;2940;491
98fcd080-ffce-4da6-8ea4-1112b968dcbe;23.05.2026 17:55;api;chat/completions;deepseek/deepseek-v4-flash;DeepSeek;4370;544
d47709ed-9c5a-4c59-b6da-7fcc79f61bd0;23.05.2026 17:55;api;chat/completions;deepseek/deepseek-v4-flash;DeepSeek;2407;602
47965839-3014-48c2-b03c-bc59b5e975f2;23.05.2026 17:55;api;chat/completions;deepseek/deepseek-v4-flash;DeepSeek;2323;88
2590eac7-02d1-41eb-9c34-cc9fe666b08e;23.05.2026 17:55;api;chat/completions;deepseek/deepseek-v4-flash;DeepSeek;4248;143
1bcce8d4-9705-4cbc-a502-89c5fc9fab83;23.05.2026 17:55;api;chat/completions;deepseek/deepseek-v4-flash;DeepSeek;2997;2913
2afadc54-6640-4888-bb74-30fb30755a04;23.05.2026 17:55;api;chat/completions;deepseek/deepseek-v4-flash;DeepSeek;4401;520
58cad81b-fab7-4ba5-b1bc-d4a802d63d35;23.05.2026 17:54;api;chat/completions;deepseek/deepseek-v4-flash;DeepSeek;3970;418
364c6568-b2ef-4e0a-be1e-ac4dc86528a8;23.05.2026 17:54;api;chat/completions;deepseek/deepseek-v4-flash;DeepSeek;1189;2824
7064c720-cca7-429d-97c4-8fc6bcbd5d09;23.05.2026 17:54;api;chat/completions;deepseek/deepseek-v4-flash;DeepSeek;1521;1009
da26f0ae-bcac-4067-89a4-170342aa6ae3;23.05.2026 17:54;api;chat/completions;deepseek/deepseek-v4-flash;DeepSeek;1851;273
1c9dc2ad-52d8-4dd7-8b34-cfc5b22dd79d;23.05.2026 17:54;api;chat/completions;deepseek/deepseek-v4-flash;DeepSeek;5736;289
fb787bf3-9185-4729-bb72-91ed29b30668;23.05.2026 17:54;api;chat/completions;deepseek/deepseek-v4-flash;DeepSeek;3763;418
c8cf691f-bb4e-4395-b034-cbc06abe1d5a;23.05.2026 17:54;api;chat/completions;deepseek/deepseek-v4-flash;DeepSeek;1369;161
9c625eb5-317b-4265-8b2d-c1204800d141;23.05.2026 17:54;api;chat/completions;deepseek/deepseek-v4-flash;DeepSeek;1158;107
f29ea644-9ec2-42a3-abc7-3ecf824b377e;23.05.2026 17:54;api;chat/completions;deepseek/deepseek-v4-flash;DeepSeek;5603;499
6c5fefd1-fa42-40c6-a791-5698d44602a6;23.05.2026 17:54;api;chat/completions;deepseek/deepseek-v4-flash;DeepSeek;5802;370
1f0cfaa5-01c4-4c2f-b99e-1c2bb14ffda0;23.05.2026 17:54;api;chat/completions;deepseek/deepseek-v4-flash;DeepSeek;3756;394
b4bfde4b-dcf5-4445-b329-857d822709d7;23.05.2026 17:54;api;chat/completions;deepseek/deepseek-v4-flash;DeepSeek;5470;918
302f7916-fb29-4167-aa3c-a616d133814b;23.05.2026 17:54;api;chat/completions;deepseek/deepseek-v4-flash;DeepSeek;3240;552
bfd110dd-a8b8-4090-8350-e9b4148e8918;23.05.2026 17:53;api;chat/completions;deepseek/deepseek-v4-flash;DeepSeek;6872;173
c2320255-d3b3-4179-aa89-d469795f2fbf;23.05.2026 17:53;api;chat/completions;deepseek/deepseek-v4-flash;DeepSeek;2840;172
e20f5322-a6a5-443d-b091-7a526acaee06;23.05.2026 17:53;api;chat/completions;deepseek/deepseek-v4-flash;DeepSeek;1974;311
127b97de-e79b-4341-865e-587985fd0347;23.05.2026 17:53;api;chat/completions;deepseek/deepseek-v4-flash;DeepSeek;1439;303
e4785a94-3057-4ab9-abe5-31962a691cbb;23.05.2026 17:53;api;chat/completions;deepseek/deepseek-v4-flash;DeepSeek;3442;452
a9a3ab69-74aa-4ae2-947f-fa5f72c3f8b1;23.05.2026 17:53;api;chat/completions;deepseek/deepseek-v4-flash;DeepSeek;1162;92
80426568-50b8-4462-91a2-699a2680c74c;23.05.2026 17:53;api;chat/completions;deepseek/deepseek-v4-flash;DeepSeek;4664;116
06d320b1-10ed-4974-a27a-3ae7eb93a02e;23.05.2026 17:53;api;chat/completions;deepseek/deepseek-v4-flash;DeepSeek;3061;479
13f8f36b-e84d-4821-bba8-b02eadf0af3e;23.05.2026 17:53;api;chat/completions;deepseek/deepseek-v4-flash;DeepSeek;4363;333
83f8ef4d-d309-40fb-9ccb-1243825f279a;23.05.2026 17:53;api;chat/completions;deepseek/deepseek-v4-flash;DeepSeek;1910;159
b0945938-1606-4248-918e-9735bc418527;23.05.2026 17:53;api;chat/completions;deepseek/deepseek-v4-flash;DeepSeek;3594;2617
a4c2881a-58cc-4970-8309-75f1fc25bd85;23.05.2026 17:53;api;chat/completions;deepseek/deepseek-v4-flash;DeepSeek;5373;183
aa073c72-4c5b-49fc-88dc-910139273263;23.05.2026 17:53;api;chat/completions;deepseek/deepseek-v4-flash;DeepSeek;1428;173
7e793a14-2d98-45a2-a038-88de3f8cb946;23.05.2026 17:53;api;chat/completions;deepseek/deepseek-v4-flash;DeepSeek;1151;116
a99b18c2-0426-40ae-9279-015e53817dd8;23.05.2026 17:53;api;chat/completions;deepseek/deepseek-v4-flash;DeepSeek;5707;283
6f7d184c-21fe-4b75-a188-8d05d0673d94;23.05.2026 17:53;api;chat/completions;deepseek/deepseek-v4-flash;DeepSeek;2340;923
82bc2c8d-3a50-4cbd-b9ff-963132308e54;23.05.2026 17:53;api;chat/completions;deepseek/deepseek-v4-flash;DeepSeek;3398;819
9070fccb-6e9d-4348-a484-87c928cebe3e;23.05.2026 17:53;api;chat/completions;deepseek/deepseek-v4-flash;DeepSeek;1927;1057
638bbf16-c83d-479e-85c5-7e1f64b7329f;23.05.2026 17:53;api;chat/completions;deepseek/deepseek-v4-flash;DeepSeek;3011;502
55317b87-af42-4701-acd7-8afb88ceda89;23.05.2026 17:53;api;chat/completions;deepseek/deepseek-v4-flash;DeepSeek;3906;450
a1714c00-e260-45a6-8e7b-ff9e8df85e5f;23.05.2026 17:53;api;chat/completions;deepseek/deepseek-v4-flash;DeepSeek;2688;351
1b1e6ed1-9c3f-4765-aee9-1b8f42f4df68;23.05.2026 17:53;api;chat/completions;deepseek/deepseek-v4-flash;DeepSeek;5155;385
184d2f8c-be08-41de-8dc2-d5398c1503f9;23.05.2026 17:53;api;chat/completions;deepseek/deepseek-v4-flash;DeepSeek;2336;232
f2338b34-1c70-437e-bae1-9a35c5a61cd7;23.05.2026 17:52;api;chat/completions;deepseek/deepseek-v4-flash;DeepSeek;1431;303
a823e0c4-d07e-4bf5-8eaa-408734d5e118;23.05.2026 17:52;api;chat/completions;deepseek/deepseek-v4-flash;DeepSeek;1154;126
b6e2e77b-2a73-4f67-9ac7-a6c806ed91c4;23.05.2026 17:52;api;chat/completions;deepseek/deepseek-v4-flash;DeepSeek;2676;446
21d836ed-ceb2-4764-ae0b-34c7829c6ba9;23.05.2026 17:52;api;chat/completions;deepseek/deepseek-v4-flash;DeepSeek;2411;167
5e33f930-620a-484d-b280-8110c2adaeca;23.05.2026 17:52;api;chat/completions;deepseek/deepseek-v4-flash;DeepSeek;5003;451
8550aa5b-7a34-4d80-9fd8-b9bbf0f2d514;23.05.2026 17:52;api;chat/completions;deepseek/deepseek-v4-flash;DeepSeek;2419;545
95928a3d-86d0-40a5-81c1-d76adddedf34;23.05.2026 17:52;api;chat/completions;deepseek/deepseek-v4-flash;DeepSeek;3563;517
6554cff5-358a-4231-9ca9-3d9d5269c1ad;23.05.2026 17:52;api;chat/completions;deepseek/deepseek-v4-flash;DeepSeek;3124;289
3eed8304-c53a-4e15-a21b-3658a1caaf37;23.05.2026 17:52;api;chat/completions;deepseek/deepseek-v4-flash;DeepSeek;1551;151
d1edd06d-3b66-4e66-9d82-13e1a719a955;23.05.2026 17:52;api;chat/completions;deepseek/deepseek-v4-flash;DeepSeek;5047;399
b10d0881-6d3a-497c-9434-c631f39c2561;23.05.2026 17:52;api;chat/completions;deepseek/deepseek-v4-flash;DeepSeek;775;127
c0d986db-0f2e-40c1-a68b-439243fdee6c;23.05.2026 17:52;api;chat/completions;deepseek/deepseek-v4-flash;DeepSeek;639;2181
7d91a414-8d28-44f6-9c2e-84f561f8130e;23.05.2026 17:52;api;chat/completions;deepseek/deepseek-v4-flash;DeepSeek;2719;547
8104effd-bad0-464e-947b-36807702cf9e;23.05.2026 17:52;api;chat/completions;deepseek/deepseek-v4-flash;DeepSeek;1395;210
078c0ada-d605-4c14-bcca-415fb2fda128;23.05.2026 17:52;api;chat/completions;deepseek/deepseek-v4-flash;DeepSeek;1944;262
be164bcd-1f20-4a3c-95c4-d7e75c052ec8;23.05.2026 17:52;api;chat/completions;deepseek/deepseek-v4-flash;DeepSeek;1462;233
6ab97f8d-0dfb-4e7c-8611-4dd5837aaec9;23.05.2026 17:52;api;chat/completions;deepseek/deepseek-v4-flash;DeepSeek;1175;94
369fad2b-8634-40b7-a347-84d5da076e66;23.05.2026 17:52;api;chat/completions;deepseek/deepseek-v4-flash;DeepSeek;1390;510
a5b02d09-072b-41d5-a6f2-b424c7a66ea8;23.05.2026 17:52;api;chat/completions;deepseek/deepseek-v4-flash;DeepSeek;4600;197
49e2822c-a331-496d-8772-feb4c21249c5;23.05.2026 17:52;api;chat/completions;deepseek/deepseek-v4-flash;DeepSeek;254;456
50637fcb-4e5a-4360-b2d5-c55b52cc7991;23.05.2026 17:52;api;chat/completions;deepseek/deepseek-v4-flash;DeepSeek;4104;149
a8b915b0-4ac8-43c1-a952-bcc1b35e1a39;23.05.2026 17:52;api;chat/completions;deepseek/deepseek-v4-flash;DeepSeek;251;611
64db5556-a7be-48ae-8a50-894b2af56cf7;23.05.2026 17:51;api;chat/completions;deepseek/deepseek-v4-flash;DeepSeek;250;502
dab50c49-1d2d-473e-89ef-18cb0cae2107;23.05.2026 17:51;api;chat/completions;deepseek/deepseek-v4-flash;DeepSeek;253;610
9d1d4d01-aa88-422a-b9c1-09495e9bba06;23.05.2026 17:51;api;chat/completions;deepseek/deepseek-v4-flash;DeepSeek;4469;388
fa633cc6-fe9e-41dd-96f8-7600c14b7a5b;23.05.2026 17:51;api;chat/completions;deepseek/deepseek-v4-flash;DeepSeek;386;1544
206657a1-ecd8-49a7-9525-7935f307240a;23.05.2026 17:51;api;chat/completions;deepseek/deepseek-v4-flash;DeepSeek;4295;577
a8fbf8ef-bd01-4703-812e-837c26f81047;23.05.2026 17:51;api;chat/completions;deepseek/deepseek-v4-flash;DeepSeek;3975;369
746a1c81-f185-4b82-89b7-4b464c1027b9;23.05.2026 17:51;api;chat/completions;deepseek/deepseek-v4-flash;DeepSeek;2640;2678
3816a575-e02a-4345-81b3-71e1f009e11d;23.05.2026 17:51;api;chat/completions;deepseek/deepseek-v4-flash;DeepSeek;3623;188
23edfda4-1556-4b8f-9039-65c4ecaf43fc;23.05.2026 17:51;api;chat/completions;deepseek/deepseek-v4-flash;DeepSeek;2363;225
41a8da32-23f0-44bd-a878-77901e65085c;23.05.2026 17:51;api;chat/completions;deepseek/deepseek-v4-flash;DeepSeek;1441;164
c843f808-6dbc-4edd-9b8e-3ca72465d9ee;23.05.2026 17:50;api;chat/completions;deepseek/deepseek-v4-flash;DeepSeek;3449;463
b7e3f1bc-03d5-49b1-a0d8-8a6e54ddbd0e;23.05.2026 17:50;api;chat/completions;deepseek/deepseek-v4-flash;DeepSeek;1164;84
fc8a1f4e-cd48-4e40-bdb4-6690ad69731d;23.05.2026 17:50;api;chat/completions;deepseek/deepseek-v4-flash;DeepSeek;4577;673
67cfc25f-c84c-4dfc-bb0c-1e7cd5bd32a4;23.05.2026 17:50;api;chat/completions;deepseek/deepseek-v4-flash;DeepSeek;3141;284
7ad47c8e-ea7d-4ff5-b79d-550b38d2005b;23.05.2026 17:50;api;chat/completions;deepseek/deepseek-v4-flash;DeepSeek;1990;198
c8107dcf-8aaf-4546-9e86-634822ddf480;23.05.2026 17:50;api;chat/completions;deepseek/deepseek-v4-flash;DeepSeek;1924;182
2fe8b282-10c8-461a-8e47-b505327e584c;23.05.2026 17:50;api;chat/completions;deepseek/deepseek-v4-flash;DeepSeek;1442;212
39ef9864-3c19-45a3-85ee-eb9855ed70dd;23.05.2026 17:50;api;chat/completions;deepseek/deepseek-v4-flash;DeepSeek;1165;86
4327eacb-68f7-4d18-9970-f4d80a536c46;23.05.2026 17:50;api;chat/completions;deepseek/deepseek-v4-flash;DeepSeek;3906;310
5b9c9563-e175-4d04-870b-9dff54f8a5e9;23.05.2026 17:50;api;chat/completions;deepseek/deepseek-v4-flash;DeepSeek;3515;465
72129ab3-22b2-4d79-9ed4-65f6cb68afbe;23.05.2026 17:50;api;chat/completions;deepseek/deepseek-v4-flash;DeepSeek;2508;2904
942f7a39-a166-4a12-8d16-abc7d4aa71c5;23.05.2026 17:50;api;chat/completions;deepseek/deepseek-v4-flash;DeepSeek;3163;243
5fcec42e-4bfb-4b8a-aa13-fa4daca837b5;23.05.2026 17:50;api;chat/completions;deepseek/deepseek-v4-flash;DeepSeek;2319;152
9f685b81-6e94-4f14-a1ab-11f6e2449993;23.05.2026 17:50;api;chat/completions;deepseek/deepseek-v4-flash;DeepSeek;1414;243
ab212ace-6953-41a7-8d34-c5ad793fa09c;23.05.2026 17:50;api;chat/completions;deepseek/deepseek-v4-flash;DeepSeek;1153;87
b5eb52bd-83a0-4e04-b154-0d52c8cdb45e;23.05.2026 17:50;api;chat/completions;deepseek/deepseek-v4-flash;DeepSeek;3527;89
e5dd89f9-599f-4df9-b0c6-4ead447551d5;23.05.2026 17:49;api;chat/completions;deepseek/deepseek-v4-flash;DeepSeek;1178;2248
abba4848-04b4-41de-8e34-0931dc964829;23.05.2026 17:49;api;chat/completions;deepseek/deepseek-v4-flash;DeepSeek;1740;963
7cadcede-5f1d-4a58-bc84-4f8a51abcce0;23.05.2026 17:49;api;chat/completions;deepseek/deepseek-v4-flash;DeepSeek;4352;703
78028b65-750c-4d92-990f-957b9f8a8b6f;23.05.2026 17:49;api;chat/completions;deepseek/deepseek-v4-flash;DeepSeek;3978;336
ca0d1a52-a3b3-4711-99b2-ade56ad67397;23.05.2026 17:49;api;chat/completions;deepseek/deepseek-v4-flash;DeepSeek;5687;122
11ba1b7c-a90c-42a1-8b3b-4710806035a1;23.05.2026 17:49;api;chat/completions;deepseek/deepseek-v4-flash;DeepSeek;3649;420
9f73ed78-67a7-4a1f-ab44-02fb80543a2f;23.05.2026 17:49;api;chat/completions;deepseek/deepseek-v4-flash;DeepSeek;2882;110
dba60be1-a281-4d4d-be4b-568f13947865;23.05.2026 17:49;api;chat/completions;deepseek/deepseek-v4-flash;DeepSeek;4727;109
6173f216-053b-45cf-8f28-13a588304de3;23.05.2026 17:49;api;chat/completions;deepseek/deepseek-v4-flash;DeepSeek;2361;433
e9f0b4b7-b521-4cb2-978f-bb9bd50aa001;23.05.2026 17:49;api;chat/completions;deepseek/deepseek-v4-flash;DeepSeek;3711;89
e7a195dc-c2c4-4864-9d60-49da0e0a3a7a;23.05.2026 17:49;api;chat/completions;deepseek/deepseek-v4-flash;DeepSeek;1511;287
cc9092ff-95d3-437a-b3fd-53b0146ab3e3;23.05.2026 17:49;api;chat/completions;deepseek/deepseek-v4-flash;DeepSeek;1442;118
d5e82a3f-bb87-48a4-9540-0855452ee18e;23.05.2026 17:49;api;chat/completions;deepseek/deepseek-v4-flash;DeepSeek;2885;102
d558b8d4-7de8-4e11-ab90-e470f12c30c1;23.05.2026 17:49;api;chat/completions;deepseek/deepseek-v4-flash;DeepSeek;1165;112
0d04cf59-ad0c-4c88-a125-4bb7dcb2a1e2;23.05.2026 17:49;api;chat/completions;deepseek/deepseek-v4-flash;DeepSeek;1824;100
7ed82c1a-c214-4766-915b-4a0c097b32c2;23.05.2026 17:48;api;chat/completions;deepseek/deepseek-v4-flash;DeepSeek;3784;407
84fdc596-bce6-437f-80cc-525ca21e576f;23.05.2026 17:48;api;chat/completions;deepseek/deepseek-v4-flash;DeepSeek;4014;557
2cff5445-a3ef-41d3-ac06-7b3de7f080b6;23.05.2026 17:48;api;chat/completions;deepseek/deepseek-v4-flash;DeepSeek;3460;280
bf9456bc-01c4-4d69-82ce-0b92f51faa11;23.05.2026 17:48;api;chat/completions;deepseek/deepseek-v4-flash;DeepSeek;796;108
584c6405-55f6-421b-8a86-7af82e3e6587;23.05.2026 17:48;api;chat/completions;deepseek/deepseek-v4-flash;DeepSeek;3191;234
5bd65920-480c-4f69-8b35-3df62893e85b;23.05.2026 17:48;api;chat/completions;deepseek/deepseek-v4-flash;DeepSeek;1394;207
57b6761a-1068-4db8-8d44-ec3e25c6ff6f;23.05.2026 17:48;api;chat/completions;deepseek/deepseek-v4-flash;DeepSeek;2989;171
ad5c07da-a373-4ddb-9813-cfb32c1c4107;23.05.2026 17:48;api;chat/completions;deepseek/deepseek-v4-flash;DeepSeek;3482;637
3e3948f3-29d5-482b-bbce-ae89330a7184;23.05.2026 17:48;api;chat/completions;deepseek/deepseek-v4-flash;DeepSeek;6601;152
82541f9f-adbb-48aa-8c61-020b0a8b0314;23.05.2026 17:48;api;chat/completions;deepseek/deepseek-v4-flash;DeepSeek;2325;158
357a2a03-171e-4e9d-8cef-adafca767d67;23.05.2026 17:48;api;chat/completions;deepseek/deepseek-v4-flash;DeepSeek;6295;246
98daa60f-b120-4899-b130-b9eb9c0dc56c;23.05.2026 17:48;api;chat/completions;deepseek/deepseek-v4-flash;DeepSeek;1403;201
7f3bf0b2-946a-4923-bf69-5146b95edbcc;23.05.2026 17:48;api;chat/completions;deepseek/deepseek-v4-flash;DeepSeek;2831;258
58c5950e-82d1-43f6-a34f-a826b4356970;23.05.2026 17:48;api;chat/completions;deepseek/deepseek-v4-flash;DeepSeek;4582;190
0a793259-1fae-4282-b605-8d6bb77e0ea6;23.05.2026 17:48;api;chat/completions;deepseek/deepseek-v4-flash;DeepSeek;1142;154
8c532b95-cd34-4e86-ba39-e91be8b8e6ed;23.05.2026 17:48;api;chat/completions;deepseek/deepseek-v4-flash;DeepSeek;2607;250
ff071ba2-79f4-47a9-9a5d-39963720b01d;23.05.2026 17:48;api;chat/completions;deepseek/deepseek-v4-flash;DeepSeek;241;415
5ccb3c93-763e-483f-b8a9-ae8a2418b9eb;23.05.2026 17:48;api;chat/completions;deepseek/deepseek-v4-flash;DeepSeek;2367;497
77e67e66-ebc0-46a3-84a1-21a964442e10;23.05.2026 17:48;api;chat/completions;deepseek/deepseek-v4-flash;DeepSeek;2407;170
13ab6ac3-34f1-4d98-9bc6-364d7014f5a3;23.05.2026 17:48;api;chat/completions;deepseek/deepseek-v4-flash;DeepSeek;2206;137
38804e56-cd61-4a2e-a584-869d391e3364;23.05.2026 17:48;api;chat/completions;deepseek/deepseek-v4-flash;DeepSeek;253;546
f10d58fc-1f1c-4f81-9a87-a6df3526ba7c;23.05.2026 17:48;api;chat/completions;deepseek/deepseek-v4-flash;DeepSeek;1459;372
dc31af6a-dd12-457d-a64e-a6cce424115c;23.05.2026 17:48;api;chat/completions;deepseek/deepseek-v4-flash;DeepSeek;1462;510
13407f64-14bf-4a8a-82db-4f129c48e0d9;23.05.2026 17:48;api;chat/completions;deepseek/deepseek-v4-flash;DeepSeek;1182;123
0f9abb40-17d5-4cb6-8b14-a1dac4cd1bc2;23.05.2026 17:48;api;chat/completions;deepseek/deepseek-v4-flash;DeepSeek;1185;145
9efee74b-4b6b-4690-8b11-1e49887d7273;23.05.2026 17:48;api;chat/completions;deepseek/deepseek-v4-flash;DeepSeek;242;435
78e91a04-711a-4b9a-bee2-390bb6462514;23.05.2026 17:48;api;chat/completions;deepseek/deepseek-v4-flash;DeepSeek;3314;246
6ec5b895-c9e5-4d75-924b-fb4f6a2fa9af;23.05.2026 17:48;api;chat/completions;deepseek/deepseek-v4-flash;DeepSeek;2392;222
207e178e-97d2-415c-9fce-936412f7368b;23.05.2026 17:48;api;chat/completions;deepseek/deepseek-v4-flash;DeepSeek;2233;175
baeb8df3-8023-4bb2-ae10-4478b7a95f43;23.05.2026 17:48;api;chat/completions;deepseek/deepseek-v4-flash;DeepSeek;244;561
7a218400-862b-4687-b5c3-91e580339c4e;23.05.2026 17:48;api;chat/completions;deepseek/deepseek-v4-flash;DeepSeek;3319;214
d089c438-2851-4123-9da8-f6efbfe55c66;23.05.2026 17:48;api;chat/completions;deepseek/deepseek-v4-flash;DeepSeek;2097;108
fb933a9d-bf9f-4d44-9719-985f2a653517;23.05.2026 17:48;api;chat/completions;deepseek/deepseek-v4-flash;DeepSeek;254;1009
bd7e0dc7-fc6d-4296-94a5-217bf79fd144;23.05.2026 17:48;api;chat/completions;deepseek/deepseek-v4-flash;DeepSeek;1880;166
afdd5610-390d-4007-b01a-ed4c4d302759;23.05.2026 17:48;api;chat/completions;deepseek/deepseek-v4-flash;DeepSeek;1678;147
f9506dfc-ca1b-4e9c-95fc-b78106239079;23.05.2026 17:48;api;chat/completions;deepseek/deepseek-v4-flash;DeepSeek;238;584
d60372fa-5c56-498e-848b-d2cbe61eb66c;23.05.2026 17:48;api;chat/completions;deepseek/deepseek-v4-flash;DeepSeek;1437;210
3b040946-734d-41d5-af2a-52e7aec9cab6;23.05.2026 17:48;api;chat/completions;deepseek/deepseek-v4-flash;DeepSeek;1160;100
d31794c8-2cc8-48c2-82f0-044ef57e1846;23.05.2026 17:48;api;chat/completions;deepseek/deepseek-v4-flash;DeepSeek;249;932
b6776092-bfe3-4d57-b0d8-67bf6e006670;23.05.2026 17:48;api;chat/completions;deepseek/deepseek-v4-flash;DeepSeek;388;915
3b4a64c8-0ba4-44f4-a034-563d909c8eb7;23.05.2026 17:47;api;chat/completions;deepseek/deepseek-v4-flash;DeepSeek;248;501
5de6fa61-cb75-47e2-ae43-f62c36d195f4;23.05.2026 17:47;api;chat/completions;deepseek/deepseek-v4-flash;DeepSeek;6241;667
6958efa8-f283-40e5-b5d2-323361882c3a;23.05.2026 17:47;api;chat/completions;deepseek/deepseek-v4-flash;DeepSeek;4567;408
d8d2b00d-c927-4260-a013-b493c88463cb;23.05.2026 17:47;api;chat/completions;deepseek/deepseek-v4-flash;DeepSeek;257;784
da3baa4f-bdff-45f9-887d-36250e93e133;23.05.2026 17:47;api;chat/completions;deepseek/deepseek-v4-flash;DeepSeek;3416;299
a5980c85-9c0b-4172-9308-866de92e9276;23.05.2026 17:47;api;chat/completions;deepseek/deepseek-v4-flash;DeepSeek;3021;336
aae8a2eb-b5b9-4af8-b0cc-a48b1509fa9d;23.05.2026 17:47;api;chat/completions;deepseek/deepseek-v4-flash;DeepSeek;2617;152
e268d8c3-86f4-4c47-aaea-5c29cd06e27e;23.05.2026 17:47;api;chat/completions;deepseek/deepseek-v4-flash;DeepSeek;2077;197
1ed21814-472c-483a-8998-1fda663c3e27;23.05.2026 17:47;api;chat/completions;deepseek/deepseek-v4-flash;DeepSeek;2522;2831
ccdf605a-6975-4ce1-94b7-f72cf2a301e7;23.05.2026 17:47;api;chat/completions;deepseek/deepseek-v4-flash;DeepSeek;385;1264
e5e17501-8457-4e29-a19e-b2375578178d;23.05.2026 17:47;api;chat/completions;deepseek/deepseek-v4-flash;DeepSeek;1447;325
ea305ed2-4da5-4a3f-8675-0585052adb5e;23.05.2026 17:47;api;chat/completions;deepseek/deepseek-v4-flash;DeepSeek;1170;113
74bafef2-00c3-402e-92d6-4e68033991b8;23.05.2026 17:47;api;chat/completions;deepseek/deepseek-v4-flash;DeepSeek;249;390
75f351c6-a3a9-4f44-89f5-508a84a910d5;23.05.2026 17:47;api;chat/completions;deepseek/deepseek-v4-flash;DeepSeek;255;614
b8d8ce48-0da2-4e64-84a1-a9e96e033478;23.05.2026 17:47;api;chat/completions;deepseek/deepseek-v4-flash;DeepSeek;253;438
65ee0ca8-7d89-4977-bc92-39f67af3c364;23.05.2026 17:47;api;chat/completions;deepseek/deepseek-v4-flash;DeepSeek;255;521
6b0ec34c-5d38-4dc5-8100-b73b4d358e33;23.05.2026 17:47;api;chat/completions;deepseek/deepseek-v4-flash;DeepSeek;2784;3163
54d806d7-4328-4817-ab7b-eb58e0c51a0e;23.05.2026 17:47;api;chat/completions;deepseek/deepseek-v4-flash;DeepSeek;4837;334
643eb83c-1281-4856-84b3-08e20a30cd01;23.05.2026 17:47;api;chat/completions;deepseek/deepseek-v4-flash;DeepSeek;387;777
89d62762-590b-4528-a8f3-dee3070b3df6;23.05.2026 17:46;api;chat/completions;deepseek/deepseek-v4-flash;DeepSeek;2583;1973
90b82bbf-a8e1-4df0-8eec-9dfd8017eb6b;23.05.2026 17:46;api;chat/completions;deepseek/deepseek-v4-flash;DeepSeek;2354;4621
9f969861-29a2-4bf2-bd7b-b95a3073590f;23.05.2026 17:46;api;chat/completions;deepseek/deepseek-v4-flash;DeepSeek;2761;3888
a5471ed5-c86f-4a56-8995-0eff628a3cf8;23.05.2026 17:46;api;chat/completions;deepseek/deepseek-v4-flash;DeepSeek;3048;341
80eb56ad-a481-45e0-9367-eb68d928bb87;23.05.2026 17:46;api;chat/completions;deepseek/deepseek-v4-flash;DeepSeek;2718;219
6d601a90-8fba-4bf0-bf30-e93b04b57284;23.05.2026 17:46;api;chat/completions;deepseek/deepseek-v4-flash;DeepSeek;2537;189
cb413d2f-7ff4-44c6-a4f5-d56b030fe2ba;23.05.2026 17:46;api;chat/completions;deepseek/deepseek-v4-flash;DeepSeek;1135;2518
faa7b497-a4b8-402c-b491-3fa849724b37;23.05.2026 17:46;api;chat/completions;deepseek/deepseek-v4-flash;DeepSeek;2321;287
71be065d-540d-47cb-90d8-57d836b0794a;23.05.2026 17:46;api;chat/completions;deepseek/deepseek-v4-flash;DeepSeek;960;2826
a7bf6f0d-1019-4bf0-9347-0b1b362de225;23.05.2026 17:45;api;chat/completions;deepseek/deepseek-v4-flash;DeepSeek;1416;288
7885b751-a17a-444c-be15-135bf5e1cc95;23.05.2026 17:45;api;chat/completions;deepseek/deepseek-v4-flash;DeepSeek;1228;690
684e0943-371b-4cd5-82e3-36ce0c04f381;23.05.2026 17:45;api;chat/completions;deepseek/deepseek-v4-flash;DeepSeek;1139;147
a3cdf609-c43e-496e-aaa2-572705f89935;23.05.2026 17:45;api;chat/completions;deepseek/deepseek-v4-flash;DeepSeek;1247;785
2156f921-3f65-4b73-ae76-a28c09dfedb8;23.05.2026 17:45;api;chat/completions;deepseek/deepseek-v4-flash;DeepSeek;2069;237
444ad854-280e-4a0c-a2a8-981b194015d9;23.05.2026 17:45;api;chat/completions;deepseek/deepseek-v4-flash;DeepSeek;243;760
5f0e6862-41dd-42cd-be47-6e05d125f1fd;23.05.2026 17:45;api;chat/completions;deepseek/deepseek-v4-flash;DeepSeek;2636;2844
b44e5aa2-5214-472c-93d9-7e4db2d22842;23.05.2026 17:45;api;chat/completions;deepseek/deepseek-v4-flash;DeepSeek;246;616
cbdd63d0-3106-4979-8af6-2afd3766e963;23.05.2026 17:45;api;chat/completions;deepseek/deepseek-v4-flash;DeepSeek;240;1014
0e0c2271-7120-48f9-b299-234d1492f1fc;23.05.2026 17:45;api;chat/completions;deepseek/deepseek-v4-flash;DeepSeek;1067;872
599ed36e-5bf8-4aab-8304-dd88d9426ed3;23.05.2026 17:45;api;chat/completions;deepseek/deepseek-v4-flash;DeepSeek;1362;101
58e24dbc-1eee-48cf-bab9-948be7055d3f;23.05.2026 17:45;api;chat/completions;deepseek/deepseek-v4-flash;DeepSeek;239;568
183a967c-1b7f-41dc-92f8-c3a3243afae6;23.05.2026 17:45;api;chat/completions;deepseek/deepseek-v4-flash;DeepSeek;385;615
218cfe68-1048-4807-a82d-dc81c8e745a7;23.05.2026 17:45;api;chat/completions;deepseek/deepseek-v4-flash;DeepSeek;1227;97
ad0b7cf1-4448-455a-a2e4-f4823e5aae25;23.05.2026 17:45;api;chat/completions;deepseek/deepseek-v4-flash;DeepSeek;831;338
042684f6-6f26-49de-ba2c-783d019f839a;23.05.2026 17:45;api;chat/completions;deepseek/deepseek-v4-flash;DeepSeek;1134;2694
6549e2bf-22d7-4bf0-941a-80773ca4f2a6;23.05.2026 17:45;api;chat/completions;deepseek/deepseek-v4-flash;DeepSeek;4460;376
e3a21a67-a0b2-4a25-9bfd-09832de6e43b;23.05.2026 17:45;api;chat/completions;deepseek/deepseek-v4-flash;DeepSeek;632;514
143e73b4-148e-4b4b-b1b7-30faf31d943a;23.05.2026 17:45;api;chat/completions;deepseek/deepseek-v4-flash;DeepSeek;4132;286
31bd391b-f678-4c6d-9289-958e13ec379a;23.05.2026 17:44;api;chat/completions;deepseek/deepseek-v4-flash;DeepSeek;2802;1006
b4c4e060-fa3d-4855-8514-f5ad24852d53;23.05.2026 17:44;api;chat/completions;deepseek/deepseek-v4-flash;DeepSeek;1073;89
a08ada40-687c-4599-bfa5-522fb7828ba4;23.05.2026 17:44;api;chat/completions;deepseek/deepseek-v4-flash;DeepSeek;2910;2134
54496c5d-1cfb-486d-9349-60b4b36a7f8b;23.05.2026 17:44;api;chat/completions;deepseek/deepseek-v4-flash;DeepSeek;1731;599
e354d3b6-cefa-40be-817e-63a6f21b6256;23.05.2026 17:44;api;chat/completions;deepseek/deepseek-v4-flash;DeepSeek;3574;580
4cf27d59-f23d-433a-a4a0-e06822e5d4b4;23.05.2026 17:44;api;chat/completions;deepseek/deepseek-v4-flash;DeepSeek;2518;216
5b833f01-d580-4fba-bb4e-634302adc703;23.05.2026 17:44;api;chat/completions;deepseek/deepseek-v4-flash;DeepSeek;1543;503
c3a53b8a-4c9e-4705-b5a4-3179f1b73405;23.05.2026 17:44;api;chat/completions;deepseek/deepseek-v4-flash;DeepSeek;2353;114
1d2cafa4-b3c6-426c-b3ac-dd6d3d8ba301;23.05.2026 17:44;api;chat/completions;deepseek/deepseek-v4-flash;DeepSeek;1431;259
ea7fdc86-feb0-47bd-b206-2ab4a639a2a2;23.05.2026 17:44;api;chat/completions;deepseek/deepseek-v4-flash;DeepSeek;1154;144
1e80346c-cd79-46ef-ba4b-e46811406293;23.05.2026 17:44;api;chat/completions;deepseek/deepseek-v4-flash;DeepSeek;938;89
609073f1-05fd-4932-b8f0-b22ca2146acd;23.05.2026 17:44;api;chat/completions;deepseek/deepseek-v4-flash;DeepSeek;249;727
8a57d8e6-15cb-4985-9a6b-e35fbf1cbca2;23.05.2026 17:44;api;chat/completions;deepseek/deepseek-v4-flash;DeepSeek;2462;840
ed82d598-8a9e-454d-a8e9-20b971d1478f;23.05.2026 17:44;api;chat/completions;deepseek/deepseek-v4-flash;DeepSeek;244;512
32d2be8a-97b1-4a90-8733-756985d2a59d;23.05.2026 17:44;api;chat/completions;deepseek/deepseek-v4-flash;DeepSeek;2673;2434
d6a6d48f-6cb9-4ca0-af85-04b3ee577b45;23.05.2026 17:44;api;chat/completions;deepseek/deepseek-v4-flash;DeepSeek;1376;613
683acd21-b9bf-4be4-9e42-750cca1488e3;23.05.2026 17:44;api;chat/completions;deepseek/deepseek-v4-flash;DeepSeek;241;587
13575b6e-5c33-4ea1-820c-003d37918140;23.05.2026 17:44;api;chat/completions;deepseek/deepseek-v4-flash;DeepSeek;3803;368
89bec42e-9438-451f-99d8-56e040a995dc;23.05.2026 17:44;api;chat/completions;deepseek/deepseek-v4-flash;DeepSeek;785;105
56dc9e2c-2b1f-4e15-9485-11ed60605f0c;23.05.2026 17:44;api;chat/completions;deepseek/deepseek-v4-flash;DeepSeek;1203;397
c0900724-00e7-4726-86bc-83b55e275a3c;23.05.2026 17:44;api;chat/completions;deepseek/deepseek-v4-flash;DeepSeek;246;476
c38f0191-5941-40b8-a120-1917454a18d4;23.05.2026 17:44;api;chat/completions;deepseek/deepseek-v4-flash;DeepSeek;3377;350
d9610f3f-1ef1-4428-b6a9-fe040ddaaeb2;23.05.2026 17:44;api;chat/completions;deepseek/deepseek-v4-flash;DeepSeek;246;502
a1b17c60-35c3-4cf2-b3c3-96809b7f9955;23.05.2026 17:44;api;chat/completions;deepseek/deepseek-v4-flash;DeepSeek;2976;359
511b51db-a010-4c91-bc55-f77e1b684845;23.05.2026 17:44;api;chat/completions;deepseek/deepseek-v4-flash;DeepSeek;3163;130
02053950-81ae-4dc9-b8d5-52b8314ae9cb;23.05.2026 17:44;api;chat/completions;deepseek/deepseek-v4-flash;DeepSeek;1030;774
aca5092c-7cce-4892-b5d5-939cb7d0d8f1;23.05.2026 17:44;api;chat/completions;deepseek/deepseek-v4-flash;DeepSeek;2923;215
acbd0d76-98fb-4f42-8141-ba11b81def90;23.05.2026 17:44;api;chat/completions;deepseek/deepseek-v4-flash;DeepSeek;385;934
bb8dbcdc-dd4e-4f54-859c-2ea8e3fd66e4;23.05.2026 17:43;api;chat/completions;deepseek/deepseek-v4-flash;DeepSeek;1552;3320
b99a101a-84ac-4c48-a1b8-ed6b6c2f3246;23.05.2026 17:43;api;chat/completions;deepseek/deepseek-v4-flash;DeepSeek;2357;373
1a81b148-aa68-479a-a1f6-31fd0e353b23;23.05.2026 17:43;api;chat/completions;deepseek/deepseek-v4-flash;DeepSeek;1683;77
184003b0-ab6e-4afe-97f1-9819cf8ba6ab;23.05.2026 17:43;api;chat/completions;deepseek/deepseek-v4-flash;DeepSeek;2149;2344
7dae2e54-0e75-4929-a2e7-f676bcbd3f0c;23.05.2026 17:43;api;chat/completions;deepseek/deepseek-v4-flash;DeepSeek;1180;2708
0a6e21ad-3e90-45f9-b73d-7bbcba0242b3;23.05.2026 17:43;api;chat/completions;deepseek/deepseek-v4-flash;DeepSeek;872;940
98d20d73-e721-415e-a7b2-4df98dde6906;23.05.2026 17:43;api;chat/completions;deepseek/deepseek-v4-flash;DeepSeek;1487;1442
f0415cbc-82d7-4745-b405-911eac5df904;23.05.2026 17:43;api;chat/completions;deepseek/deepseek-v4-flash;DeepSeek;1325;1396
6e72f763-32c4-4a88-923e-6342805250d6;23.05.2026 17:43;api;chat/completions;deepseek/deepseek-v4-flash;DeepSeek;1535;123
9b96eded-5c1b-47a3-aa9d-4a330da8ae1c;23.05.2026 17:43;api;chat/completions;deepseek/deepseek-v4-flash;DeepSeek;779;123
900a56d4-459f-4947-b613-a46c15465577;23.05.2026 17:43;api;chat/completions;deepseek/deepseek-v4-flash;DeepSeek;1970;2103
c90d5588-7c36-47d6-9b02-e2fc9a65b2bc;23.05.2026 17:43;api;chat/completions;deepseek/deepseek-v4-flash;DeepSeek;1379;196
74fa2412-cd82-44a3-b9c5-3e10953118d6;23.05.2026 17:43;api;chat/completions;deepseek/deepseek-v4-flash;DeepSeek;1387;187
cf181312-39a5-41aa-8cc3-cd220d7266a5;23.05.2026 17:43;api;chat/completions;deepseek/deepseek-v4-flash;DeepSeek;3120;288
cfa27b84-8107-45d6-902b-6d990deaca6d;23.05.2026 17:43;api;chat/completions;deepseek/deepseek-v4-flash;DeepSeek;2492;320
47df8511-aa93-4483-8cc5-7575c85f2b07;23.05.2026 17:43;api;chat/completions;deepseek/deepseek-v4-flash;DeepSeek;3401;1466
66305b90-c2e3-4ce6-878b-82b2f988e9b1;23.05.2026 17:43;api;chat/completions;deepseek/deepseek-v4-flash;DeepSeek;2010;174
7b37b96b-3553-4a86-855d-a41bc57a9123;23.05.2026 17:42;api;chat/completions;deepseek/deepseek-v4-flash;DeepSeek;1505;357
50cc9d1f-b9fe-4523-b697-2b0c64ca8adb;23.05.2026 17:42;api;chat/completions;deepseek/deepseek-v4-flash;DeepSeek;735;333
7eb147d4-4e4b-4a02-918e-acc06ac6d2c3;23.05.2026 17:42;api;chat/completions;deepseek/deepseek-v4-flash;DeepSeek;1436;225
8a038112-94c6-40f1-b40e-af2ff27c8f6d;23.05.2026 17:42;api;chat/completions;deepseek/deepseek-v4-flash;DeepSeek;2833;906
ad6baf5b-2ec5-4b7a-b2e5-cf1187c62d76;23.05.2026 17:42;api;chat/completions;deepseek/deepseek-v4-flash;DeepSeek;1159;212
451a2382-35ee-4bcf-9f75-d8a768e73dfc;23.05.2026 17:42;api;chat/completions;deepseek/deepseek-v4-flash;DeepSeek;564;300
c7760ee8-b1c9-4163-95ef-2ceb69dde753;23.05.2026 17:42;api;chat/completions;deepseek/deepseek-v4-flash;DeepSeek;1004;543
5879abe3-fde9-4514-92dd-5e9294242956;23.05.2026 17:42;api;chat/completions;deepseek/deepseek-v4-flash;DeepSeek;1158;208
5a02d08d-62f8-4f97-b0e8-d655ce1e96d3;23.05.2026 17:42;api;chat/completions;deepseek/deepseek-v4-flash;DeepSeek;1034;2206
f765b08f-5ca0-44dc-8d06-23d066ea8c99;23.05.2026 17:42;api;chat/completions;deepseek/deepseek-v4-flash;DeepSeek;1182;252
cff300a1-8703-480d-b106-9cfac69d3b75;23.05.2026 17:42;api;chat/completions;deepseek/deepseek-v4-flash;DeepSeek;655;794
3265be48-b627-4f19-b47b-0ef26c182374;23.05.2026 17:42;api;chat/completions;deepseek/deepseek-v4-flash;DeepSeek;7891;612
4540064f-a885-432a-be93-edcceea6bab5;23.05.2026 17:42;api;chat/completions;deepseek/deepseek-v4-flash;DeepSeek;1289;366
a7787e80-9edd-480b-9887-fe4e419a5807;23.05.2026 17:42;api;chat/completions;deepseek/deepseek-v4-flash;DeepSeek;7474;375
b7f0e1ca-d6e0-42eb-b9a1-b25ec870b9f9;23.05.2026 17:42;api;chat/completions;deepseek/deepseek-v4-flash;DeepSeek;1366;960
956c04d4-9951-4782-9baf-c45c0deefae1;23.05.2026 17:42;api;chat/completions;deepseek/deepseek-v4-flash;DeepSeek;2938;3197
fd8bb356-a903-4b60-b491-103e9c39c190;23.05.2026 17:42;api;chat/completions;deepseek/deepseek-v4-flash;DeepSeek;1043;620
201bb8ae-e19e-4742-b2c6-fee5fa499d14;23.05.2026 17:42;api;chat/completions;deepseek/deepseek-v4-flash;DeepSeek;906;1585
2ab3f8c4-3aec-488f-9808-2a6e1ffc1e9e;23.05.2026 17:42;api;chat/completions;deepseek/deepseek-v4-flash;DeepSeek;3364;311
bcdbdf12-b1e7-47b9-bc81-4704cfc68dba;23.05.2026 17:42;api;chat/completions;deepseek/deepseek-v4-flash;DeepSeek;5258;459
2ee45491-a9bc-4a48-8aa7-8d9673f0a6d3;23.05.2026 17:42;api;chat/completions;deepseek/deepseek-v4-flash;DeepSeek;4307;2271
df5e48c2-9a91-4e0d-8890-a717289fa53c;23.05.2026 17:42;api;chat/completions;deepseek/deepseek-v4-flash;DeepSeek;2674;884
50c2c147-fb26-49bf-aa37-0bed4910ff3b;23.05.2026 17:42;api;chat/completions;deepseek/deepseek-v4-flash;DeepSeek;5058;261
e7238453-e188-4539-a31c-73108a6c2657;23.05.2026 17:42;api;chat/completions;deepseek/deepseek-v4-flash;DeepSeek;2973;394
63e7d81b-a584-401c-8d58-a1723ffda126;23.05.2026 17:42;api;chat/completions;deepseek/deepseek-v4-flash;DeepSeek;5415;217
ac61d4d5-b4f6-4487-8f1d-6b151b7d75f1;23.05.2026 17:42;api;chat/completions;deepseek/deepseek-v4-flash;DeepSeek;2557;388
b8664b67-aef9-4ccc-8385-449607c11a30;23.05.2026 17:42;api;chat/completions;deepseek/deepseek-v4-flash;DeepSeek;4762;442
46c5bef1-253a-41b1-bfee-00def72aa253;23.05.2026 17:42;api;chat/completions;deepseek/deepseek-v4-flash;DeepSeek;4214;648
5d93058a-2ae6-4a9c-a244-b47c2b13c5ce;23.05.2026 17:42;api;chat/completions;deepseek/deepseek-v4-flash;DeepSeek;2754;849
51646ab4-0ad3-448a-83f9-94e6dfffb329;23.05.2026 17:42;api;chat/completions;deepseek/deepseek-v4-flash;DeepSeek;2153;360
d12bd907-9433-4aef-9dbc-07b556baca92;23.05.2026 17:42;api;chat/completions;deepseek/deepseek-v4-flash;DeepSeek;3672;172
ea13cdbb-80f8-4d69-9cd9-36b1b82f1b68;23.05.2026 17:42;api;chat/completions;deepseek/deepseek-v4-flash;DeepSeek;1809;339
7fdf3d8b-9c9f-4f96-87a5-6f3c480400fb;23.05.2026 17:41;api;chat/completions;deepseek/deepseek-v4-flash;DeepSeek;4077;955
ed8c016b-a92e-4fa2-9f31-112293e1974b;23.05.2026 17:41;api;chat/completions;deepseek/deepseek-v4-flash;DeepSeek;1559;312
9cfb084e-8a89-42f5-b618-bde62691086a;23.05.2026 17:41;api;chat/completions;deepseek/deepseek-v4-flash;DeepSeek;772;127
470a4673-d9b7-45bd-a870-44e87083f79e;23.05.2026 17:41;api;chat/completions;deepseek/deepseek-v4-flash;DeepSeek;1485;226
f56674da-7a43-42c4-b496-10f4be44a902;23.05.2026 17:41;api;chat/completions;deepseek/deepseek-v4-flash;DeepSeek;2761;355
18e3111f-29c5-45ea-8f6b-6816f7c29143;23.05.2026 17:41;api;chat/completions;deepseek/deepseek-v4-flash;DeepSeek;632;329
59275e52-15d5-47bc-8f97-e72621b9d6d5;23.05.2026 17:41;api;chat/completions;deepseek/deepseek-v4-flash;DeepSeek;1208;160
6ec3cf73-8361-448a-ac3e-f2f03f606a38;23.05.2026 17:41;api;chat/completions;deepseek/deepseek-v4-flash;DeepSeek;2384;168
3bd97988-315d-4321-8f53-d9ebca291eb1;23.05.2026 17:41;api;chat/completions;deepseek/deepseek-v4-flash;DeepSeek;1179;243
137d701b-8da4-4794-90be-931f427439be;23.05.2026 17:41;api;chat/completions;deepseek/deepseek-v4-flash;DeepSeek;6346;327
f800ce14-e090-4d85-91d0-ff5cdc55f317;23.05.2026 17:41;api;chat/completions;deepseek/deepseek-v4-flash;DeepSeek;1204;192
c27250fb-6626-42af-ab40-ec31de6fb84f;23.05.2026 17:41;api;chat/completions;deepseek/deepseek-v4-flash;DeepSeek;2512;804
85d46762-58f8-4c0f-950a-7ce9b211fc08;23.05.2026 17:41;api;chat/completions;deepseek/deepseek-v4-flash;DeepSeek;1613;197
62746c64-83d8-4493-9794-1e5a937df819;23.05.2026 17:41;api;chat/completions;deepseek/deepseek-v4-flash;DeepSeek;1305;341
74772234-250d-4601-a67f-5905c7a8e853;23.05.2026 17:41;api;chat/completions;deepseek/deepseek-v4-flash;DeepSeek;2580;559
c7c07dde-d083-4092-9988-bfd0ffb9db15;23.05.2026 17:41;api;chat/completions;deepseek/deepseek-v4-flash;DeepSeek;795;142
5ac42ad3-486e-49e4-b63f-e48488c459b9;23.05.2026 17:41;api;chat/completions;deepseek/deepseek-v4-flash;DeepSeek;1135;948
2f63216b-96cf-414d-9187-89ff269901fd;23.05.2026 17:41;api;chat/completions;deepseek/deepseek-v4-flash;DeepSeek;1131;1005
43ef2bb4-170c-4bca-a9f1-7b2d4b865ae4;23.05.2026 17:41;api;chat/completions;deepseek/deepseek-v4-flash;DeepSeek;4052;109
8b71f0aa-2aeb-400b-9c02-b3174cc77727;23.05.2026 17:41;api;chat/completions;deepseek/deepseek-v4-flash;DeepSeek;897;1776
c45fb91e-9809-48cf-8484-f0bd11cbfcc9;23.05.2026 17:41;api;chat/completions;deepseek/deepseek-v4-flash;DeepSeek;3943;609
17d9d7af-2bd9-4bb7-8ba3-87c7e7b721da;23.05.2026 17:41;api;chat/completions;deepseek/deepseek-v4-flash;DeepSeek;6044;158
208848be-fab0-4253-a5f6-b7a31b65d37d;23.05.2026 17:41;api;chat/completions;deepseek/deepseek-v4-flash;DeepSeek;792;244
b93a146d-85b2-4a34-a196-75b874b866be;23.05.2026 17:41;api;chat/completions;deepseek/deepseek-v4-flash;DeepSeek;653;274
dcaff2a7-ac0c-4e4c-b324-5ec8b37355a4;23.05.2026 17:41;api;chat/completions;deepseek/deepseek-v4-flash;DeepSeek;3261;130
57a4d253-5d62-43d1-9596-23851e9479d3;23.05.2026 17:41;api;chat/completions;deepseek/deepseek-v4-flash;DeepSeek;965;788
1067f793-ce55-4fe7-990f-015a4ec2f355;23.05.2026 17:41;api;chat/completions;deepseek/deepseek-v4-flash;DeepSeek;2945;279
fe246e46-9153-40f0-8a1b-1b7046611aab;23.05.2026 17:41;api;chat/completions;deepseek/deepseek-v4-flash;DeepSeek;2188;103
f6fcffb5-42b0-48de-ac2c-1e2278a5bf4a;23.05.2026 17:41;api;chat/completions;deepseek/deepseek-v4-flash;DeepSeek;1391;633
e8f03489-0e20-4762-b8fc-e3e69bd88b96;23.05.2026 17:41;api;chat/completions;deepseek/deepseek-v4-flash;DeepSeek;1391;188
b7d042cd-ce66-43ed-be49-41dd5894de16;23.05.2026 17:41;api;chat/completions;deepseek/deepseek-v4-flash;DeepSeek;1503;106
0aae0d69-db2a-49b6-91d3-77ceead0273c;23.05.2026 17:41;api;chat/completions;deepseek/deepseek-v4-flash;DeepSeek;10301;290
8f3c1f12-ce34-4f32-be42-03e0e4fabf59;23.05.2026 17:41;api;chat/completions;deepseek/deepseek-v4-flash;DeepSeek;4532;189
460f3162-59bd-46df-92f3-60adcf826a6b;23.05.2026 17:40;api;chat/completions;deepseek/deepseek-v4-flash;DeepSeek;996;577
5d0469d7-f5d8-4f7e-971e-4d38042bf98b;23.05.2026 17:40;api;chat/completions;deepseek/deepseek-v4-flash;DeepSeek;822;176
3131eac1-cca8-4ea0-a5c4-5906af460f20;23.05.2026 17:40;api;chat/completions;deepseek/deepseek-v4-flash;DeepSeek;4325;213
bf47d6b5-6b45-44d9-a956-847fed97b9b4;23.05.2026 17:40;api;chat/completions;deepseek/deepseek-v4-flash;DeepSeek;7213;239
f0a588ba-059a-4841-8feb-bc3475c17110;23.05.2026 17:40;api;chat/completions;deepseek/deepseek-v4-flash;DeepSeek;861;2529
b0350842-99e6-4fda-b760-e20eb38c4d38;23.05.2026 17:40;api;chat/completions;deepseek/deepseek-v4-flash;DeepSeek;2414;1716
99bf6786-79f7-4bd4-a938-98cda5aa733d;23.05.2026 17:40;api;chat/completions;deepseek/deepseek-v4-flash;DeepSeek;6782;373
6642582f-58cd-4109-a531-b2cb64aa7f8f;23.05.2026 17:40;api;chat/completions;deepseek/deepseek-v4-flash;DeepSeek;1758;688
408034d3-ea7d-459d-9174-be9e6819e931;23.05.2026 17:40;api;chat/completions;deepseek/deepseek-v4-flash;DeepSeek;2382;867
fc33bb94-fb80-44af-88c7-72da9e559f93;23.05.2026 17:40;api;chat/completions;deepseek/deepseek-v4-flash;DeepSeek;3799;634
3f7efce5-f9f9-474f-8482-fa0fc5a1e9e1;23.05.2026 17:40;api;chat/completions;deepseek/deepseek-v4-flash;DeepSeek;4805;395
408a3b68-6e9c-4f80-aeec-99e40cd4b387;23.05.2026 17:40;api;chat/completions;deepseek/deepseek-v4-flash;DeepSeek;3375;353
3d0f213b-3a5f-4daa-b1a3-3337d9a937ca;23.05.2026 17:40;api;chat/completions;deepseek/deepseek-v4-flash;DeepSeek;3730;139
5b5e0301-a93d-4c2d-bd05-0163ec923535;23.05.2026 17:40;api;chat/completions;deepseek/deepseek-v4-flash;DeepSeek;3451;493
eb383afa-caf7-424d-b848-dc55e41b2cce;23.05.2026 17:40;api;chat/completions;deepseek/deepseek-v4-flash;DeepSeek;5443;601
f3855059-cd16-4495-8b25-c07db8ded930;23.05.2026 17:40;api;chat/completions;deepseek/deepseek-v4-flash;DeepSeek;5722;206
f230bf2d-00f0-410c-95d3-87f63e6800d8;23.05.2026 17:40;api;chat/completions;deepseek/deepseek-v4-flash;DeepSeek;2678;95
f034d239-b930-47c7-b7e9-0810cb612d9b;23.05.2026 17:40;api;chat/completions;deepseek/deepseek-v4-flash;DeepSeek;1701;222
e07216a1-f43d-44c4-a9bf-4fd0c4e1aaf2;23.05.2026 17:40;api;chat/completions;deepseek/deepseek-v4-flash;DeepSeek;5321;378
d020f24f-aad3-48a1-aefa-f87d5de442fa;23.05.2026 17:40;api;chat/completions;deepseek/deepseek-v4-flash;DeepSeek;6121;491
f0574f8c-5daa-4a3f-becc-f7664ca57413;23.05.2026 17:40;api;chat/completions;deepseek/deepseek-v4-flash;DeepSeek;4766;794
729df907-6eb5-4985-b8c0-acb66cf79f42;23.05.2026 17:40;api;chat/completions;deepseek/deepseek-v4-flash;DeepSeek;2260;212
64a052c4-d588-4800-8a17-2b3ea4963819;23.05.2026 17:40;api;chat/completions;deepseek/deepseek-v4-flash;DeepSeek;726;200
ccd55e42-1d5b-492c-ba19-bd76627a6a3c;23.05.2026 17:40;api;chat/completions;deepseek/deepseek-v4-flash;DeepSeek;4006;430
eadf4ae6-e35a-495c-bf1a-326a79f46b77;23.05.2026 17:40;api;chat/completions;deepseek/deepseek-v4-flash;DeepSeek;1770;109
875ade57-e331-4936-9227-fe046cca375f;23.05.2026 17:40;api;chat/completions;deepseek/deepseek-v4-flash;DeepSeek;1572;96
da940900-e644-4878-a19a-73f727267ee7;23.05.2026 17:40;api;chat/completions;deepseek/deepseek-v4-flash;DeepSeek;585;289
9f7b240f-dd88-4f5f-b760-458333228446;23.05.2026 17:40;api;chat/completions;deepseek/deepseek-v4-flash;DeepSeek;755;120
8caa2189-2b16-4818-9e85-e5fa070cc549;23.05.2026 17:40;api;chat/completions;deepseek/deepseek-v4-flash;DeepSeek;3644;288
ce402b40-91d4-4f6d-b5e0-0498cf261d70;23.05.2026 17:40;api;chat/completions;deepseek/deepseek-v4-flash;DeepSeek;1244;291
c69b59d1-e77b-4666-9c17-527e21f33934;23.05.2026 17:40;api;chat/completions;deepseek/deepseek-v4-flash;DeepSeek;2337;343
60043903-8168-4d47-b690-a28a0b372ff5;23.05.2026 17:40;api;chat/completions;deepseek/deepseek-v4-flash;DeepSeek;2064;226
c64a8fe8-ee3a-4060-99a4-2ee2da32f3ac;23.05.2026 17:40;api;chat/completions;deepseek/deepseek-v4-flash;DeepSeek;1273;269
b1392bf8-0687-4e92-a11b-749b024bf3aa;23.05.2026 17:40;api;chat/completions;deepseek/deepseek-v4-flash;DeepSeek;816;2304
023c6c5e-c909-47a7-a1f2-d06ff2e84874;23.05.2026 17:40;api;chat/completions;deepseek/deepseek-v4-flash;DeepSeek;1415;361
4a3db104-8c84-4e70-8225-b42cbba8edd2;23.05.2026 17:40;api;chat/completions;deepseek/deepseek-v4-flash;DeepSeek;3821;455
9434b7a5-f758-4dde-94dd-31dd5cb518f2;23.05.2026 17:40;api;chat/completions;deepseek/deepseek-v4-flash;DeepSeek;1110;3824
6d4282b7-d034-41be-8536-2f35c7ff7772;23.05.2026 17:40;api;chat/completions;deepseek/deepseek-v4-flash;DeepSeek;1377;257
03718e0a-8085-4be5-b7af-ffb045ce2288;23.05.2026 17:40;api;chat/completions;deepseek/deepseek-v4-flash;DeepSeek;809;110
5ba91135-fd72-4e99-876c-ae40d6ae8b93;23.05.2026 17:40;api;chat/completions;deepseek/deepseek-v4-flash;DeepSeek;1138;166
df822141-b149-4e30-8b4a-4e00a630b011;23.05.2026 17:40;api;chat/completions;deepseek/deepseek-v4-flash;DeepSeek;665;228
951f78d5-58ee-4a52-b7c0-ff43adda0cf8;23.05.2026 17:40;api;chat/completions;deepseek/deepseek-v4-flash;DeepSeek;5096;418
9e83c0be-22ad-42d1-83f9-bfee7c024999;23.05.2026 17:40;api;chat/completions;deepseek/deepseek-v4-flash;DeepSeek;1264;165
d6c0724b-0246-4cec-8ed1-2476ade81e07;23.05.2026 17:40;api;chat/completions;deepseek/deepseek-v4-flash;DeepSeek;834;145
700e64cb-577e-4d23-82b5-11d9cfd2bb74;23.05.2026 17:40;api;chat/completions;deepseek/deepseek-v4-flash;DeepSeek;744;411
514f482f-724b-486a-bd64-bab5967bf322;23.05.2026 17:40;api;chat/completions;deepseek/deepseek-v4-flash;DeepSeek;3413;440
06cffe7a-7116-499f-9c63-86e1189981bb;23.05.2026 17:39;api;chat/completions;deepseek/deepseek-v4-flash;DeepSeek;1274;204
cc6c38f5-43c0-47d0-93ba-df62dac15c2c;23.05.2026 17:39;api;chat/completions;deepseek/deepseek-v4-flash;DeepSeek;1398;198
2df92a4d-b94e-4263-88c9-d84b5ced22d0;23.05.2026 17:39;api;chat/completions;deepseek/deepseek-v4-flash;DeepSeek;1395;196
86f6c8c9-fd53-41db-893d-87a315d73ef3;23.05.2026 17:39;api;chat/completions;deepseek/deepseek-v4-flash;DeepSeek;244;378
3790fe5a-06b6-4c48-ac4e-ff1a970aadd0;23.05.2026 17:39;api;chat/completions;deepseek/deepseek-v4-flash;DeepSeek;967;1104
04e88e5a-6de4-4e63-be9c-29ef37b90aca;23.05.2026 17:39;api;chat/completions;deepseek/deepseek-v4-flash;DeepSeek;252;401
4d89775b-577e-4747-ab69-5e9aac51f4ef;23.05.2026 17:39;api;chat/completions;deepseek/deepseek-v4-flash;DeepSeek;4216;101
86c6efa8-cc52-4313-a833-33b53b5f9372;23.05.2026 17:39;api;chat/completions;deepseek/deepseek-v4-flash;DeepSeek;3678;107
744b9841-874f-4f81-a3a6-3079ccdfefc3;23.05.2026 17:39;api;chat/completions;deepseek/deepseek-v4-flash;DeepSeek;243;1016
0c3b67ea-d6e2-45c9-a2df-6d2ea46671d4;23.05.2026 17:39;api;chat/completions;deepseek/deepseek-v4-flash;DeepSeek;4863;264
866b9dee-d8b0-4095-8dec-5d2db29631df;23.05.2026 17:39;api;chat/completions;deepseek/deepseek-v4-flash;DeepSeek;1593;197
69a824ae-651d-4118-9f65-4fa3f71340d8;23.05.2026 17:39;api;chat/completions;deepseek/deepseek-v4-flash;DeepSeek;253;415
8f782157-dcea-4752-90f6-4ce423bfef24;23.05.2026 17:39;api;chat/completions;deepseek/deepseek-v4-flash;DeepSeek;2847;110
5305fed5-8cdb-4fca-af7c-28977f244c6e;23.05.2026 17:39;api;chat/completions;deepseek/deepseek-v4-flash;DeepSeek;2108;108
442161ba-d165-4e95-9a17-44b23b8d2008;23.05.2026 17:39;api;chat/completions;deepseek/deepseek-v4-flash;DeepSeek;826;148
6afd45bd-1b65-4dcb-b2ef-f76730764f0a;23.05.2026 17:39;api;chat/completions;deepseek/deepseek-v4-flash;DeepSeek;381;869
6eb6cb99-7aac-4f46-94be-b4a99efb75ef;23.05.2026 17:39;api;chat/completions;deepseek/deepseek-v4-flash;DeepSeek;1408;98
967a4b27-45bb-4741-919c-7e53116d3b86;23.05.2026 17:39;api;chat/completions;deepseek/deepseek-v4-flash;DeepSeek;790;116
60bad4da-2c60-40d6-ba32-34fd82ae171a;23.05.2026 17:39;api;chat/completions;deepseek/deepseek-v4-flash;DeepSeek;3838;188
ce0cf3a8-6339-4c05-85de-ce61d4a38122;23.05.2026 17:39;api;chat/completions;deepseek/deepseek-v4-flash;DeepSeek;3478;317
20813186-d2af-49e0-9b3e-bb3454c1142f;23.05.2026 17:39;api;chat/completions;deepseek/deepseek-v4-flash;DeepSeek;4386;185
d97be1b2-873c-480a-9c8d-552ee42188eb;23.05.2026 17:39;api;chat/completions;deepseek/deepseek-v4-flash;DeepSeek;3534;194
fd962969-62b1-4925-bbea-f966c5e4cc28;23.05.2026 17:38;api;chat/completions;deepseek/deepseek-v4-flash;DeepSeek;4183;196
f32f023e-0517-40c2-9a32-63f3c073d36d;23.05.2026 17:38;api;chat/completions;deepseek/deepseek-v4-flash;DeepSeek;3205;297
ed288c2a-78ba-4cfd-b7b4-724a74032a3f;23.05.2026 17:38;api;chat/completions;deepseek/deepseek-v4-flash;DeepSeek;2492;2807
6d785647-fe84-4eb1-83c5-1d1b352ea8d4;23.05.2026 17:38;api;chat/completions;deepseek/deepseek-v4-flash;DeepSeek;1100;477
9530ad24-4077-4bdf-ba17-409b6c42e8ef;23.05.2026 17:38;api;chat/completions;deepseek/deepseek-v4-flash;DeepSeek;2878;364
3e544d6b-4d34-4ace-8354-f8f2d6df1490;23.05.2026 17:38;api;chat/completions;deepseek/deepseek-v4-flash;DeepSeek;2947;373
bccf4052-6c2a-40d3-9a42-3a520cfa2918;23.05.2026 17:38;api;chat/completions;deepseek/deepseek-v4-flash;DeepSeek;2299;101
8dfaba56-28c9-4783-8d78-0d5f181f998c;23.05.2026 17:38;api;chat/completions;deepseek/deepseek-v4-flash;DeepSeek;4066;352
a57529ae-2a94-48ac-8740-79cd1752c0c3;23.05.2026 17:38;api;chat/completions;deepseek/deepseek-v4-flash;DeepSeek;3862;373
6b2d8e4a-ebae-46e5-9765-2cdd9d957d64;23.05.2026 17:38;api;chat/completions;deepseek/deepseek-v4-flash;DeepSeek;3420;337
1147bce4-e8ec-4bea-9456-d4acdecbe87b;23.05.2026 17:38;api;chat/completions;deepseek/deepseek-v4-flash;DeepSeek;3794;85
c7f46309-fd28-4f41-a9f5-cc88e7487c15;23.05.2026 17:38;api;chat/completions;deepseek/deepseek-v4-flash;DeepSeek;1503;167
28399de9-2e11-4d3d-88fc-70c8ab7cf7cb;23.05.2026 17:38;api;chat/completions;deepseek/deepseek-v4-flash;DeepSeek;776;128
1b5bbfa5-61de-4517-8f58-a1cb44546eb1;23.05.2026 17:38;api;chat/completions;deepseek/deepseek-v4-flash;DeepSeek;3475;306
0208a9dc-4c6b-45ab-a5f8-f3007c811285;23.05.2026 17:38;api;chat/completions;deepseek/deepseek-v4-flash;DeepSeek;1561;86
dd20f7e6-78d0-466e-90fb-22629f21df22;23.05.2026 17:38;api;chat/completions;deepseek/deepseek-v4-flash;DeepSeek;2986;246
91397b4b-4665-4986-a2b7-4ff5954b3563;23.05.2026 17:38;api;chat/completions;deepseek/deepseek-v4-flash;DeepSeek;2576;134
cb2adeb2-0c12-4196-98b1-f299302f79f0;23.05.2026 17:38;api;chat/completions;deepseek/deepseek-v4-flash;DeepSeek;4197;212
bf64496c-b33b-4749-b290-b6ed4d236e39;23.05.2026 17:38;api;chat/completions;deepseek/deepseek-v4-flash;DeepSeek;1925;168
6cba8819-4fde-4bf3-824a-742197843c34;23.05.2026 17:38;api;chat/completions;deepseek/deepseek-v4-flash;DeepSeek;824;109
ea469916-6b7c-4c3b-99b0-42049adf648b;23.05.2026 17:38;api;chat/completions;deepseek/deepseek-v4-flash;DeepSeek;2252;353
9fec751c-6808-4ca7-b47e-868bc4526fed;23.05.2026 17:38;api;chat/completions;deepseek/deepseek-v4-flash;DeepSeek;1379;100
6a392128-38bc-4c8a-8f34-f0e190ff4241;23.05.2026 17:38;api;chat/completions;deepseek/deepseek-v4-flash;DeepSeek;1419;221
89c4d8ef-01b4-4015-a8da-57cb78db6e22;23.05.2026 17:38;api;chat/completions;deepseek/deepseek-v4-flash;DeepSeek;1142;121
36342529-92bb-4c43-a7fe-8b166b81d69f;23.05.2026 17:38;api;chat/completions;deepseek/deepseek-v4-flash;DeepSeek;789;114
f116bfeb-fc44-445f-8be3-7e874ad831b0;23.05.2026 17:38;api;chat/completions;deepseek/deepseek-v4-flash;DeepSeek;1280;582
4076b88f-b9fc-4db8-a640-051376a1bf14;23.05.2026 17:38;api;chat/completions;deepseek/deepseek-v4-flash;DeepSeek;1276;184
1115c016-51f5-4868-afe2-0e22cb9dc09f;23.05.2026 17:38;api;chat/completions;deepseek/deepseek-v4-flash;DeepSeek;1305;185
487ee22c-a81e-45dc-846d-50e1719d6ff0;23.05.2026 17:38;api;chat/completions;deepseek/deepseek-v4-flash;DeepSeek;1278;200
395aab19-447f-4aa4-8d0f-48d9fe04d6bc;23.05.2026 17:38;api;chat/completions;deepseek/deepseek-v4-flash;DeepSeek;1408;198
773fc24b-f028-4b4f-9fbe-5e7d1c9cc360;23.05.2026 17:38;api;chat/completions;deepseek/deepseek-v4-flash;DeepSeek;2282;3531
cce2f59b-367a-43c1-8a58-f40775a35cf9;23.05.2026 17:38;api;chat/completions;deepseek/deepseek-v4-flash;DeepSeek;3809;248
b8598fcf-a519-481b-8638-108cb46898ea;23.05.2026 17:38;api;chat/completions;deepseek/deepseek-v4-flash;DeepSeek;263;481
2c3c3734-64a1-4c84-b335-8e6d4b90cde8;23.05.2026 17:38;api;chat/completions;deepseek/deepseek-v4-flash;DeepSeek;4759;346
eff026b3-20f7-47ac-8f01-8aaa7eb9bb14;23.05.2026 17:38;api;chat/completions;deepseek/deepseek-v4-flash;DeepSeek;1064;838
b50f63bc-c38b-4d2a-943a-c4271bb07eb2;23.05.2026 17:37;api;chat/completions;deepseek/deepseek-v4-flash;DeepSeek;2966;220
cd9516e8-9900-4cda-b579-2bc4e3a56d0d;23.05.2026 17:37;api;chat/completions;deepseek/deepseek-v4-flash;DeepSeek;260;933
60dad2ca-5b15-4162-b494-7cee1021ac60;23.05.2026 17:37;api;chat/completions;deepseek/deepseek-v4-flash;DeepSeek;253;422
5298559b-108c-4141-82fc-7d326bd9e410;23.05.2026 17:37;api;chat/completions;deepseek/deepseek-v4-flash;DeepSeek;4290;527
ecabdf3b-c8ad-477f-951e-da6f442296f6;23.05.2026 17:37;api;chat/completions;deepseek/deepseek-v4-flash;DeepSeek;255;338
a8b24199-4e58-4cc7-89fa-d80f318f8396;23.05.2026 17:37;api;chat/completions;deepseek/deepseek-v4-flash;DeepSeek;3880;244
5e28f94f-3bca-42bc-83f4-0f4585b883ee;23.05.2026 17:37;api;chat/completions;deepseek/deepseek-v4-flash;DeepSeek;2209;97
593e2449-05b8-468e-9b89-0bf951459dce;23.05.2026 17:37;api;chat/completions;deepseek/deepseek-v4-flash;DeepSeek;3512;303
67af171a-ee6e-4a1b-a757-5e8201372a91;23.05.2026 17:37;api;chat/completions;deepseek/deepseek-v4-flash;DeepSeek;1530;107
e6481577-89de-49bd-acb2-5d23d8e81c9e;23.05.2026 17:37;api;chat/completions;deepseek/deepseek-v4-flash;DeepSeek;2670;176
23b2af75-d0fd-4555-b77f-27ac032000ff;23.05.2026 17:37;api;chat/completions;deepseek/deepseek-v4-flash;DeepSeek;1096;2103
d006a420-0c65-4fb8-9337-bf17478ce524;23.05.2026 17:37;api;chat/completions;deepseek/deepseek-v4-flash;DeepSeek;383;869
b2258c83-9045-481b-9b0c-b3b9f4357ace;23.05.2026 17:37;api;chat/completions;deepseek/deepseek-v4-flash;DeepSeek;1397;340
40c048d2-c925-4524-a8ab-01f669a96a35;23.05.2026 17:37;api;chat/completions;deepseek/deepseek-v4-flash;DeepSeek;1136;122
b970884a-2586-436c-882f-6ae39db3729b;23.05.2026 17:37;api;chat/completions;deepseek/deepseek-v4-flash;DeepSeek;791;125
ddfcf74b-8798-46c3-9435-d6e4180f8b85;23.05.2026 17:37;api;chat/completions;deepseek/deepseek-v4-flash;DeepSeek;1275;207
e1f1039b-d543-4bf4-863d-4ea6ffbefd3e;23.05.2026 17:37;api;chat/completions;deepseek/deepseek-v4-flash;DeepSeek;1370;825
fab88657-6203-4087-89d7-d071887452bb;23.05.2026 17:37;api;chat/completions;deepseek/deepseek-v4-flash;DeepSeek;1276;184
9a461228-43bd-4bb9-bc32-dde7f3c1ad93;23.05.2026 17:37;api;chat/completions;deepseek/deepseek-v4-flash;DeepSeek;2123;504
81d887f3-280c-471a-98b9-12bd77654f41;23.05.2026 17:37;api;chat/completions;deepseek/deepseek-v4-flash;DeepSeek;258;427
c2e74ccf-4068-4d62-b441-9ec768f4e3d2;23.05.2026 17:37;api;chat/completions;deepseek/deepseek-v4-flash;DeepSeek;258;780
583cdd70-77d4-45bf-899c-ece34e106e5f;23.05.2026 17:37;api;chat/completions;deepseek/deepseek-v4-flash;DeepSeek;255;536
eb2a59fc-0066-40ac-bf3e-b1b4213ecdf9;23.05.2026 17:37;api;chat/completions;deepseek/deepseek-v4-flash;DeepSeek;2007;1681
7b1307f2-1aae-44b7-a3fc-26fc36454170;23.05.2026 17:37;api;chat/completions;deepseek/deepseek-v4-flash;DeepSeek;256;443
f73d66c7-aa89-4e00-8045-436eae715609;23.05.2026 17:37;api;chat/completions;deepseek/deepseek-v4-flash;DeepSeek;3214;3212
3578d42b-b99c-48d9-a60d-6c5e3838dd80;23.05.2026 17:36;api;chat/completions;deepseek/deepseek-v4-flash;DeepSeek;1517;893
c36b9f39-7624-47cb-b90e-64a954b43275;23.05.2026 17:36;api;chat/completions;deepseek/deepseek-v4-flash;DeepSeek;4585;441
08e6548a-979a-426d-9e1f-fa1dcdb5f5cb;23.05.2026 17:36;api;chat/completions;deepseek/deepseek-v4-flash;DeepSeek;380;947
f26abc07-3a6a-4b7a-8707-cda0d22a4290;23.05.2026 17:36;api;chat/completions;deepseek/deepseek-v4-flash;DeepSeek;4215;371
f80fafb4-1700-41cc-b621-23c316876691;23.05.2026 17:36;api;chat/completions;deepseek/deepseek-v4-flash;DeepSeek;1403;657
365a684f-e31b-4bf0-8673-573ce1528bd7;23.05.2026 17:36;api;chat/completions;deepseek/deepseek-v4-flash;DeepSeek;3880;424
cd1cee82-d4d0-44dd-9c2d-60fb72ed9e73;23.05.2026 17:36;api;chat/completions;deepseek/deepseek-v4-flash;DeepSeek;3802;349
358ce519-9789-4476-8a34-33667fb9b028;23.05.2026 17:36;api;chat/completions;deepseek/deepseek-v4-flash;DeepSeek;1250;551
8e31251b-8404-4dc8-9b3d-6b1e1af4a176;23.05.2026 17:36;api;chat/completions;deepseek/deepseek-v4-flash;DeepSeek;3306;168
3428f3f9-f33a-4e67-966d-27a47576cdcc;23.05.2026 17:36;api;chat/completions;deepseek/deepseek-v4-flash;DeepSeek;2330;1983
c2dbd528-eb7b-4e26-b568-59525fb07c22;23.05.2026 17:36;api;chat/completions;deepseek/deepseek-v4-flash;DeepSeek;4908;1952
8105c4bb-9350-4954-ae3b-1213b83b2189;23.05.2026 17:36;api;chat/completions;deepseek/deepseek-v4-flash;DeepSeek;1391;210
f0b72ba9-c497-4258-a553-b2dea08566bc;23.05.2026 17:36;api;chat/completions;deepseek/deepseek-v4-flash;DeepSeek;3912;243
1fcf9ad2-572a-4e66-ac44-1ea6d4d516b5;23.05.2026 17:36;api;chat/completions;deepseek/deepseek-v4-flash;DeepSeek;2736;3708
0a19b9d8-84b2-40bb-a3ac-5367cb3b0bb2;23.05.2026 17:36;api;chat/completions;deepseek/deepseek-v4-flash;DeepSeek;800;129
72599fed-405a-4a2f-927b-ec00a8380078;23.05.2026 17:36;api;chat/completions;deepseek/deepseek-v4-flash;DeepSeek;2462;813
4a26c057-d648-4890-ac87-cd4171b50cc9;23.05.2026 17:36;api;chat/completions;deepseek/deepseek-v4-flash;DeepSeek;1054;369
b927e830-ffb9-4388-89d8-c356a5e09d3f;23.05.2026 17:36;api;chat/completions;deepseek/deepseek-v4-flash;DeepSeek;4562;873
ff6c6237-49a7-4a8d-9b40-cc654d06b0a6;23.05.2026 17:36;api;chat/completions;deepseek/deepseek-v4-flash;DeepSeek;5235;180
c882a561-64e0-4c30-82ee-f840dba9f381;23.05.2026 17:36;api;chat/completions;deepseek/deepseek-v4-flash;DeepSeek;5008;262
b1a4a788-f4ff-4e65-88ea-76135c260ca2;23.05.2026 17:36;api;chat/completions;deepseek/deepseek-v4-flash;DeepSeek;4198;264
3971ac67-9965-414e-83f8-659952de81d9;23.05.2026 17:36;api;chat/completions;deepseek/deepseek-v4-flash;DeepSeek;3960;89
cd40058a-6ac2-4f66-81d3-76fc734c6d11;23.05.2026 17:35;api;chat/completions;deepseek/deepseek-v4-flash;DeepSeek;1899;1151
2f527638-fd11-49ae-a032-3c86e4a51baa;23.05.2026 17:35;api;chat/completions;deepseek/deepseek-v4-flash;DeepSeek;3752;245
291cba1b-fe3d-4f36-a052-e56565ae7df3;23.05.2026 17:35;api;chat/completions;deepseek/deepseek-v4-flash;DeepSeek;2924;105
5dae0aaa-aff2-4659-bfc1-36c57ab105dd;23.05.2026 17:35;api;chat/completions;deepseek/deepseek-v4-flash;DeepSeek;2270;356
00359b31-fc3e-4006-a685-383146a4e6c5;23.05.2026 17:35;api;chat/completions;deepseek/deepseek-v4-flash;DeepSeek;2099;3057
5b3adcaf-050a-43c4-bb86-0ee8d8bab6db;23.05.2026 17:35;api;chat/completions;deepseek/deepseek-v4-flash;DeepSeek;3233;372
93d5a27f-ee4d-4f13-8e3c-f0b8b2c9e963;23.05.2026 17:35;api;chat/completions;deepseek/deepseek-v4-flash;DeepSeek;3146;211
0da9fa88-49af-48c8-b964-4bba208d45f3;23.05.2026 17:35;api;chat/completions;deepseek/deepseek-v4-flash;DeepSeek;2273;151
2d06f454-9c07-4641-9872-6abe290ef8bc;23.05.2026 17:35;api;chat/completions;deepseek/deepseek-v4-flash;DeepSeek;1872;102
1925adc0-eca5-470b-af83-50c506543590;23.05.2026 17:35;api;chat/completions;deepseek/deepseek-v4-flash;DeepSeek;848;276
2ebd8fe6-f4c7-4507-af5a-31f8f8886338;23.05.2026 17:35;api;chat/completions;deepseek/deepseek-v4-flash;DeepSeek;1415;287
4b611d5c-6b23-4f92-b419-53e7ccf71436;23.05.2026 17:35;api;chat/completions;deepseek/deepseek-v4-flash;DeepSeek;1204;52
e8b2a2a5-2afc-4ca5-853f-63eab3913ccb;23.05.2026 17:35;api;chat/completions;deepseek/deepseek-v4-flash;DeepSeek;802;136
63e55df4-8390-4e5b-a583-ca47c92c72b9;23.05.2026 17:35;api;chat/completions;deepseek/deepseek-v4-flash;DeepSeek;669;209
cea0516b-cb7b-4dd6-83c4-53738a1061f1;23.05.2026 17:35;api;chat/completions;deepseek/deepseek-v4-flash;DeepSeek;784;114
99cbb57f-438f-42b8-9bd2-fd60fe893dd7;23.05.2026 17:35;api;chat/completions;deepseek/deepseek-v4-flash;DeepSeek;1283;202
29b7c938-cec2-44ff-a7f0-71466b98d28c;23.05.2026 17:35;api;chat/completions;deepseek/deepseek-v4-flash;DeepSeek;7026;301
022806c3-740e-4076-b227-151c131356b3;23.05.2026 17:35;api;chat/completions;deepseek/deepseek-v4-flash;DeepSeek;1095;2731
07400910-6777-4b90-851b-1a12ac9a93bd;23.05.2026 17:35;api;chat/completions;deepseek/deepseek-v4-flash;DeepSeek;1265;284
93e92fe2-5429-4edf-b169-3a12267766eb;23.05.2026 17:35;api;chat/completions;deepseek/deepseek-v4-flash;DeepSeek;256;532
0166fce0-fd5e-45b4-8b79-6498eaa36bd8;23.05.2026 17:35;api;chat/completions;deepseek/deepseek-v4-flash;DeepSeek;5445;178
6e52cb92-9b83-4fa2-a982-fd9e4e60e588;23.05.2026 17:35;api;chat/completions;deepseek/deepseek-v4-flash;DeepSeek;1490;879
d3b98445-db6a-4f49-a00e-aa3d328b274f;23.05.2026 17:35;api;chat/completions;deepseek/deepseek-v4-flash;DeepSeek;268;605
a6f5c572-d6eb-4299-82ee-94f83dfe8d05;23.05.2026 17:35;api;chat/completions;deepseek/deepseek-v4-flash;DeepSeek;1178;649
dc316d86-85de-4a61-8f9b-eb29ea1c4578;23.05.2026 17:35;api;chat/completions;deepseek/deepseek-v4-flash;DeepSeek;1205;2334
ecf83ccf-e941-4bc8-994b-f01b48f4b12c;23.05.2026 17:35;api;chat/completions;deepseek/deepseek-v4-flash;DeepSeek;1520;575
3a46ad9d-36fc-4d9b-b3d9-a3076a6844e6;23.05.2026 17:35;api;chat/completions;deepseek/deepseek-v4-flash;DeepSeek;4422;359
30927122-d18d-492c-b00f-eeecf79178dd;23.05.2026 17:35;api;chat/completions;deepseek/deepseek-v4-flash;DeepSeek;267;1098
319ff383-7d9d-41bb-8b75-b3638e50b25c;23.05.2026 17:35;api;chat/completions;deepseek/deepseek-v4-flash;DeepSeek;1146;840
06390933-47f4-43e3-a680-4477c28a009b;23.05.2026 17:35;api;chat/completions;deepseek/deepseek-v4-flash;DeepSeek;249;613
b0043adf-b15a-4381-a583-bacff84c8440;23.05.2026 17:34;api;chat/completions;deepseek/deepseek-v4-flash;DeepSeek;382;766
dec66c9d-b5a1-4a65-b557-3f48e9a5ea69;23.05.2026 17:34;api;chat/completions;deepseek/deepseek-v4-flash;DeepSeek;3008;172
782ed5fc-07f0-4c35-a023-610a5ecb3e40;23.05.2026 17:34;api;chat/completions;deepseek/deepseek-v4-flash;DeepSeek;850;1814
6857ce58-5a64-45dd-9d49-5ff792846308;23.05.2026 17:34;api;chat/completions;deepseek/deepseek-v4-flash;DeepSeek;4044;133
30cb52d9-d5e7-48d2-a5cc-f0b147b4d91d;23.05.2026 17:34;api;chat/completions;deepseek/deepseek-v4-flash;DeepSeek;1335;598
f883a576-1829-4ccc-a820-8bf6443d71ed;23.05.2026 17:34;api;chat/completions;deepseek/deepseek-v4-flash;DeepSeek;1532;167
3fb7a35d-b96a-4df5-9d78-2a9a9bf6c728;23.05.2026 17:34;api;chat/completions;deepseek/deepseek-v4-flash;DeepSeek;3501;456
7e4ea2d1-5b83-4e86-ac14-224255aa46e3;23.05.2026 17:34;api;chat/completions;deepseek/deepseek-v4-flash;DeepSeek;3375;163
8337da76-81ce-47e0-b49a-3c29ddb456d4;23.05.2026 17:34;api;chat/completions;deepseek/deepseek-v4-flash;DeepSeek;1186;638
d742873f-3418-4bb4-940e-0f886950b518;23.05.2026 17:34;api;chat/completions;deepseek/deepseek-v4-flash;DeepSeek;3243;157
3abc27db-ab2b-40ed-8bf3-08f907e3d0a9;23.05.2026 17:34;api;chat/completions;deepseek/deepseek-v4-flash;DeepSeek;2206;2125
ba0c6a5d-17db-4164-9d90-e2b2098bd345;23.05.2026 17:34;api;chat/completions;deepseek/deepseek-v4-flash;DeepSeek;2643;182
ebf1f60f-a3a3-4c0d-8f5d-c039a54174db;23.05.2026 17:34;api;chat/completions;deepseek/deepseek-v4-flash;DeepSeek;2114;279
ad60ffdb-0f6d-412c-a078-207eeef9d5d4;23.05.2026 17:34;api;chat/completions;deepseek/deepseek-v4-flash;DeepSeek;2772;330
bed7295c-2bb7-4136-b706-e9c8726f51f8;23.05.2026 17:34;api;chat/completions;deepseek/deepseek-v4-flash;DeepSeek;1936;550
1e9518fb-fa35-440e-a64e-b77577b1a150;23.05.2026 17:34;api;chat/completions;deepseek/deepseek-v4-flash;DeepSeek;1396;95
a4b4918d-5cab-4684-bf53-5ff33190e5cd;23.05.2026 17:34;api;chat/completions;deepseek/deepseek-v4-flash;DeepSeek;729;162
0a98639c-ac68-4d2f-8b91-5b6264096f76;23.05.2026 17:34;api;chat/completions;deepseek/deepseek-v4-flash;DeepSeek;1454;237
fff10695-f30d-4fd0-931f-b52f6d36e175;23.05.2026 17:34;api;chat/completions;deepseek/deepseek-v4-flash;DeepSeek;1177;95
215eb7e8-0107-4d15-9510-4160c48cce47;23.05.2026 17:34;api;chat/completions;deepseek/deepseek-v4-flash;DeepSeek;777;107
35f4f80e-1437-4f14-8565-0cab1f624283;23.05.2026 17:34;api;chat/completions;deepseek/deepseek-v4-flash;DeepSeek;591;174
201aafea-83ac-45e5-ad15-29dc095aa5fc;23.05.2026 17:34;api;chat/completions;deepseek/deepseek-v4-flash;DeepSeek;794;150
8f6fac5c-b45a-4986-bf09-e97af2110311;23.05.2026 17:34;api;chat/completions;deepseek/deepseek-v4-flash;DeepSeek;1263;184
21074b73-fdfe-4ed8-80cf-69b1d2143fc0;23.05.2026 17:34;api;chat/completions;deepseek/deepseek-v4-flash;DeepSeek;1386;194
dbb1a358-6c8a-42df-b70d-e9e96e66a4b4;23.05.2026 17:34;api;chat/completions;deepseek/deepseek-v4-flash;DeepSeek;1260;270
924a0b63-5866-4935-b96e-87fc836ed528;23.05.2026 17:34;api;chat/completions;deepseek/deepseek-v4-flash;DeepSeek;241;325
bde08590-e6f0-4267-b560-9d0142943064;23.05.2026 17:34;api;chat/completions;deepseek/deepseek-v4-flash;DeepSeek;1378;508
c941fbcc-8762-425b-b568-c51b69e4083e;23.05.2026 17:34;api;chat/completions;deepseek/deepseek-v4-flash;DeepSeek;1389;320
59cbafdc-e954-4fdd-bb5c-f16f86f3e717;23.05.2026 17:34;api;chat/completions;deepseek/deepseek-v4-flash;DeepSeek;248;666
cd172a60-6d1c-41f3-9bd7-a4eaff920895;23.05.2026 17:33;api;chat/completions;deepseek/deepseek-v4-flash;DeepSeek;1015;1491
bbc472f5-5e23-4fac-b821-86f45d153f35;23.05.2026 17:33;api;chat/completions;deepseek/deepseek-v4-flash;DeepSeek;249;795
041d80fb-9912-45bd-883b-694ec08cca81;23.05.2026 17:33;api;chat/completions;deepseek/deepseek-v4-flash;DeepSeek;246;394
aa1f1ba8-36e1-498f-86de-e4e52d0944dc;23.05.2026 17:33;api;chat/completions;deepseek/deepseek-v4-flash;DeepSeek;1969;3668
ed38239f-a6f3-422b-980e-1bc975ef4539;23.05.2026 17:33;api;chat/completions;deepseek/deepseek-v4-flash;DeepSeek;868;1074
62aeebf0-e019-4bb9-99ec-b9566b327379;23.05.2026 17:33;api;chat/completions;deepseek/deepseek-v4-flash;DeepSeek;380;796
7da11a4d-492a-4b3b-807b-bd627570f9fa;23.05.2026 17:33;api;chat/completions;deepseek/deepseek-v4-flash;DeepSeek;1030;1884
9541f9a2-c6e8-48fc-8e5d-3dc4c7931d1c;23.05.2026 17:33;api;chat/completions;deepseek/deepseek-v4-flash;DeepSeek;6523;281
cbe857f4-0cc2-4f73-af5d-933be79d742f;23.05.2026 17:33;api;chat/completions;deepseek/deepseek-v4-flash;DeepSeek;723;165
02a4387f-865d-4d88-877a-d704bfaf4e0a;23.05.2026 17:33;api;chat/completions;deepseek/deepseek-v4-flash;DeepSeek;2251;552
8c3368e6-cf58-4b67-bd5e-fd016c45df39;23.05.2026 17:33;api;chat/completions;deepseek/deepseek-v4-flash;DeepSeek;575;185
3daa2be4-2034-4736-89d9-13214dfc7ee8;23.05.2026 17:33;api;chat/completions;deepseek/deepseek-v4-flash;DeepSeek;1377;1058
323b782b-2a4e-4d44-9964-f4b4f79ffb05;23.05.2026 17:33;api;chat/completions;deepseek/deepseek-v4-flash;DeepSeek;2041;3241
b844c60d-0bd1-4283-a84b-d15b1085161e;23.05.2026 17:33;api;chat/completions;deepseek/deepseek-v4-flash;DeepSeek;3914;390
31cba3b7-756e-45fe-ab7b-effab4743a68;23.05.2026 17:33;api;chat/completions;deepseek/deepseek-v4-flash;DeepSeek;1591;209
1296260f-9a3d-499f-b83a-4db6ffe67285;23.05.2026 17:33;api;chat/completions;deepseek/deepseek-v4-flash;DeepSeek;1166;618
34aaf38b-3a27-4ed4-a69c-1a1e45232fa1;23.05.2026 17:33;api;chat/completions;deepseek/deepseek-v4-flash;DeepSeek;1529;764
d5bf8eb6-025f-46c9-96e7-6f00724dda30;23.05.2026 17:33;api;chat/completions;deepseek/deepseek-v4-flash;DeepSeek;1496;225
c52bd483-9059-4720-9d68-11ffa8d623a5;23.05.2026 17:33;api;chat/completions;deepseek/deepseek-v4-flash;DeepSeek;5191;440
cc8da8f7-4798-4ddf-8971-364f37824983;23.05.2026 17:32;api;chat/completions;deepseek/deepseek-v4-flash;DeepSeek;1322;294
2c61890d-ae5a-4fb8-8940-5ed892fee58f;23.05.2026 17:32;api;chat/completions;deepseek/deepseek-v4-flash;DeepSeek;1342;738
cd0420c7-6874-4ecb-8f47-4bcf73da46b8;23.05.2026 17:32;api;chat/completions;deepseek/deepseek-v4-flash;DeepSeek;1218;289
6e4413be-e5b0-44be-9256-f71f49ff4f1c;23.05.2026 17:32;api;chat/completions;deepseek/deepseek-v4-flash;DeepSeek;4337;106
f4e94432-7822-4d05-9860-2f749c95c3f1;23.05.2026 17:32;api;chat/completions;deepseek/deepseek-v4-flash;DeepSeek;451;268
ea0dcbf5-c3ea-4309-b219-b47473042005;23.05.2026 17:32;api;chat/completions;deepseek/deepseek-v4-flash;DeepSeek;1898;2740
bfacda46-add2-4d48-8136-c2e3445c2928;23.05.2026 17:32;api;chat/completions;deepseek/deepseek-v4-flash;DeepSeek;596;638
04ff9d9a-cc9c-4409-a7e2-b1d425f3354d;23.05.2026 17:32;api;chat/completions;deepseek/deepseek-v4-flash;DeepSeek;1188;867
190c3150-5e78-4545-94aa-6857721dfeee;23.05.2026 17:32;api;chat/completions;deepseek/deepseek-v4-flash;DeepSeek;1154;777
5fb51f6f-fcba-4f19-8d09-f89f6e2d0e7a;23.05.2026 17:32;api;chat/completions;deepseek/deepseek-v4-flash;DeepSeek;4286;202
4a33c645-7cf9-44c9-813b-cb452c232b16;23.05.2026 17:32;api;chat/completions;deepseek/deepseek-v4-flash;DeepSeek;1060;585
b249d97a-80b5-41fe-840b-df6bc5a401cf;23.05.2026 17:32;api;chat/completions;deepseek/deepseek-v4-flash;DeepSeek;2906;376
6812b031-ea65-420d-9a2d-135f788bb6ca;23.05.2026 17:32;api;chat/completions;deepseek/deepseek-v4-flash;DeepSeek;1022;695
b345dfa8-112c-4220-afff-488edff2be32;23.05.2026 17:32;api;chat/completions;deepseek/deepseek-v4-flash;DeepSeek;2213;80
eb87d090-7ad2-4196-aec1-b97aa6635921;23.05.2026 17:32;api;chat/completions;deepseek/deepseek-v4-flash;DeepSeek;1025;2222
59301b91-8742-4439-b5e4-b13e12126a32;23.05.2026 17:32;api;chat/completions;deepseek/deepseek-v4-flash;DeepSeek;5336;236
7e265459-0a96-46e7-a6a0-1cc4a5a5189c;23.05.2026 17:32;api;chat/completions;deepseek/deepseek-v4-flash;DeepSeek;188;239
fc77ba37-c231-4515-8508-ce131433298e;23.05.2026 17:31;api;chat/completions;deepseek/deepseek-v4-flash;DeepSeek;5897;550
4baa53c8-d333-4144-8535-7c54a56d4b0b;23.05.2026 17:31;api;chat/completions;deepseek/deepseek-v4-flash;DeepSeek;1471;778
9b68f6d1-6b81-4dd1-857a-2fe1d951ab8f;23.05.2026 17:31;api;chat/completions;deepseek/deepseek-v4-flash;DeepSeek;926;262
3fafcf44-9386-456f-b528-32423f7f029a;23.05.2026 17:31;api;chat/completions;deepseek/deepseek-v4-flash;DeepSeek;816;348
9214d4d6-a5c9-4655-b051-cd64eeea87df;23.05.2026 17:31;api;chat/completions;deepseek/deepseek-v4-flash;DeepSeek;2046;105
feb8fbce-fb06-41f0-8d79-f989f2969336;23.05.2026 17:31;api;chat/completions;deepseek/deepseek-v4-flash;DeepSeek;3194;171
a8ccf27d-58aa-4fb7-b054-8439865a20e2;23.05.2026 17:31;api;chat/completions;deepseek/deepseek-v4-flash;DeepSeek;931;603
09237600-8494-403a-a53f-ec45ff5e0caa;23.05.2026 17:31;api;chat/completions;deepseek/deepseek-v4-flash;DeepSeek;1243;94
bc7b0708-203a-4316-9267-c2fb43539558;23.05.2026 17:31;api;chat/completions;deepseek/deepseek-v4-flash;DeepSeek;4258;698
ff40ae7d-517c-4659-bea6-c66ed8b034ce;23.05.2026 17:31;api;chat/completions;deepseek/deepseek-v4-flash;DeepSeek;1585;177
d8bbc8ca-0be4-4dec-8f03-20d0f0d72b5e;23.05.2026 17:31;api;chat/completions;deepseek/deepseek-v4-flash;DeepSeek;649;1702
f72f7269-b682-4267-8fae-1e2b69b6b3e9;23.05.2026 17:31;api;chat/completions;deepseek/deepseek-v4-flash;DeepSeek;812;159
ad68cf78-29c9-4dad-9175-64bb74af05f3;23.05.2026 17:31;api;chat/completions;deepseek/deepseek-v4-flash;DeepSeek;771;229
3c2063dc-90f4-4cbd-9880-d5a02bc898e7;23.05.2026 17:31;api;chat/completions;deepseek/deepseek-v4-flash;DeepSeek;1396;417
186ec517-fd67-4cb6-a194-4f0f1ea50624;23.05.2026 17:31;api;chat/completions;deepseek/deepseek-v4-flash;DeepSeek;620;208
54298dea-0706-4acb-a271-412174ccda26;23.05.2026 17:31;api;chat/completions;deepseek/deepseek-v4-flash;DeepSeek;759;103
6a7982ef-7260-4c13-bbde-ccff8fd1d519;23.05.2026 17:31;api;chat/completions;deepseek/deepseek-v4-flash;DeepSeek;1394;346
353e151a-f4dd-4bd0-b364-2e992ead4691;23.05.2026 17:31;api;chat/completions;deepseek/deepseek-v4-flash;DeepSeek;1374;215
b35ea055-fb71-45a1-be92-9a586a5853f0;23.05.2026 17:31;api;chat/completions;deepseek/deepseek-v4-flash;DeepSeek;2700;204
089434ec-b91d-438d-95e5-8bb59575d45e;23.05.2026 17:31;api;chat/completions;deepseek/deepseek-v4-flash;DeepSeek;4529;853
40deb062-904b-4721-bba9-f7f05bd8bc16;23.05.2026 17:31;api;chat/completions;deepseek/deepseek-v4-flash;DeepSeek;1394;167
62a36c7b-3573-4496-8809-79c6c3038539;23.05.2026 17:31;api;chat/completions;deepseek/deepseek-v4-flash;DeepSeek;1373;203
29e1a10d-aac2-44a5-920b-74115a581bc9;23.05.2026 17:31;api;chat/completions;deepseek/deepseek-v4-flash;DeepSeek;4310;277
a8126d13-60b4-4335-8263-fd271829504b;23.05.2026 17:31;api;chat/completions;deepseek/deepseek-v4-flash;DeepSeek;3442;602
90e0c58b-4d0f-4b4e-b717-9bbdc983196f;23.05.2026 17:31;api;chat/completions;deepseek/deepseek-v4-flash;DeepSeek;2108;129
014e30a8-4c89-4fb9-a3d5-8c0cbd53f23c;23.05.2026 17:30;api;chat/completions;deepseek/deepseek-v4-flash;DeepSeek;3173;393
5463012f-c2a0-46e8-b248-b93e4765e2c7;23.05.2026 17:30;api;chat/completions;deepseek/deepseek-v4-flash;DeepSeek;2350;423
cd69634f-0042-4379-8971-7768bf7f46c5;23.05.2026 17:30;api;chat/completions;deepseek/deepseek-v4-flash;DeepSeek;1361;124
eb9a74c1-1c3a-4cde-af91-f39fbfe3bdec;23.05.2026 17:30;api;chat/completions;deepseek/deepseek-v4-flash;DeepSeek;1998;279
96dcd64a-25cb-4684-ab20-fbb75db2a081;23.05.2026 17:30;api;chat/completions;deepseek/deepseek-v4-flash;DeepSeek;1516;251
10077bb5-c6eb-442a-ada7-7987a4efc4bd;23.05.2026 17:30;api;chat/completions;deepseek/deepseek-v4-flash;DeepSeek;2683;183
af127036-2c27-4d83-b92d-66af44a9b09c;23.05.2026 17:30;api;chat/completions;deepseek/deepseek-v4-flash;DeepSeek;1442;205
ff58ef85-8a09-4905-a02c-275ceeef1824;23.05.2026 17:30;api;chat/completions;deepseek/deepseek-v4-flash;DeepSeek;1165;90
bddff0be-1ee9-463f-a64b-81d32ed65268;23.05.2026 17:30;api;chat/completions;deepseek/deepseek-v4-flash;DeepSeek;761;109
6f082deb-2c76-4810-bff1-1d07e575bf02;23.05.2026 17:30;api;chat/completions;deepseek/deepseek-v4-flash;DeepSeek;2330;393
c62d78e0-2fbf-40dc-8f4d-7445f15abca1;23.05.2026 17:30;api;chat/completions;deepseek/deepseek-v4-flash;DeepSeek;1380;188
ebc6e96a-93bf-477c-8f21-69ac8c7a3fc7;23.05.2026 17:30;api;chat/completions;deepseek/deepseek-v4-flash;DeepSeek;2008;1335
c5d318a8-47ff-4281-8dc8-b279adcc9611;23.05.2026 17:30;api;chat/completions;deepseek/deepseek-v4-flash;DeepSeek;1443;94
db593608-f70d-47cd-875d-c32a2d78f666;23.05.2026 17:30;api;chat/completions;deepseek/deepseek-v4-flash;DeepSeek;5179;146
704bb9ee-13e1-4f71-a26d-a1472ed6bb86;23.05.2026 17:30;api;chat/completions;deepseek/deepseek-v4-flash;DeepSeek;1615;792
ce76bab7-ed80-4fda-a10a-18b5bc9c5ac7;23.05.2026 17:30;api;chat/completions;deepseek/deepseek-v4-flash;DeepSeek;4854;293
fb6c852c-832f-43b5-a7bb-f8d2e2fd50cc;23.05.2026 17:30;api;chat/completions;deepseek/deepseek-v4-flash;DeepSeek;920;84
e784b4e5-3888-45e2-b71e-0548cb1b0953;23.05.2026 17:30;api;chat/completions;deepseek/deepseek-v4-flash;DeepSeek;1459;342
df1dbb2a-cc7e-4a4e-9f01-528e324838c5;23.05.2026 17:30;api;chat/completions;deepseek/deepseek-v4-flash;DeepSeek;3274;1979
b6868e40-d598-4e71-951d-e8c5c1df8667;23.05.2026 17:30;api;chat/completions;deepseek/deepseek-v4-flash;DeepSeek;1781;771
c3241077-c891-4b36-aecf-59c87755fe9b;23.05.2026 17:30;api;chat/completions;deepseek/deepseek-v4-flash;DeepSeek;3930;357
ae6b776b-445e-48aa-b550-e7f829e140ac;23.05.2026 17:29;api;chat/completions;deepseek/deepseek-v4-flash;DeepSeek;2648;162
314bea24-bc5a-4c90-ba68-03a0a9b8f165;23.05.2026 17:29;api;chat/completions;deepseek/deepseek-v4-flash;DeepSeek;4356;393
ea25b47b-80d7-44e6-9176-3cf3a60fb571;23.05.2026 17:29;api;chat/completions;deepseek/deepseek-v4-flash;DeepSeek;770;98
9f893ec5-384f-4eba-b27c-f285596c2e27;23.05.2026 17:29;api;chat/completions;deepseek/deepseek-v4-flash;DeepSeek;5570;179
84a8aecc-ee18-4639-8e62-e7a8d0ebc071;23.05.2026 17:29;api;chat/completions;deepseek/deepseek-v4-flash;DeepSeek;2657;646
e4ae79c3-16a9-4b19-888c-b196f77c414c;23.05.2026 17:29;api;chat/completions;deepseek/deepseek-v4-flash;DeepSeek;3910;474
7806227e-13e8-494b-b3b1-94e1ac3f0281;23.05.2026 17:29;api;chat/completions;deepseek/deepseek-v4-flash;DeepSeek;1266;462
4f135871-bd6f-43ea-9621-7d4a63f794d0;23.05.2026 17:29;api;chat/completions;deepseek/deepseek-v4-flash;DeepSeek;1312;170
66fed280-8250-4701-a514-a4c7f878591b;23.05.2026 17:29;api;chat/completions;deepseek/deepseek-v4-flash;DeepSeek;2519;312
48cb1cf5-0bed-45c9-a402-bd8cf77eec07;23.05.2026 17:29;api;chat/completions;deepseek/deepseek-v4-flash;DeepSeek;4868;393
9b9e4f8a-9cf6-4657-8f1c-b6463c3c7a76;23.05.2026 17:29;api;chat/completions;deepseek/deepseek-v4-flash;DeepSeek;760;112
e499a5e6-005d-47d3-ab50-62cd93f881cf;23.05.2026 17:29;api;chat/completions;deepseek/deepseek-v4-flash;DeepSeek;1125;657
541f1210-0d80-44e0-b51b-0b698416b72a;23.05.2026 17:29;api;chat/completions;deepseek/deepseek-v4-flash;DeepSeek;4354;132
a11c9b99-17f5-41f5-ae43-7d33d268ec52;23.05.2026 17:29;api;chat/completions;deepseek/deepseek-v4-flash;DeepSeek;805;850
aa1b07f5-8365-4cd3-9f49-a4adf7cb36c9;23.05.2026 17:29;api;chat/completions;deepseek/deepseek-v4-flash;DeepSeek;4235;133
8f62a571-c6e4-4662-9232-1b92064658d2;23.05.2026 17:29;api;chat/completions;deepseek/deepseek-v4-flash;DeepSeek;3404;125
10d06a92-d0e2-4b51-8a8e-6ba2f2f6af53;23.05.2026 17:29;api;chat/completions;deepseek/deepseek-v4-flash;DeepSeek;4137;298
5de66ece-0318-4023-924f-319617156919;23.05.2026 17:29;api;chat/completions;deepseek/deepseek-v4-flash;DeepSeek;985;911
46292248-6508-442e-a6c5-abcac83a5522;23.05.2026 17:29;api;chat/completions;deepseek/deepseek-v4-flash;DeepSeek;2880;118
e686b333-5d8d-485d-b0b0-cd6251c07d26;23.05.2026 17:29;api;chat/completions;deepseek/deepseek-v4-flash;DeepSeek;3443;106
608b041f-c002-490e-b864-22d4cb69365e;23.05.2026 17:29;api;chat/completions;deepseek/deepseek-v4-flash;DeepSeek;2331;363
143af38f-5a30-41d2-95b5-756cf909aeef;23.05.2026 17:29;api;chat/completions;deepseek/deepseek-v4-flash;DeepSeek;4149;473
fe27f59a-f2fe-44a8-812e-44cc43f976de;23.05.2026 17:29;api;chat/completions;deepseek/deepseek-v4-flash;DeepSeek;4411;308
72a78366-750e-4623-9a32-54c95c0c9c0a;23.05.2026 17:29;api;chat/completions;deepseek/deepseek-v4-flash;DeepSeek;2192;416
c403b317-082b-4c5a-93d3-bafd685004d1;23.05.2026 17:29;api;chat/completions;deepseek/deepseek-v4-flash;DeepSeek;668;735
9f56b0ee-48bb-40d7-ad76-6a3a5bceef4a;23.05.2026 17:29;api;chat/completions;deepseek/deepseek-v4-flash;DeepSeek;3747;337
c04ef264-c3aa-4cba-850b-73238ba6d142;23.05.2026 17:29;api;chat/completions;deepseek/deepseek-v4-flash;DeepSeek;2524;146
c2e0244a-ae88-4e93-9987-a07c3e0b773b;23.05.2026 17:29;api;chat/completions;deepseek/deepseek-v4-flash;DeepSeek;3146;218
7063b772-137b-4e70-be4e-2fdf2daf0738;23.05.2026 17:29;api;chat/completions;deepseek/deepseek-v4-flash;DeepSeek;4878;440
c4066f57-861e-4c38-aac5-ed818f6aecbf;23.05.2026 17:29;api;chat/completions;deepseek/deepseek-v4-flash;DeepSeek;1662;103
f5b01698-0f51-4985-b848-5aad7febfb18;23.05.2026 17:29;api;chat/completions;deepseek/deepseek-v4-flash;DeepSeek;3419;229
8e8cc69e-f8b1-4e32-98b7-90ca59659e45;23.05.2026 17:28;api;chat/completions;deepseek/deepseek-v4-flash;DeepSeek;1176;632
17a4d0dd-6685-42c5-98c8-2360bf4cc720;23.05.2026 17:28;api;chat/completions;deepseek/deepseek-v4-flash;DeepSeek;4499;332
dc327f01-c9cd-436a-b9ad-45704c911377;23.05.2026 17:28;api;chat/completions;deepseek/deepseek-v4-flash;DeepSeek;2220;280
e1f13003-992b-43b0-8dfd-a5a51aa0fb3d;23.05.2026 17:28;api;chat/completions;deepseek/deepseek-v4-flash;DeepSeek;2686;521
72e2a0e6-01d9-4b0c-a7b9-2cbac70e108f;23.05.2026 17:28;api;chat/completions;deepseek/deepseek-v4-flash;DeepSeek;899;84
accefe54-fddb-4909-8317-c4220f4463a3;23.05.2026 17:28;api;chat/completions;deepseek/deepseek-v4-flash;DeepSeek;4005;214
2132a11a-da97-426f-9357-d1b680037d8d;23.05.2026 17:28;api;chat/completions;deepseek/deepseek-v4-flash;DeepSeek;1328;100
5a72750b-3db1-4412-afdf-3898828926f3;23.05.2026 17:28;api;chat/completions;deepseek/deepseek-v4-flash;DeepSeek;795;235
03c429cf-6fe0-4634-b1e9-ad243f0ff036;23.05.2026 17:28;api;chat/completions;deepseek/deepseek-v4-flash;DeepSeek;1413;298
db5e9aee-269b-475e-bf65-b5b16d12a627;23.05.2026 17:28;api;chat/completions;deepseek/deepseek-v4-flash;DeepSeek;3439;263
959aca5e-1ede-43b8-9d85-db0b64212d67;23.05.2026 17:28;api;chat/completions;deepseek/deepseek-v4-flash;DeepSeek;1064;1496
dd724c9e-91ee-42fa-834c-a1c2fec3f047;23.05.2026 17:28;api;chat/completions;deepseek/deepseek-v4-flash;DeepSeek;651;281
069375d2-990d-458a-8681-3915780e180a;23.05.2026 17:28;api;chat/completions;deepseek/deepseek-v4-flash;DeepSeek;1136;224
1fbd5b17-00a5-4b57-a91a-37bebeb07b4a;23.05.2026 17:28;api;chat/completions;deepseek/deepseek-v4-flash;DeepSeek;781;112
76d6d709-4073-42a2-b37c-2cb80e22f51d;23.05.2026 17:28;api;chat/completions;deepseek/deepseek-v4-flash;DeepSeek;2386;242
cc8d7777-01c7-44e7-9ee4-5ed7efbc0752;23.05.2026 17:28;api;chat/completions;deepseek/deepseek-v4-flash;DeepSeek;1451;1806
7da39953-549f-40fc-be16-d737850d179a;23.05.2026 17:28;api;chat/completions;deepseek/deepseek-v4-flash;DeepSeek;1471;202
8a4016c7-0525-44d8-9912-ef6109e9e1d0;23.05.2026 17:28;api;chat/completions;deepseek/deepseek-v4-flash;DeepSeek;1270;210
07b31519-8700-4851-a29c-69f493fc63e5;23.05.2026 17:28;api;chat/completions;deepseek/deepseek-v4-flash;DeepSeek;1536;278
089c8465-4b71-4d2c-8431-d109b4d8fc30;23.05.2026 17:28;api;chat/completions;deepseek/deepseek-v4-flash;DeepSeek;1266;230
aabc1785-e03e-40b4-91cd-7fae33964e85;23.05.2026 17:28;api;chat/completions;deepseek/deepseek-v4-flash;DeepSeek;1418;284
8765a623-ecd5-47e2-95e6-764e2b4058a2;23.05.2026 17:28;api;chat/completions;deepseek/deepseek-v4-flash;DeepSeek;254;379
f6d82e7c-e052-4e63-b0dc-b922b9100f28;23.05.2026 17:28;api;chat/completions;deepseek/deepseek-v4-flash;DeepSeek;790;557
fdf95ee3-d7e2-4d1b-8d2c-8b9855892473;23.05.2026 17:28;api;chat/completions;deepseek/deepseek-v4-flash;DeepSeek;1141;93
03049124-ffa0-4b92-b32e-72b6c90c5362;23.05.2026 17:28;api;chat/completions;deepseek/deepseek-v4-flash;DeepSeek;771;101
7245cabf-8a4e-4ee3-b24d-96960f342387;23.05.2026 17:28;api;chat/completions;deepseek/deepseek-v4-flash;DeepSeek;766;113
edaddbbc-8ec3-40b9-a136-b6dbc9ef8cf2;23.05.2026 17:28;api;chat/completions;deepseek/deepseek-v4-flash;DeepSeek;649;190
22828669-1fbb-4b4b-9a56-32ce35e846c2;23.05.2026 17:28;api;chat/completions;deepseek/deepseek-v4-flash;DeepSeek;1268;189
aa0a0f46-11e3-461d-907f-546cea8f138b;23.05.2026 17:28;api;chat/completions;deepseek/deepseek-v4-flash;DeepSeek;246;372
0be97517-ec1d-4fd9-8efa-bf03d24a1d7d;23.05.2026 17:28;api;chat/completions;deepseek/deepseek-v4-flash;DeepSeek;1276;187
f704f4e9-8eb6-4014-adb2-abd22d4ba0db;23.05.2026 17:28;api;chat/completions;deepseek/deepseek-v4-flash;DeepSeek;1265;213
ef8d12ac-385c-4bfe-ac2d-16515916a3fd;23.05.2026 17:28;api;chat/completions;deepseek/deepseek-v4-flash;DeepSeek;257;431
00f86344-2840-44f2-918d-f4f58daa94e0;23.05.2026 17:28;api;chat/completions;deepseek/deepseek-v4-flash;DeepSeek;1264;268
24ad6768-10b3-41f7-9d03-29b6b4bda082;23.05.2026 17:28;api;chat/completions;deepseek/deepseek-v4-flash;DeepSeek;256;465
1f253d1e-b076-4f37-a378-b60b2577ed53;23.05.2026 17:28;api;chat/completions;deepseek/deepseek-v4-flash;DeepSeek;1264;329
288254ed-b31e-4f1a-afc1-e84e7edfc360;23.05.2026 17:28;api;chat/completions;deepseek/deepseek-v4-flash;DeepSeek;254;341
d85a74af-aba5-446c-abb8-a814320c471d;23.05.2026 17:28;api;chat/completions;deepseek/deepseek-v4-flash;DeepSeek;248;690
da2683a1-830f-49d2-b89b-8cbe0f78463e;23.05.2026 17:28;api;chat/completions;deepseek/deepseek-v4-flash;DeepSeek;254;540
db5883b3-c64d-4770-b6e2-8d02448ca770;23.05.2026 17:28;api;chat/completions;deepseek/deepseek-v4-flash;DeepSeek;246;357
d9e72224-fefe-47e5-8f2f-eee841f8bd71;23.05.2026 17:28;api;chat/completions;deepseek/deepseek-v4-flash;DeepSeek;242;380
730222af-1b27-4f7e-a4e3-a792e3b4895e;23.05.2026 17:28;api;chat/completions;deepseek/deepseek-v4-flash;DeepSeek;250;1918
12cca757-828c-4815-aa9c-17ef5d72946f;23.05.2026 17:28;api;chat/completions;deepseek/deepseek-v4-flash;DeepSeek;243;361
3f80e9c2-62f5-48f3-a605-1d3bdd9046a2;23.05.2026 17:28;api;chat/completions;deepseek/deepseek-v4-flash;DeepSeek;246;360
58d89a95-6851-4726-9cfa-2b5c2b9d8b6f;23.05.2026 17:28;api;chat/completions;deepseek/deepseek-v4-flash;DeepSeek;251;657
1b3b4880-5428-4dc5-81f0-9ca4f3bd05f9;23.05.2026 17:27;api;chat/completions;deepseek/deepseek-v4-flash;DeepSeek;239;342
d2e194b2-6cf0-4a56-9a5b-7af3a1f3b4dc;23.05.2026 17:27;api;chat/completions;deepseek/deepseek-v4-flash;DeepSeek;380;789
3662f34a-6733-47e1-a37f-b767c527cc03;23.05.2026 17:27;api;chat/completions;deepseek/deepseek-v4-flash;DeepSeek;384;1111
dd9f264d-3af2-4c8f-8d31-da39c15b6de9;23.05.2026 17:27;api;chat/completions;deepseek/deepseek-v4-flash;DeepSeek;239;410
47757397-553d-45a4-bed5-b10e881177d7;23.05.2026 17:27;api;chat/completions;deepseek/deepseek-v4-flash;DeepSeek;3418;510
552d8897-3d31-4132-97ef-db80d46cf80b;23.05.2026 17:27;api;chat/completions;deepseek/deepseek-v4-flash;DeepSeek;386;1293
f86f070a-b4e1-4116-9059-4346bb406941;23.05.2026 17:27;api;chat/completions;deepseek/deepseek-v4-flash;DeepSeek;2179;2062
cb0c9060-5fb6-4b4f-baf4-f1d112337e8b;23.05.2026 17:27;api;chat/completions;deepseek/deepseek-v4-flash;DeepSeek;2784;2972
56e46faa-ad19-45b7-a50e-fe255e9d5533;23.05.2026 17:27;api;chat/completions;deepseek/deepseek-v4-flash;DeepSeek;2667;2421
027a3711-777d-472e-93a1-2f5c5e448dc0;23.05.2026 17:27;api;chat/completions;deepseek/deepseek-v4-flash;DeepSeek;4029;384
7d336861-ee21-4981-a889-a5decaa5ba44;23.05.2026 17:26;api;chat/completions;deepseek/deepseek-v4-flash;DeepSeek;2589;2502
8f3c32aa-02a7-41e6-82ab-628a292118f5;23.05.2026 17:26;api;chat/completions;deepseek/deepseek-v4-flash;DeepSeek;1960;3294
94aa4daa-8eeb-4d54-a37c-cf0152c5bb03;23.05.2026 17:26;api;chat/completions;deepseek/deepseek-v4-flash;DeepSeek;2568;2697
7d502cf0-d6f4-43f8-a119-79f697702871;23.05.2026 17:26;api;chat/completions;deepseek/deepseek-v4-flash;DeepSeek;3587;866
9fbf2afd-6aed-491e-9eec-f180af820dda;23.05.2026 17:26;api;chat/completions;deepseek/deepseek-v4-flash;DeepSeek;2822;1137
90b1d09d-8edf-422c-9e42-7acfe7d237a6;23.05.2026 17:26;api;chat/completions;deepseek/deepseek-v4-flash;DeepSeek;1055;1935
1376d808-1527-4633-963f-cdad19363600;23.05.2026 17:26;api;chat/completions;deepseek/deepseek-v4-flash;DeepSeek;6108;316
0b138f12-4535-4e24-8038-98c2a398ea1a;23.05.2026 17:26;api;chat/completions;deepseek/deepseek-v4-flash;DeepSeek;1199;3033
71f4e5f0-a982-4668-9503-cd593bdac2c6;23.05.2026 17:26;api;chat/completions;deepseek/deepseek-v4-flash;DeepSeek;1205;702
b1d05a46-f99a-4dd8-9b17-b587768997b5;23.05.2026 17:26;api;chat/completions;deepseek/deepseek-v4-flash;DeepSeek;1176;2679
deb3bc73-79ca-415a-9bc5-5382b80d256c;23.05.2026 17:26;api;chat/completions;deepseek/deepseek-v4-flash;DeepSeek;5654;399
45ce7459-f3de-4d86-a591-de0a5d6714f9;23.05.2026 17:26;api;chat/completions;deepseek/deepseek-v4-flash;DeepSeek;2654;328
1a9497e0-5441-4626-998c-ebcc135dea75;23.05.2026 17:26;api;chat/completions;deepseek/deepseek-v4-flash;DeepSeek;2998;896
636ca35d-ec9f-4601-b531-37cecb658970;23.05.2026 17:26;api;chat/completions;deepseek/deepseek-v4-flash;DeepSeek;1482;886
e9d97292-daa4-4858-bd8a-bd3e498aefde;23.05.2026 17:26;api;chat/completions;deepseek/deepseek-v4-flash;DeepSeek;1359;1001
542590c3-2c9a-4ae8-bbad-f56ca1ac8388;23.05.2026 17:25;api;chat/completions;deepseek/deepseek-v4-flash;DeepSeek;4016;221
4dfec8cf-7c00-4b5b-8646-750247c8e73e;23.05.2026 17:25;api;chat/completions;deepseek/deepseek-v4-flash;DeepSeek;2723;1288
a3e15a8a-4976-47c1-bfcf-7b8c71dc741a;23.05.2026 17:25;api;chat/completions;deepseek/deepseek-v4-flash;DeepSeek;2828;1586
7a158c3c-f17a-4be1-a6eb-762e6e80034c;23.05.2026 17:25;api;chat/completions;deepseek/deepseek-v4-flash;DeepSeek;4154;433
2fc91069-c4e9-44cf-ac28-11d54004feca;23.05.2026 17:25;api;chat/completions;deepseek/deepseek-v4-flash;DeepSeek;3092;377
79079842-a8ff-49ab-b0c5-05b1ca0e2a69;23.05.2026 17:25;api;chat/completions;deepseek/deepseek-v4-flash;DeepSeek;1891;980
2a653dac-3807-4a95-8090-97e1dd153084;23.05.2026 17:25;api;chat/completions;deepseek/deepseek-v4-flash;DeepSeek;1893;2651
131dd16a-2f46-4591-b3a1-8006b5de74e3;23.05.2026 17:25;api;chat/completions;deepseek/deepseek-v4-flash;DeepSeek;2719;514
d8da35d6-cadf-40b6-9f31-0f2680cc51d9;23.05.2026 17:25;api;chat/completions;deepseek/deepseek-v4-flash;DeepSeek;2821;358
7970fd00-b33a-4794-a281-1c385f8245c8;23.05.2026 17:25;api;chat/completions;deepseek/deepseek-v4-flash;DeepSeek;3272;587
5beaac0c-d968-462e-a5fa-cfcc8dd9b9dd;23.05.2026 17:25;api;chat/completions;deepseek/deepseek-v4-flash;DeepSeek;1998;220
d20f0a7f-2d91-4ddb-a8ea-c2cb53f65ac0;23.05.2026 17:25;api;chat/completions;deepseek/deepseek-v4-flash;DeepSeek;1617;105
e4082726-7a05-4889-a2fc-cdd7a8d3c4ab;23.05.2026 17:25;api;chat/completions;deepseek/deepseek-v4-flash;DeepSeek;1516;240
32104b30-d105-44fe-8e4b-9c57a17e912a;23.05.2026 17:25;api;chat/completions;deepseek/deepseek-v4-flash;DeepSeek;780;126
1fcf8e61-590a-404a-bbdb-269a94da622e;23.05.2026 17:25;api;chat/completions;deepseek/deepseek-v4-flash;DeepSeek;1188;165
a0222372-eadb-4fa9-807b-319828080f0e;23.05.2026 17:25;api;chat/completions;deepseek/deepseek-v4-flash;DeepSeek;2637;397
2cfef985-ad99-445d-9a08-ad9d94d1c1ee;23.05.2026 17:25;api;chat/completions;deepseek/deepseek-v4-flash;DeepSeek;1394;252
722f92c4-978d-4b26-a4c6-3ee84c3fd2c2;23.05.2026 17:25;api;chat/completions;deepseek/deepseek-v4-flash;DeepSeek;2568;1019
a165e6e8-1812-4a4b-a7b4-6d56f39d467f;23.05.2026 17:25;api;chat/completions;deepseek/deepseek-v4-flash;DeepSeek;1684;433
847b267a-1366-468c-b761-edcbbadfe9a0;23.05.2026 17:25;api;chat/completions;deepseek/deepseek-v4-flash;DeepSeek;3807;765
06c42066-6878-4f30-8183-9ee003b4c125;23.05.2026 17:25;api;chat/completions;deepseek/deepseek-v4-flash;DeepSeek;3553;186
c17a383b-a11d-428e-a890-5f6f4390701d;23.05.2026 17:25;api;chat/completions;deepseek/deepseek-v4-flash;DeepSeek;3429;165
23419922-594b-49ac-9d23-5fda07120da4;23.05.2026 17:25;api;chat/completions;deepseek/deepseek-v4-flash;DeepSeek;3140;653
4ad08c59-8610-4434-802d-a73fa848c6a1;23.05.2026 17:25;api;chat/completions;deepseek/deepseek-v4-flash;DeepSeek;3093;398
baddc70a-5ab2-4a88-92b1-082d532d977a;23.05.2026 17:25;api;chat/completions;deepseek/deepseek-v4-flash;DeepSeek;3660;587
63415f26-c20a-43f6-b75f-bd034c576572;23.05.2026 17:24;api;chat/completions;deepseek/deepseek-v4-flash;DeepSeek;4778;103
9e1387ef-3a02-4a37-9442-5eea68031c23;23.05.2026 17:24;api;chat/completions;deepseek/deepseek-v4-flash;DeepSeek;2238;1684
a3452ce8-64d9-4b2d-ad46-e0c9dcf1d456;23.05.2026 17:24;api;chat/completions;deepseek/deepseek-v4-flash;DeepSeek;3799;109
edf2b894-67a7-4baa-a11e-ed8f5a2e3a28;23.05.2026 17:24;api;chat/completions;deepseek/deepseek-v4-flash;DeepSeek;2535;967
36f87a2b-c0f1-4072-8b18-b0245a2aa843;23.05.2026 17:24;api;chat/completions;deepseek/deepseek-v4-flash;DeepSeek;2375;105
36c60465-11f8-4eef-8e6a-dc39e2e0921f;23.05.2026 17:24;api;chat/completions;deepseek/deepseek-v4-flash;DeepSeek;1439;347
877f662d-022a-4a85-9e1d-bd10eb8f526b;23.05.2026 17:24;api;chat/completions;deepseek/deepseek-v4-flash;DeepSeek;3179;87
dfe65475-72f3-4396-a223-6de10487322d;23.05.2026 17:24;api;chat/completions;deepseek/deepseek-v4-flash;DeepSeek;3360;575
840cb1b5-505d-4586-81e4-77be8f7c2b61;23.05.2026 17:24;api;chat/completions;deepseek/deepseek-v4-flash;DeepSeek;1600;97
fb774291-e5b8-4d98-8bd7-75254aea4ecd;23.05.2026 17:24;api;chat/completions;deepseek/deepseek-v4-flash;DeepSeek;2477;2289
ac186787-b4ab-4076-bea2-bb705c324448;23.05.2026 17:24;api;chat/completions;deepseek/deepseek-v4-flash;DeepSeek;757;91
46021c14-2688-4b67-93ca-8bb84d5bc9d9;23.05.2026 17:24;api;chat/completions;deepseek/deepseek-v4-flash;DeepSeek;2817;375
b01ccae4-b3cd-478d-8d21-6fa31079f8c9;23.05.2026 17:24;api;chat/completions;deepseek/deepseek-v4-flash;DeepSeek;8505;193
441b8185-f336-450c-badd-315f2fcd2a4c;23.05.2026 17:24;api;chat/completions;deepseek/deepseek-v4-flash;DeepSeek;8179;292
81b473f2-a77b-4e8e-b053-0e1c5a0acb9c;23.05.2026 17:24;api;chat/completions;deepseek/deepseek-v4-flash;DeepSeek;2116;111
dc74f661-0ff7-45ad-bede-d5a5800fae06;23.05.2026 17:24;api;chat/completions;deepseek/deepseek-v4-flash;DeepSeek;1994;393
efb02480-bbd1-4a20-b385-e15f3a4c7122;23.05.2026 17:24;api;chat/completions;deepseek/deepseek-v4-flash;DeepSeek;1470;107
04d9781d-6da2-4e50-832a-5b6b612e06c0;23.05.2026 17:24;api;chat/completions;deepseek/deepseek-v4-flash;DeepSeek;765;370
9e779eda-b530-47d9-8ea4-fc263b26162a;23.05.2026 17:24;api;chat/completions;deepseek/deepseek-v4-flash;DeepSeek;1416;207
40490fe2-3bed-4461-a8e0-a0b0ef57e98b;23.05.2026 17:24;api;chat/completions;deepseek/deepseek-v4-flash;DeepSeek;179;506
9706598c-6df5-482c-99ac-14ad80fc119c;23.05.2026 17:24;api;chat/completions;deepseek/deepseek-v4-flash;DeepSeek;757;98
35e9c227-9adf-4796-9222-c3753ccd534a;23.05.2026 17:24;api;chat/completions;deepseek/deepseek-v4-flash;DeepSeek;621;150
522534b6-24a9-4590-8065-def6c7cb6d5c;23.05.2026 17:24;api;chat/completions;deepseek/deepseek-v4-flash;DeepSeek;1139;106
bcbacc67-4b05-4c09-a948-76a841672b8a;23.05.2026 17:24;api;chat/completions;deepseek/deepseek-v4-flash;DeepSeek;3692;186
047ca21f-3ffe-44dd-83b0-cb7f4829dd66;23.05.2026 17:24;api;chat/completions;deepseek/deepseek-v4-flash;DeepSeek;1263;200
14c45647-d882-48e7-9691-4f9b00c55699;23.05.2026 17:24;api;chat/completions;deepseek/deepseek-v4-flash;DeepSeek;3325;323
d662034b-b0f6-4872-9686-1c1a1fdbf43d;23.05.2026 17:24;api;chat/completions;deepseek/deepseek-v4-flash;DeepSeek;1256;207
a2f26a1f-01ac-43de-9fa1-c9ac80fe19a3;23.05.2026 17:24;api;chat/completions;deepseek/deepseek-v4-flash;DeepSeek;1906;2457
f1dac8d9-424b-4740-9894-2bbb5334b9a9;23.05.2026 17:24;api;chat/completions;deepseek/deepseek-v4-flash;DeepSeek;242;670
9a831def-81dc-4704-ae8b-03d634a32307;23.05.2026 17:24;api;chat/completions;deepseek/deepseek-v4-flash;DeepSeek;2291;789
6744755e-2417-4b57-8c1a-c192d26710c7;23.05.2026 17:24;api;chat/completions;deepseek/deepseek-v4-flash;DeepSeek;241;290
6d19fefb-b06e-46b7-a2e9-80f532eecdb4;23.05.2026 17:24;api;chat/completions;deepseek/deepseek-v4-flash;DeepSeek;1221;3360
177f878e-bca2-4ea8-b7af-373b9e8f261d;23.05.2026 17:24;api;chat/completions;deepseek/deepseek-v4-flash;DeepSeek;1576;1038
74bb1590-01ab-415e-87f9-dc31b1334fdc;23.05.2026 17:24;api;chat/completions;deepseek/deepseek-v4-flash;DeepSeek;955;623
b4af119e-af8e-44f5-a888-bb0a974f842e;23.05.2026 17:24;api;chat/completions;deepseek/deepseek-v4-flash;DeepSeek;245;549
3de14ba0-e040-4ef5-a491-6cdb9e6c14bb;23.05.2026 17:24;api;chat/completions;deepseek/deepseek-v4-flash;DeepSeek;7145;380
6c6da2ea-ea81-4f58-96f3-5c8503d01a40;23.05.2026 17:24;api;chat/completions;deepseek/deepseek-v4-flash;DeepSeek;238;305
03086165-a67e-4d40-b0f9-3d2026482d7e;23.05.2026 17:23;api;chat/completions;deepseek/deepseek-v4-flash;DeepSeek;1026;329
a5766ad8-c5ac-4161-9e39-5d847428980e;23.05.2026 17:23;api;chat/completions;deepseek/deepseek-v4-flash;DeepSeek;383;856
8a551e60-425f-428d-b179-491d63ada82f;23.05.2026 17:23;api;chat/completions;deepseek/deepseek-v4-flash;DeepSeek;2782;481
e1a28728-a301-4346-8f6b-6e4266920541;23.05.2026 17:23;api;chat/completions;deepseek/deepseek-v4-flash;DeepSeek;1209;649
02980ca4-c840-450b-a6aa-8c48235fc546;23.05.2026 17:23;api;chat/completions;deepseek/deepseek-v4-flash;DeepSeek;4184;112
e97f7a5d-95c1-460e-be18-226fa16a8eb1;23.05.2026 17:23;api;chat/completions;deepseek/deepseek-v4-flash;DeepSeek;2046;134
c579b4dc-2bf9-407b-891f-da015f65f909;23.05.2026 17:23;api;chat/completions;deepseek/deepseek-v4-flash;DeepSeek;1319;106
d8346037-e4f8-422c-a4cd-f5fb88ef406a;23.05.2026 17:23;api;chat/completions;deepseek/deepseek-v4-flash;DeepSeek;935;3384
db9eba0f-2876-46e4-8f83-4273a4d41dcf;23.05.2026 17:23;api;chat/completions;deepseek/deepseek-v4-flash;DeepSeek;4099;235
dad77c06-b680-45aa-bc17-f57c7b14be31;23.05.2026 17:23;api;chat/completions;deepseek/deepseek-v4-flash;DeepSeek;3540;111
f07fd41e-bbdb-4a2e-9042-5b1d2a5c8a35;23.05.2026 17:23;api;chat/completions;deepseek/deepseek-v4-flash;DeepSeek;819;289
190e7506-9bbb-47db-8fd0-5caf1ad52ed5;23.05.2026 17:23;api;chat/completions;deepseek/deepseek-v4-flash;DeepSeek;1905;167
1250face-0182-412a-b1ce-4a288df645a5;23.05.2026 17:23;api;chat/completions;deepseek/deepseek-v4-flash;DeepSeek;2791;110
57998687-9a4a-419b-9119-1e1b0a683896;23.05.2026 17:23;api;chat/completions;deepseek/deepseek-v4-flash;DeepSeek;774;116
b2e1e424-de53-454a-9d5d-2cfa7b3ef8ba;23.05.2026 17:23;api;chat/completions;deepseek/deepseek-v4-flash;DeepSeek;659;169
676e2429-5508-4a51-a39c-6526f49b103e;23.05.2026 17:23;api;chat/completions;deepseek/deepseek-v4-flash;DeepSeek;880;431
a4cea5c0-3958-48c0-923a-52acbf99c7ab;23.05.2026 17:23;api;chat/completions;deepseek/deepseek-v4-flash;DeepSeek;1381;488
43bdee76-8532-4517-b9e1-cf50cfc6795c;23.05.2026 17:23;api;chat/completions;deepseek/deepseek-v4-flash;DeepSeek;1982;110
90571898-fab2-44cd-88db-e20737eee075;23.05.2026 17:23;api;chat/completions;deepseek/deepseek-v4-flash;DeepSeek;804;108
a2cead33-cbca-4c6d-a5a0-47d9f75d6c14;23.05.2026 17:23;api;chat/completions;deepseek/deepseek-v4-flash;DeepSeek;695;351
54c35a6d-3a55-4376-86b8-702ece3f7c5b;23.05.2026 17:23;api;chat/completions;deepseek/deepseek-v4-flash;DeepSeek;1382;208
e16e3ba3-528e-42f2-8918-553df635d086;23.05.2026 17:23;api;chat/completions;deepseek/deepseek-v4-flash;DeepSeek;2594;3386
0a4b9e30-7f81-4926-9469-38942c8db779;23.05.2026 17:23;api;chat/completions;deepseek/deepseek-v4-flash;DeepSeek;773;215
f2d72708-c136-44c7-87d4-c5cbb44fb12f;23.05.2026 17:23;api;chat/completions;deepseek/deepseek-v4-flash;DeepSeek;1399;104
670a842c-6d3e-4d5c-a6fa-b173bab1153d;23.05.2026 17:23;api;chat/completions;deepseek/deepseek-v4-flash;DeepSeek;1397;276
277d99a0-481a-4dca-b4ed-228a1d0522f9;23.05.2026 17:23;api;chat/completions;deepseek/deepseek-v4-flash;DeepSeek;1383;178
18e70e7d-ab03-42bc-a38b-f1987f8d86fb;23.05.2026 17:23;api;chat/completions;deepseek/deepseek-v4-flash;DeepSeek;764;96
1b07462e-388f-44a3-bdf1-826d2a309ca6;23.05.2026 17:23;api;chat/completions;deepseek/deepseek-v4-flash;DeepSeek;602;290
24f250d3-8b1c-493c-8993-d80f585535ba;23.05.2026 17:23;api;chat/completions;deepseek/deepseek-v4-flash;DeepSeek;1395;266
afd508d8-b523-4a39-b5f5-a00a3ddd2938;23.05.2026 17:23;api;chat/completions;deepseek/deepseek-v4-flash;DeepSeek;3494;343
c477109b-eac8-4b6f-9e2b-c1a9cb117e5c;23.05.2026 17:23;api;chat/completions;deepseek/deepseek-v4-flash;DeepSeek;1372;616
bd4ce744-be64-4f84-bb8b-d3a0a22a2b99;23.05.2026 17:23;api;chat/completions;deepseek/deepseek-v4-flash;DeepSeek;1374;187
82df8e97-4067-48c4-9b15-0ed37cc7ebcb;23.05.2026 17:22;api;chat/completions;deepseek/deepseek-v4-flash;DeepSeek;2368;5980
8be78681-a84f-4cc3-932d-7d8e712025ed;23.05.2026 17:21;api;chat/completions;deepseek/deepseek-v4-flash;DeepSeek;1170;3114
00d883de-cb29-4cea-9318-09075701b021;23.05.2026 17:21;api;chat/completions;deepseek/deepseek-v4-flash;DeepSeek;1609;1057
8aa3835d-25b5-47b5-a836-86997edf9c32;23.05.2026 17:21;api;chat/completions;deepseek/deepseek-v4-flash;DeepSeek;4652;118
4cd9ed41-47ed-4e28-86dc-3e87cf7b4eca;23.05.2026 17:21;api;chat/completions;deepseek/deepseek-v4-flash;DeepSeek;4952;343
a7e5e5c6-2d98-49a7-8962-f46b58655621;23.05.2026 17:21;api;chat/completions;deepseek/deepseek-v4-flash;DeepSeek;3537;507
131b8a37-01be-44fa-9403-4f5377a0a162;23.05.2026 17:21;api;chat/completions;deepseek/deepseek-v4-flash;DeepSeek;3137;132
d2afcbde-dcb0-4214-89b2-5e0d8b2c64ac;23.05.2026 17:21;api;chat/completions;deepseek/deepseek-v4-flash;DeepSeek;4549;414
6eab9b09-842b-4bbc-8c01-a9a61405c02a;23.05.2026 17:21;api;chat/completions;deepseek/deepseek-v4-flash;DeepSeek;3801;97
cdd8bb7b-8153-4692-9007-e8a2b103b4a2;23.05.2026 17:21;api;chat/completions;deepseek/deepseek-v4-flash;DeepSeek;3098;422
f44dac15-cbdf-42d3-8ee2-2e10b19613e5;23.05.2026 17:21;api;chat/completions;deepseek/deepseek-v4-flash;DeepSeek;3096;124
fd9b7746-94b7-4eb0-82df-9ebf6e8f909e;23.05.2026 17:21;api;chat/completions;deepseek/deepseek-v4-flash;DeepSeek;3750;542
07f7fed3-6928-427d-9805-9005bc17c2bc;23.05.2026 17:21;api;chat/completions;deepseek/deepseek-v4-flash;DeepSeek;2809;256
cfd8c4a9-5644-42e9-a9b9-479a3b65f531;23.05.2026 17:20;api;chat/completions;deepseek/deepseek-v4-flash;DeepSeek;2438;90
40166103-1340-4530-8e9b-8b86b071f38e;23.05.2026 17:20;api;chat/completions;deepseek/deepseek-v4-flash;DeepSeek;1635;98
ac4b0d2c-8289-4111-9641-d1c24b6cbbea;23.05.2026 17:20;api;chat/completions;deepseek/deepseek-v4-flash;DeepSeek;794;116
77280b87-4458-4fee-bb3d-77971d230745;23.05.2026 17:20;api;chat/completions;deepseek/deepseek-v4-flash;DeepSeek;1391;286
a4513ada-c55e-49d1-9591-21f052923a4c;23.05.2026 17:20;api;chat/completions;deepseek/deepseek-v4-flash;DeepSeek;6222;252
9835b0c1-ebab-400e-a953-cad06424a51d;23.05.2026 17:20;api;chat/completions;deepseek/deepseek-v4-flash;DeepSeek;8430;339
4fb10152-9d3f-4d85-ba3b-8cc1df97b5db;23.05.2026 17:20;api;chat/completions;deepseek/deepseek-v4-flash;DeepSeek;4829;156
0000677f-079e-4bef-a646-2e956fdb0573;23.05.2026 17:20;api;chat/completions;deepseek/deepseek-v4-flash;DeepSeek;3928;339
c672f8a0-7a61-421a-ad3d-b03c2acdb31d;23.05.2026 17:20;api;chat/completions;deepseek/deepseek-v4-flash;DeepSeek;5192;588
4a0e5bb8-594f-4a25-90db-a3494f9096b3;23.05.2026 17:20;api;chat/completions;deepseek/deepseek-v4-flash;DeepSeek;2613;496
ee09f503-6c4f-4340-a228-faad02e97056;23.05.2026 17:20;api;chat/completions;deepseek/deepseek-v4-flash;DeepSeek;4822;390
a11db767-d789-4a58-85d6-f12a98a2d21e;23.05.2026 17:20;api;chat/completions;deepseek/deepseek-v4-flash;DeepSeek;6655;190
e41a026e-d57b-4b8d-a960-7a4eed0d98a4;23.05.2026 17:20;api;chat/completions;deepseek/deepseek-v4-flash;DeepSeek;2298;172
2d09c33a-a9e6-454d-b1d0-2d2819645e50;23.05.2026 17:20;api;chat/completions;deepseek/deepseek-v4-flash;DeepSeek;2451;557
213dbc38-6d35-4ee0-9607-0444022591e0;23.05.2026 17:20;api;chat/completions;deepseek/deepseek-v4-flash;DeepSeek;3388;1070
aab45ed8-e848-4436-930b-7d8ac9a64182;23.05.2026 17:20;api;chat/completions;deepseek/deepseek-v4-flash;DeepSeek;1480;215
fec9a968-7d91-4165-899c-27873ac22fe1;23.05.2026 17:20;api;chat/completions;deepseek/deepseek-v4-flash;DeepSeek;2269;732
829a9ee7-3af2-412e-8890-000a5f074014;23.05.2026 17:20;api;chat/completions;deepseek/deepseek-v4-flash;DeepSeek;800;116
b9c732c9-a887-40a7-9f08-757660c2d501;23.05.2026 17:20;api;chat/completions;deepseek/deepseek-v4-flash;DeepSeek;4484;373
8ad80f76-e73a-477d-9f8d-bf4e12dded81;23.05.2026 17:19;api;chat/completions;deepseek/deepseek-v4-flash;DeepSeek;1540;1115
d1913102-e78f-45c5-830c-0252b1e6f6e9;23.05.2026 17:19;api;chat/completions;deepseek/deepseek-v4-flash;DeepSeek;2522;636
a1676676-faab-4302-8e6a-b84a6538f623;23.05.2026 17:19;api;chat/completions;deepseek/deepseek-v4-flash;DeepSeek;8170;190
22f5d648-2830-4fa1-aee3-3e4736e32ffa;23.05.2026 17:19;api;chat/completions;deepseek/deepseek-v4-flash;DeepSeek;5649;441
8de6c161-0784-40b2-a6c5-c3c6ef09707f;23.05.2026 17:19;api;chat/completions;deepseek/deepseek-v4-flash;DeepSeek;7643;454
15de74e7-d5ab-45b3-a249-5e043e0d7a18;23.05.2026 17:19;api;chat/completions;deepseek/deepseek-v4-flash;DeepSeek;2978;155
28e2c3ce-74ca-4bee-84d2-7c65402e13fe;23.05.2026 17:19;api;chat/completions;deepseek/deepseek-v4-flash;DeepSeek;3187;1017
7fc14c0f-85b3-4d92-93f9-1f7c06948225;23.05.2026 17:19;api;chat/completions;deepseek/deepseek-v4-flash;DeepSeek;1459;162
f34d4a79-d2a4-437c-82c2-d57c59202b10;23.05.2026 17:19;api;chat/completions;deepseek/deepseek-v4-flash;DeepSeek;767;117
b51e0454-b039-4438-abdb-4ffd9ae136cc;23.05.2026 17:19;api;chat/completions;deepseek/deepseek-v4-flash;DeepSeek;3042;422
4d5e1209-e189-4b3c-a663-1387d03be068;23.05.2026 17:19;api;chat/completions;deepseek/deepseek-v4-flash;DeepSeek;4402;166
1993feda-6e01-4164-91f9-98a6fd8300d4;23.05.2026 17:19;api;chat/completions;deepseek/deepseek-v4-flash;DeepSeek;1323;1726
357547e6-3608-4241-9361-f1fbcbc44cde;23.05.2026 17:19;api;chat/completions;deepseek/deepseek-v4-flash;DeepSeek;3230;183
edb69f1d-bcad-4b1b-8554-2dc5de0715fd;23.05.2026 17:19;api;chat/completions;deepseek/deepseek-v4-flash;DeepSeek;6220;192
4e77a56e-b7c3-4959-80dc-68857dcd4f0a;23.05.2026 17:19;api;chat/completions;deepseek/deepseek-v4-flash;DeepSeek;2415;671
bc3388f1-15ff-452c-a5cd-748994a20cb4;23.05.2026 17:19;api;chat/completions;deepseek/deepseek-v4-flash;DeepSeek;4790;195
2fbe0fce-fd2d-4569-9b57-aca619dc5579;23.05.2026 17:19;api;chat/completions;deepseek/deepseek-v4-flash;DeepSeek;1167;758
4f94c22c-c1ee-4587-b8ef-7cf8c1be8d33;23.05.2026 17:19;api;chat/completions;deepseek/deepseek-v4-flash;DeepSeek;2103;954
9856c751-0afc-48f8-a3d2-ea8a7c44569e;23.05.2026 17:19;api;chat/completions;deepseek/deepseek-v4-flash;DeepSeek;4925;545
95aa3b9a-4adf-4556-9547-bd6e75a72670;23.05.2026 17:19;api;chat/completions;deepseek/deepseek-v4-flash;DeepSeek;3465;311
a15465a3-c22e-4b37-a811-143c15bfb63d;23.05.2026 17:19;api;chat/completions;deepseek/deepseek-v4-flash;DeepSeek;1968;199
5f0a0528-3682-4717-8f7c-716e613c1baf;23.05.2026 17:19;api;chat/completions;deepseek/deepseek-v4-flash;DeepSeek;1120;570
37099280-9255-40af-8bc5-b87967de3cf5;23.05.2026 17:19;api;chat/completions;deepseek/deepseek-v4-flash;DeepSeek;3585;191
34ef0006-54e5-4d40-ab01-41bd2223bf1f;23.05.2026 17:19;api;chat/completions;deepseek/deepseek-v4-flash;DeepSeek;4665;161
0be88cc2-cd12-4a44-973e-4e18da583752;23.05.2026 17:19;api;chat/completions;deepseek/deepseek-v4-flash;DeepSeek;1798;1920
dc6e925f-82a8-40be-8597-efbf8cc7d4b3;23.05.2026 17:19;api;chat/completions;deepseek/deepseek-v4-flash;DeepSeek;2764;365
c834b2af-722d-4cda-984a-377ed669a0c3;23.05.2026 17:19;api;chat/completions;deepseek/deepseek-v4-flash;DeepSeek;2755;91
a9fb36cc-3106-4ade-b9bb-879ee7bd8192;23.05.2026 17:19;api;chat/completions;deepseek/deepseek-v4-flash;DeepSeek;4074;261
d1d13242-f3c6-4569-95b5-52fc5953df61;23.05.2026 17:19;api;chat/completions;deepseek/deepseek-v4-flash;DeepSeek;3735;304
46873932-611f-469e-a640-4eda8ccaf091;23.05.2026 17:19;api;chat/completions;deepseek/deepseek-v4-flash;DeepSeek;3038;118
687aba0f-f06f-4951-a140-6d9f469808a7;23.05.2026 17:19;api;chat/completions;deepseek/deepseek-v4-flash;DeepSeek;2381;357
e32cc6b2-2291-4cd3-9a38-5fba61d6eb02;23.05.2026 17:19;api;chat/completions;deepseek/deepseek-v4-flash;DeepSeek;767;118
43f38e54-d04f-40ec-ae37-a6a0a9c50369;23.05.2026 17:19;api;chat/completions;deepseek/deepseek-v4-flash;DeepSeek;4156;646
e5c45523-bd31-40f3-bb75-48ce78c9e666;23.05.2026 17:19;api;chat/completions;deepseek/deepseek-v4-flash;DeepSeek;250;543
f6864f3e-1c70-4e16-9f97-aedae85362f9;23.05.2026 17:19;api;chat/completions;deepseek/deepseek-v4-flash;DeepSeek;4531;103
e9874872-55a3-49c0-9ece-02d0e7f9771d;23.05.2026 17:19;api;chat/completions;deepseek/deepseek-v4-flash;DeepSeek;2616;393
159b5c93-5779-4958-b64b-0e27cd2e05e5;23.05.2026 17:19;api;chat/completions;deepseek/deepseek-v4-flash;DeepSeek;2667;186
14781954-354a-4fa1-8760-9c623fc9a60f;23.05.2026 17:19;api;chat/completions;deepseek/deepseek-v4-flash;DeepSeek;2182;115
8747c414-a124-4de4-9fde-88c72833a532;23.05.2026 17:19;api;chat/completions;deepseek/deepseek-v4-flash;DeepSeek;2741;252
cff06c1d-5339-42b9-ada5-cb1766a5ad0a;23.05.2026 17:19;api;chat/completions;deepseek/deepseek-v4-flash;DeepSeek;3476;267
d389bb68-7396-45e0-b717-12003e29487e;23.05.2026 17:19;api;chat/completions;deepseek/deepseek-v4-flash;DeepSeek;2022;403
be5bb37e-01c0-4e87-94bd-c53ebabca206;23.05.2026 17:19;api;chat/completions;deepseek/deepseek-v4-flash;DeepSeek;2323;224
fac44b2f-33f6-4947-938e-730799e3c746;23.05.2026 17:19;api;chat/completions;deepseek/deepseek-v4-flash;DeepSeek;3648;117
1066090b-9712-4860-9ab4-45f16674f81d;23.05.2026 17:19;api;chat/completions;deepseek/deepseek-v4-flash;DeepSeek;1484;758
37b9ebd1-6cf3-460a-96a1-fa438f60996c;23.05.2026 17:19;api;chat/completions;deepseek/deepseek-v4-flash;DeepSeek;3840;507
25204925-995c-4422-99ec-8d875940e786;23.05.2026 17:19;api;chat/completions;deepseek/deepseek-v4-flash;DeepSeek;3272;212
6b88ba0e-6a82-4ddf-9fba-696bf4087ceb;23.05.2026 17:18;api;chat/completions;deepseek/deepseek-v4-flash;DeepSeek;2364;657
ec7780cd-1261-4147-b090-efafd5ef8ecb;23.05.2026 17:18;api;chat/completions;deepseek/deepseek-v4-flash;DeepSeek;1941;283
01c2eabe-7bcd-45c6-ac48-c5babbf69d82;23.05.2026 17:18;api;chat/completions;deepseek/deepseek-v4-flash;DeepSeek;3274;110
b08cc91f-6cd5-4446-a40a-ac06856d6019;23.05.2026 17:18;api;chat/completions;deepseek/deepseek-v4-flash;DeepSeek;1540;291
bab8f057-6016-4de0-9060-1b45bd25cb1e;23.05.2026 17:18;api;chat/completions;deepseek/deepseek-v4-flash;DeepSeek;1741;157
e44b4147-f4ef-47de-969b-d76a8a923d6d;23.05.2026 17:18;api;chat/completions;deepseek/deepseek-v4-flash;DeepSeek;1959;92
7fbbcbc3-8eba-4f33-8aa9-c30f7735b93d;23.05.2026 17:18;api;chat/completions;deepseek/deepseek-v4-flash;DeepSeek;2816;100
ac50189a-d69e-4ec5-85c5-1644e0683277;23.05.2026 17:18;api;chat/completions;deepseek/deepseek-v4-flash;DeepSeek;2844;378
71cc72f5-301b-44a7-9155-de38931ed070;23.05.2026 17:18;api;chat/completions;deepseek/deepseek-v4-flash;DeepSeek;1968;271
e91a1ae9-8156-4337-a8ea-72d7e47d2a53;23.05.2026 17:18;api;chat/completions;deepseek/deepseek-v4-flash;DeepSeek;1533;109
59f82e17-dada-4211-a128-8bd0dcafd892;23.05.2026 17:18;api;chat/completions;deepseek/deepseek-v4-flash;DeepSeek;908;238
e5d6d29c-6e60-4769-8db2-8fd6a5594ca6;23.05.2026 17:18;api;chat/completions;deepseek/deepseek-v4-flash;DeepSeek;1422;312
59bc118c-4261-41c6-a5ac-9d95d18caeb5;23.05.2026 17:18;api;chat/completions;deepseek/deepseek-v4-flash;DeepSeek;3016;321
5b54505e-9913-4873-a12c-37849eac2cb4;23.05.2026 17:18;api;chat/completions;deepseek/deepseek-v4-flash;DeepSeek;1423;360
ccb1e20b-691c-4b8b-ad9e-7c5afbad0970;23.05.2026 17:18;api;chat/completions;deepseek/deepseek-v4-flash;DeepSeek;1559;275
b19d0751-4e3e-402a-8890-ed5e7d9cbd12;23.05.2026 17:18;api;chat/completions;deepseek/deepseek-v4-flash;DeepSeek;1347;99
dd918796-493e-47bc-ae7d-bee85cc17163;23.05.2026 17:18;api;chat/completions;deepseek/deepseek-v4-flash;DeepSeek;2212;99
a7b27532-a197-4784-841e-d7a652ff787a;23.05.2026 17:18;api;chat/completions;deepseek/deepseek-v4-flash;DeepSeek;1145;139
352ebe80-b31b-43c9-88bf-7369d383bf41;23.05.2026 17:18;api;chat/completions;deepseek/deepseek-v4-flash;DeepSeek;855;262
a8254f58-1991-476e-a4de-570751ae96d2;23.05.2026 17:18;api;chat/completions;deepseek/deepseek-v4-flash;DeepSeek;2123;96
31f9129c-a9c6-4e24-a1d6-d7ec43546d5b;23.05.2026 17:18;api;chat/completions;deepseek/deepseek-v4-flash;DeepSeek;725;229
240737c0-4fbc-4c01-9791-c2d685a5194a;23.05.2026 17:18;api;chat/completions;deepseek/deepseek-v4-flash;DeepSeek;789;105
766b0797-89f8-4e93-9d55-c5ceaf8e8013;23.05.2026 17:18;api;chat/completions;deepseek/deepseek-v4-flash;DeepSeek;1416;304
c19139e3-c0a2-4f7e-ac8c-24b791851c4d;23.05.2026 17:18;api;chat/completions;deepseek/deepseek-v4-flash;DeepSeek;1146;115
86b72ca0-8771-47d4-934f-168b1bfc7c70;23.05.2026 17:18;api;chat/completions;deepseek/deepseek-v4-flash;DeepSeek;1945;403
6c4cdbe7-ecd6-48cf-931f-7325ef08adb9;23.05.2026 17:18;api;chat/completions;deepseek/deepseek-v4-flash;DeepSeek;2486;260
772e2432-594f-4e9f-b3e0-0f6fd7cc4947;23.05.2026 17:18;api;chat/completions;deepseek/deepseek-v4-flash;DeepSeek;1480;107
1c74be6d-bc83-4afb-8bdf-babb2dc2eba1;23.05.2026 17:18;api;chat/completions;deepseek/deepseek-v4-flash;DeepSeek;758;105
e52fec6a-f003-4503-8614-b082463bb33c;23.05.2026 17:18;api;chat/completions;deepseek/deepseek-v4-flash;DeepSeek;1139;105
08839390-767b-4a64-9a86-1f3bc2ccfe38;23.05.2026 17:18;api;chat/completions;deepseek/deepseek-v4-flash;DeepSeek;1275;211
c26478bb-fd3c-47b7-b4f0-f6027d685002;23.05.2026 17:18;api;chat/completions;deepseek/deepseek-v4-flash;DeepSeek;721;276
15b74e45-2ee2-4efa-83eb-a3db9588f67a;23.05.2026 17:18;api;chat/completions;deepseek/deepseek-v4-flash;DeepSeek;1271;209
f671314e-20c5-41db-b890-705538b6d5dd;23.05.2026 17:18;api;chat/completions;deepseek/deepseek-v4-flash;DeepSeek;1463;138
165e8a6c-5609-481a-b2d1-942da6c9c2ad;23.05.2026 17:18;api;chat/completions;deepseek/deepseek-v4-flash;DeepSeek;1267;194
2da91c9a-2d52-47ff-bb03-5cfab07020b8;23.05.2026 17:18;api;chat/completions;deepseek/deepseek-v4-flash;DeepSeek;785;122
582a687f-93c1-47ba-8454-3316f4757991;23.05.2026 17:18;api;chat/completions;deepseek/deepseek-v4-flash;DeepSeek;1173;98
adeb442a-cd32-4e95-b32a-425047f8b642;23.05.2026 17:18;api;chat/completions;deepseek/deepseek-v4-flash;DeepSeek;607;139
6f5e9b79-4a6f-4260-ab28-e70b22237b07;23.05.2026 17:18;api;chat/completions;deepseek/deepseek-v4-flash;DeepSeek;1269;181
008c0df6-f0d4-4571-ac49-dcdf566d4bd7;23.05.2026 17:18;api;chat/completions;deepseek/deepseek-v4-flash;DeepSeek;1485;417
7074457b-b058-4820-8793-5dfc3449d6ba;23.05.2026 17:18;api;chat/completions;deepseek/deepseek-v4-flash;DeepSeek;1435;92
829397c8-c9ee-4db9-a537-2edb867492d9;23.05.2026 17:18;api;chat/completions;deepseek/deepseek-v4-flash;DeepSeek;1294;413
dded7c20-fdd3-4a58-b368-b99f27c545a9;23.05.2026 17:18;api;chat/completions;deepseek/deepseek-v4-flash;DeepSeek;1281;199
f5b3bfd1-8004-43f3-a177-9dd1caf58e3a;23.05.2026 17:18;api;chat/completions;deepseek/deepseek-v4-flash;DeepSeek;1350;130
5272ed91-3424-4632-9f89-009c40b5ab66;23.05.2026 17:18;api;chat/completions;deepseek/deepseek-v4-flash;DeepSeek;1260;273
000df00e-ecfe-4ebb-bafc-37e2dcc5abe8;23.05.2026 17:18;api;chat/completions;deepseek/deepseek-v4-flash;DeepSeek;256;418
fa41e241-287d-4b46-ace6-d7f57e130fa5;23.05.2026 17:18;api;chat/completions;deepseek/deepseek-v4-flash;DeepSeek;747;114
1dbbfa68-e469-49e6-9b64-e4d06746dd1d;23.05.2026 17:18;api;chat/completions;deepseek/deepseek-v4-flash;DeepSeek;1139;76
5a072d9c-9df0-4d36-a8a5-d413d05204f1;23.05.2026 17:18;api;chat/completions;deepseek/deepseek-v4-flash;DeepSeek;1279;223
d0f949ac-1a8e-4950-89d8-4d0313bf6213;23.05.2026 17:18;api;chat/completions;deepseek/deepseek-v4-flash;DeepSeek;263;457
3c0d1e47-8dbe-4352-9fa6-b8360e242a3e;23.05.2026 17:18;api;chat/completions;deepseek/deepseek-v4-flash;DeepSeek;247;349
36f19ce0-358f-4544-b42e-5d542c7e1926;23.05.2026 17:18;api;chat/completions;deepseek/deepseek-v4-flash;DeepSeek;1256;212
2a8d7ead-e67c-418a-8379-3736f5798097;23.05.2026 17:18;api;chat/completions;deepseek/deepseek-v4-flash;DeepSeek;252;381
ad30be18-18be-4d77-b142-f5dc7f502b0b;23.05.2026 17:18;api;chat/completions;deepseek/deepseek-v4-flash;DeepSeek;258;527
a8bb2e3b-0251-40a9-be9e-0cd7413ac512;23.05.2026 17:18;api;chat/completions;deepseek/deepseek-v4-flash;DeepSeek;248;389
f3aec115-dd48-49cd-bb6c-c3bb7df4e573;23.05.2026 17:18;api;chat/completions;deepseek/deepseek-v4-flash;DeepSeek;1252;313
ab8f6dce-da5a-4732-ae2b-59bb06478a39;23.05.2026 17:18;api;chat/completions;deepseek/deepseek-v4-flash;DeepSeek;261;689
49df0157-9e45-4214-8640-49285cde3fa7;23.05.2026 17:18;api;chat/completions;deepseek/deepseek-v4-flash;DeepSeek;253;303
d97d3a90-5e00-446d-84cb-3f2fad5b42c5;23.05.2026 17:18;api;chat/completions;deepseek/deepseek-v4-flash;DeepSeek;238;363
4ce0c2cf-b87b-42e0-9782-c1d18daa0634;23.05.2026 17:18;api;chat/completions;deepseek/deepseek-v4-flash;DeepSeek;257;478
fce4541b-0b9e-40cd-b9a0-59e733f7b5c9;23.05.2026 17:18;api;chat/completions;deepseek/deepseek-v4-flash;DeepSeek;250;1003
d6042ab0-a336-4d61-901e-263085aa55b6;23.05.2026 17:18;api;chat/completions;deepseek/deepseek-v4-flash;DeepSeek;257;389
8c7c3f90-d16c-423d-89e9-0fe60e233ea5;23.05.2026 17:18;api;chat/completions;deepseek/deepseek-v4-flash;DeepSeek;249;653
d3dba11c-2038-41b1-993b-6e08d8424ac0;23.05.2026 17:18;api;chat/completions;deepseek/deepseek-v4-flash;DeepSeek;240;579
1bd40a94-0b16-4f5e-af18-872c6def9f2e;23.05.2026 17:18;api;chat/completions;deepseek/deepseek-v4-flash;DeepSeek;255;359
7900f06a-41af-4dbb-9cda-8d2a82f9b87d;23.05.2026 17:18;api;chat/completions;deepseek/deepseek-v4-flash;DeepSeek;276;585
552ff522-7b11-4749-96c9-1d9cc5751fbf;23.05.2026 17:18;api;chat/completions;deepseek/deepseek-v4-flash;DeepSeek;249;406
fdd088df-8573-40ca-b5f7-34c648f6ec01;23.05.2026 17:18;api;chat/completions;deepseek/deepseek-v4-flash;DeepSeek;238;350
6b5a175e-c675-4094-ab2c-33355c2bf2cc;23.05.2026 17:18;api;chat/completions;deepseek/deepseek-v4-flash;DeepSeek;242;286
792f9516-a68e-408c-b849-6de13c9f292a;23.05.2026 17:18;api;chat/completions;deepseek/deepseek-v4-flash;DeepSeek;243;1002
dabaefd9-e1bf-4fca-af28-c575b4b48e95;23.05.2026 17:18;api;chat/completions;deepseek/deepseek-v4-flash;DeepSeek;263;630
9ac1f53b-73a8-4ad9-9ffa-5f313151b6c0;23.05.2026 17:18;api;chat/completions;deepseek/deepseek-v4-flash;DeepSeek;234;291
66785238-146f-446e-a27a-72c8f356a0ed;23.05.2026 17:18;api;chat/completions;deepseek/deepseek-v4-flash;DeepSeek;388;1140
71af8743-b5aa-4b57-a14d-7dba66847e98;23.05.2026 17:18;api;chat/completions;deepseek/deepseek-v4-flash;DeepSeek;383;729
56852b0c-4b12-47d1-a8a3-1a6ac7cf55fd;23.05.2026 17:18;api;chat/completions;deepseek/deepseek-v4-flash;DeepSeek;390;753
fe71d8a4-0469-4df1-ac95-638fa570c04f;23.05.2026 17:18;api;chat/completions;deepseek/deepseek-v4-flash;DeepSeek;385;742
69084d99-641d-4858-aede-6e804b9bd9d2;23.05.2026 17:18;api;chat/completions;deepseek/deepseek-v4-flash;DeepSeek;383;1002
gen-1779533666-mdXNktLUUp8OVPpoENiE;23.05.2026 13:54;api;chat/completions;deepseek/deepseek-v4-flash;DeepInfra;3498;2357
gen-1779533641-QC3wSMvqLEt4yudqNrGW;23.05.2026 13:54;api;chat/completions;deepseek/deepseek-v4-flash;SiliconFlow;2779;2101
gen-1779533583-Ied9BBISY938OQIaFreF;23.05.2026 13:53;api;chat/completions;deepseek/deepseek-v4-flash;DeepSeek;1344;4096
gen-1779533399-RHNC7ILanRTQrPCsynnD;23.05.2026 13:49;api;chat/completions;deepseek/deepseek-v4-flash;Novita;1444;1237
gen-1779533376-vgXJmSNWlBjXyEtm8fST;23.05.2026 13:49;api;chat/completions;deepseek/deepseek-v4-flash;AtlasCloud;3298;485
gen-1779533365-z8z53humddv2DYMiVt4T;23.05.2026 13:49;api;chat/completions;deepseek/deepseek-v4-flash;AtlasCloud;2622;4652
gen-1779533359-yzPhDVIB4XWc8RV78Bsr;23.05.2026 13:49;api;chat/completions;deepseek/deepseek-v4-flash;Parasail;3065;372
gen-1779533354-PHwJiO2aYHRVdZBomxyO;23.05.2026 13:49;api;chat/completions;deepseek/deepseek-v4-flash;AtlasCloud;2994;336
gen-1779533351-lfvjhHG9Vb2kCjk0ZXv8;23.05.2026 13:49;api;chat/completions;deepseek/deepseek-v4-flash;SiliconFlow;5113;225
gen-1779533341-IeDIWSDYtMY5EddnAIwE;23.05.2026 13:49;api;chat/completions;deepseek/deepseek-v4-flash;Parasail;2220;295
gen-1779533339-jZra5LA6SsdlQHBu3RzM;23.05.2026 13:48;api;chat/completions;deepseek/deepseek-v4-flash;SiliconFlow;1737;113
gen-1779533325-BIxeGqOA4T7PWE5rwOKQ;23.05.2026 13:48;api;chat/completions;deepseek/deepseek-v4-flash;Parasail;1575;172
gen-1779533323-CTGWBn6q8cUwrnUlRwIc;23.05.2026 13:48;api;chat/completions;deepseek/deepseek-v4-flash;DeepSeek;2769;4096
gen-1779533310-4uij4pECCVJaA1Uuk8B7;23.05.2026 13:48;api;chat/completions;deepseek/deepseek-v4-flash;Parasail;1460;168
gen-1779533308-ULdze9NcGuBTJ7UWUEca;23.05.2026 13:48;api;chat/completions;deepseek/deepseek-v4-flash;SiliconFlow;1175;87
gen-1779533306-ec5qpPLRt4KLhCdDaYyp;23.05.2026 13:48;api;chat/completions;deepseek/deepseek-v4-flash;SiliconFlow;1872;234
gen-1779533302-yvOtOlEjTA5H7pAGsHXW;23.05.2026 13:48;api;chat/completions;deepseek/deepseek-v4-flash;SiliconFlow;815;114
gen-1779533298-KbZdYVkcIIVvIg2fAwpt;23.05.2026 13:48;api;chat/completions;deepseek/deepseek-v4-flash;AtlasCloud;1403;193
gen-1779533294-jtpxLWx4tOGHhqGhY6mF;23.05.2026 13:48;api;chat/completions;deepseek/deepseek-v4-flash;AkashML;1393;70
gen-1779533288-uM7ymKIVpdstQM9v0z7i;23.05.2026 13:48;api;chat/completions;deepseek/deepseek-v4-flash;Novita;1234;3099
gen-1779533248-xLrlN3fOCOqCsyXgr96q;23.05.2026 13:47;api;chat/completions;deepseek/deepseek-v4-flash;Baidu;1586;1314
65378b7e-d92b-4e75-9e9c-83cdac0d8359;23.05.2026 13:47;api;chat/completions;deepseek/deepseek-v4-flash;DeepSeek;2780;153
22db7ca1-526a-4e67-b6b8-b1d4372245ea;23.05.2026 13:47;api;chat/completions;deepseek/deepseek-v4-flash;DeepSeek;2668;228
67da1a24-eaa7-495d-a226-2926bbc2b743;23.05.2026 13:47;api;chat/completions;deepseek/deepseek-v4-flash;DeepSeek;2535;215
ea04b871-d314-419b-af5b-f407dc0f12aa;23.05.2026 13:47;api;chat/completions;deepseek/deepseek-v4-flash;DeepSeek;2217;362
798bf8ca-f2a4-41c8-a310-9090a0af62db;23.05.2026 13:46;api;chat/completions;deepseek/deepseek-v4-flash;DeepSeek;1494;122
6218e8db-d3b9-49fa-bd2b-968b9181c6b3;23.05.2026 13:46;api;chat/completions;deepseek/deepseek-v4-flash;DeepSeek;768;111
2abcab6c-d303-48f5-b8cb-122e702f3734;23.05.2026 13:46;api;chat/completions;deepseek/deepseek-v4-flash;DeepSeek;5825;156
71bec50c-ee11-4ab8-b6e1-ffd10646dd03;23.05.2026 13:46;api;chat/completions;deepseek/deepseek-v4-flash;DeepSeek;5094;426
1a7152ef-5032-48a7-ae05-5361b9c59b54;23.05.2026 13:46;api;chat/completions;deepseek/deepseek-v4-flash;DeepSeek;3576;306
443ef0b0-ce2a-4cd2-8a30-40761794eed6;23.05.2026 13:45;api;chat/completions;deepseek/deepseek-v4-flash;DeepSeek;4030;181
2e037731-37a2-4492-96ec-4cbf2210e1ec;23.05.2026 13:45;api;chat/completions;deepseek/deepseek-v4-flash;DeepSeek;2899;188
845758b1-5957-4d8b-b557-c20590bd45e2;23.05.2026 13:45;api;chat/completions;deepseek/deepseek-v4-flash;DeepSeek;1774;122
c0a09f87-88e0-42e8-8238-6a8aa4e28fa5;23.05.2026 13:45;api;chat/completions;deepseek/deepseek-v4-flash;DeepSeek;760;121
cdf251c8-9405-4e1e-bb9a-857fcf1d35f2;23.05.2026 13:45;api;chat/completions;deepseek/deepseek-v4-flash;DeepSeek;1381;253
19e9a5c6-c765-4b42-83f7-059400b04e06;23.05.2026 13:45;api;chat/completions;deepseek/deepseek-v4-flash;DeepSeek;1376;368
9123209d-01c1-4ba6-958a-8fb144cbd9b0;23.05.2026 13:44;api;chat/completions;deepseek/deepseek-v4-flash;DeepSeek;2890;748
84f4be65-8b0d-4432-b94b-445609dca382;23.05.2026 13:44;api;chat/completions;deepseek/deepseek-v4-flash;DeepSeek;2731;1016
b6484491-9a00-43ea-911a-25affe114e65;23.05.2026 13:43;api;chat/completions;deepseek/deepseek-v4-flash;DeepSeek;3214;388
82bcee52-3a5a-4d4b-8b2a-da8eff83c5ef;23.05.2026 13:43;api;chat/completions;deepseek/deepseek-v4-flash;DeepSeek;2687;1726
683c89d1-2692-43ec-83bc-391240356482;23.05.2026 13:43;api;chat/completions;deepseek/deepseek-v4-flash;DeepSeek;2589;657
945b28b7-d583-45c5-9a26-1087ac5a06ae;23.05.2026 13:43;api;chat/completions;deepseek/deepseek-v4-flash;DeepSeek;2502;451
11c1fff9-37d0-4489-8531-6139becb82cc;23.05.2026 13:42;api;chat/completions;deepseek/deepseek-v4-flash;DeepSeek;2613;2385
7fdb3d34-56b8-4d2b-87f8-0b6bed1c789b;23.05.2026 13:42;api;chat/completions;deepseek/deepseek-v4-flash;DeepSeek;3296;863
9620db13-6992-402d-b3fc-64296f2f09d0;23.05.2026 13:42;api;chat/completions;deepseek/deepseek-v4-flash;DeepSeek;2275;717
6d1f5391-d8ff-489b-a227-867ab625f909;23.05.2026 13:42;api;chat/completions;deepseek/deepseek-v4-flash;DeepSeek;2575;2188
863a7879-542f-4e71-8f01-a5a31c579ba5;23.05.2026 13:42;api;chat/completions;deepseek/deepseek-v4-flash;DeepSeek;2313;570
1484867a-76b1-4372-b780-2a7c0f0382e1;23.05.2026 13:42;api;chat/completions;deepseek/deepseek-v4-flash;DeepSeek;2169;1060
46b9187a-8541-46d4-b516-aa84635a382c;23.05.2026 13:42;api;chat/completions;deepseek/deepseek-v4-flash;DeepSeek;6384;158
1fcb8d66-f703-431a-ad66-84f53a0867b6;23.05.2026 13:42;api;chat/completions;deepseek/deepseek-v4-flash;DeepSeek;7679;406
db857c29-54f0-422b-a2bd-e81a3c732e8e;23.05.2026 13:42;api;chat/completions;deepseek/deepseek-v4-flash;DeepSeek;5600;191
6777d877-fd44-4e62-8df2-f713ce84aa0b;23.05.2026 13:42;api;chat/completions;deepseek/deepseek-v4-flash;DeepSeek;1302;2197
2c5afa30-f29e-4a25-b64c-625f4cefd890;23.05.2026 13:41;api;chat/completions;deepseek/deepseek-v4-flash;DeepSeek;1550;2062
781dbdab-9523-4aeb-ae00-98ecc16bbcad;23.05.2026 13:41;api;chat/completions;deepseek/deepseek-v4-flash;DeepSeek;2856;383
9e896bf0-5db4-4427-bdb6-82f06d4c2684;23.05.2026 13:41;api;chat/completions;deepseek/deepseek-v4-flash;DeepSeek;6286;114
b10f10f2-1368-42d0-80e5-d0ff0bbe6fb8;23.05.2026 13:41;api;chat/completions;deepseek/deepseek-v4-flash;DeepSeek;4122;167
95ca7277-b8e8-485b-b4ee-d91809b40140;23.05.2026 13:41;api;chat/completions;deepseek/deepseek-v4-flash;DeepSeek;1126;2069
938389a9-d05b-4ab6-9368-31651b1bb76c;23.05.2026 13:41;api;chat/completions;deepseek/deepseek-v4-flash;DeepSeek;2117;1966
06427680-287a-4d8a-a5b6-f7488978ef51;23.05.2026 13:41;api;chat/completions;deepseek/deepseek-v4-flash;DeepSeek;7197;283
fc475e70-fbe2-47dd-ba98-aec81484320b;23.05.2026 13:41;api;chat/completions;deepseek/deepseek-v4-flash;DeepSeek;2488;442
508c9745-fa6a-44b0-a8e5-34c29bf82326;23.05.2026 13:41;api;chat/completions;deepseek/deepseek-v4-flash;DeepSeek;6356;206
b9843d3b-2efc-4173-8edf-b25e25445d33;23.05.2026 13:41;api;chat/completions;deepseek/deepseek-v4-flash;DeepSeek;4925;125
4853f7fe-de7c-47c9-be33-35c8d0dc69fc;23.05.2026 13:41;api;chat/completions;deepseek/deepseek-v4-flash;DeepSeek;2320;266
33742936-e476-4bde-87de-cc90d37312ca;23.05.2026 13:41;api;chat/completions;deepseek/deepseek-v4-flash;DeepSeek;1339;780
e7845615-bf40-495b-9784-d6285d418b6f;23.05.2026 13:41;api;chat/completions;deepseek/deepseek-v4-flash;DeepSeek;1965;1111
50a33a5d-7991-4595-b737-c8e2ba12ebd9;23.05.2026 13:41;api;chat/completions;deepseek/deepseek-v4-flash;DeepSeek;1487;141
49aa1dc7-2796-49c3-89f5-ef2b6e3faad9;23.05.2026 13:41;api;chat/completions;deepseek/deepseek-v4-flash;DeepSeek;5381;576
107dc786-eea3-47c0-b744-6b17ef607ff4;23.05.2026 13:41;api;chat/completions;deepseek/deepseek-v4-flash;DeepSeek;3087;377
0de39f94-7934-4dc3-b628-b8c052d34df0;23.05.2026 13:41;api;chat/completions;deepseek/deepseek-v4-flash;DeepSeek;3710;114
5a4ac41e-3ef8-49dd-b667-182e0910a38b;23.05.2026 13:41;api;chat/completions;deepseek/deepseek-v4-flash;DeepSeek;1841;460
7ce47f13-30ef-4cb8-8e47-488288b1f19e;23.05.2026 13:41;api;chat/completions;deepseek/deepseek-v4-flash;DeepSeek;4575;126
fb303037-efe5-4eac-a0df-65360d9688cb;23.05.2026 13:41;api;chat/completions;deepseek/deepseek-v4-flash;DeepSeek;1420;123
29e987a8-92e7-4b3c-94dd-1cd4ba5c97bd;23.05.2026 13:41;api;chat/completions;deepseek/deepseek-v4-flash;DeepSeek;3500;731
7b7b824b-ef72-40c9-8209-87c22aa40b9b;23.05.2026 13:41;api;chat/completions;deepseek/deepseek-v4-flash;DeepSeek;2014;179
fad1fdb4-961f-45b5-9d1c-b6f5d04a9970;23.05.2026 13:41;api;chat/completions;deepseek/deepseek-v4-flash;DeepSeek;834;400
d1f1e6cf-cb31-48a5-9f36-61d0fb814e78;23.05.2026 13:41;api;chat/completions;deepseek/deepseek-v4-flash;DeepSeek;1673;112
4bc6a9e3-541f-40a1-a4a7-4dd3dea17cda;23.05.2026 13:41;api;chat/completions;deepseek/deepseek-v4-flash;DeepSeek;4308;265
e4b149a9-8ad4-48ff-902d-e305108a3499;23.05.2026 13:41;api;chat/completions;deepseek/deepseek-v4-flash;DeepSeek;1143;111
7a8a3745-87cc-4c9e-9594-a4d7926b8137;23.05.2026 13:41;api;chat/completions;deepseek/deepseek-v4-flash;DeepSeek;2365;129
8cfe1f55-aa29-4ffa-a121-320f77869cd7;23.05.2026 13:41;api;chat/completions;deepseek/deepseek-v4-flash;DeepSeek;1821;233
cddd7b67-4b8e-43ba-9915-7f602f8f6efe;23.05.2026 13:41;api;chat/completions;deepseek/deepseek-v4-flash;DeepSeek;1632;164
a2ca67d9-059e-488f-8171-e8d6d25dfd16;23.05.2026 13:41;api;chat/completions;deepseek/deepseek-v4-flash;DeepSeek;809;138
bf04120f-2713-487c-81cd-008e44c4908c;23.05.2026 13:41;api;chat/completions;deepseek/deepseek-v4-flash;DeepSeek;666;292
b335ad91-66a9-4ca8-b571-b465554632ca;23.05.2026 13:41;api;chat/completions;deepseek/deepseek-v4-flash;DeepSeek;1424;196
8a516a3f-ff91-41a8-a387-f1338c8fc34c;23.05.2026 13:41;api;chat/completions;deepseek/deepseek-v4-flash;DeepSeek;816;123
e32b7cd6-8273-4fea-9cf8-b1a56860017f;23.05.2026 13:41;api;chat/completions;deepseek/deepseek-v4-flash;DeepSeek;1147;139
77f78c05-a7d5-4503-bd9a-c332742af37a;23.05.2026 13:41;api;chat/completions;deepseek/deepseek-v4-flash;DeepSeek;1270;207
d7aa4a8d-52d0-4fbc-8e12-5ce775cc65ed;23.05.2026 13:40;api;chat/completions;deepseek/deepseek-v4-flash;DeepSeek;1282;380
61731318-558a-484a-aba2-22453a3c1210;23.05.2026 13:40;api;chat/completions;deepseek/deepseek-v4-flash;DeepSeek;2667;2487
eebde508-e268-4496-a9ff-43f0513617b1;23.05.2026 13:40;api;chat/completions;deepseek/deepseek-v4-flash;DeepSeek;267;465
ce357506-5777-438c-bd78-ecf6e651b59d;23.05.2026 13:40;api;chat/completions;deepseek/deepseek-v4-flash;DeepSeek;257;390
fdc8b35a-7402-4e8e-be34-119a90b0ae55;23.05.2026 13:40;api;chat/completions;deepseek/deepseek-v4-flash;DeepSeek;684;2651
943988d5-ca75-4fff-8a8b-f91c4960ff11;23.05.2026 13:40;api;chat/completions;deepseek/deepseek-v4-flash;DeepSeek;1269;200
862ac47a-de23-44fe-92a0-a93d9f3e5e21;23.05.2026 13:40;api;chat/completions;deepseek/deepseek-v4-flash;DeepSeek;1276;291
28b66fee-a43c-450f-8a17-81c50920506c;23.05.2026 13:40;api;chat/completions;deepseek/deepseek-v4-flash;DeepSeek;253;859
93fe98d6-f0d4-4ff7-a303-ad82f66a8095;23.05.2026 13:40;api;chat/completions;deepseek/deepseek-v4-flash;DeepSeek;244;338
a2ea3828-550d-47be-b6bc-677ef6bbd716;23.05.2026 13:40;api;chat/completions;deepseek/deepseek-v4-flash;DeepSeek;2714;1896
231a361d-58e9-41fb-8653-011685d05ef9;23.05.2026 13:40;api;chat/completions;deepseek/deepseek-v4-flash;DeepSeek;265;456
5bc079d0-79e7-4be4-88be-cbc843e326ce;23.05.2026 13:40;api;chat/completions;deepseek/deepseek-v4-flash;DeepSeek;3716;357
00c5239b-22d9-424a-b004-50cafdaf8ced;23.05.2026 13:40;api;chat/completions;deepseek/deepseek-v4-flash;DeepSeek;239;514
14b8d86d-ca62-4c57-8d93-13cd12e4ce54;23.05.2026 13:40;api;chat/completions;deepseek/deepseek-v4-flash;DeepSeek;246;742
cb08db85-c7bf-40c0-b943-7b65606be27b;23.05.2026 13:40;api;chat/completions;deepseek/deepseek-v4-flash;DeepSeek;387;961
f623f195-bd63-4d0a-92dc-6d6db9bd8e44;23.05.2026 13:40;api;chat/completions;deepseek/deepseek-v4-flash;DeepSeek;2716;98
bd007fcc-09e9-4453-988b-4b0c3ef7fda1;23.05.2026 13:40;api;chat/completions;deepseek/deepseek-v4-flash;DeepSeek;241;1232
fab9ad97-736b-4ad4-b7b2-a03d79d6f857;23.05.2026 13:40;api;chat/completions;deepseek/deepseek-v4-flash;DeepSeek;1784;254
a6d12a47-9c40-459a-9c2e-cd6b14d6aef9;23.05.2026 13:40;api;chat/completions;deepseek/deepseek-v4-flash;DeepSeek;253;414
f0a6728b-f011-46f4-9263-875f4fae6525;23.05.2026 13:40;api;chat/completions;deepseek/deepseek-v4-flash;DeepSeek;2702;3049
510c253f-3c96-4869-a4de-fd8d09aff5a7;23.05.2026 13:40;api;chat/completions;deepseek/deepseek-v4-flash;DeepSeek;389;1090
f32fe935-d5ab-442c-8569-394147013a18;23.05.2026 13:39;api;chat/completions;deepseek/deepseek-v4-flash;DeepSeek;1182;2876
d3183a17-97c2-429d-95b6-f88d1c1bd491;23.05.2026 13:39;api;chat/completions;deepseek/deepseek-v4-flash;DeepSeek;771;107
3410b88d-39f1-4d99-b6cc-465db0801324;23.05.2026 13:39;api;chat/completions;deepseek/deepseek-v4-flash;DeepSeek;2425;1485
68321d5c-5e3a-48c6-95db-f7f921c6757d;23.05.2026 13:39;api;chat/completions;deepseek/deepseek-v4-flash;DeepSeek;1378;216
f69a7980-8fea-45b4-ae94-13bb50c471cf;23.05.2026 13:39;api;chat/completions;deepseek/deepseek-v4-flash;DeepSeek;1435;763
8461d961-62b3-485a-9e3d-f213af7b8c4c;23.05.2026 13:39;api;chat/completions;deepseek/deepseek-v4-flash;DeepSeek;4314;454
1c62d86c-00cb-4953-a1fd-3fb2ed9cdc69;23.05.2026 13:39;api;chat/completions;deepseek/deepseek-v4-flash;DeepSeek;3227;5062
506d456c-e5ce-446d-878a-739a3241ee72;23.05.2026 13:39;api;chat/completions;deepseek/deepseek-v4-flash;DeepSeek;1136;2330
4b94ddae-5ae0-470c-86d9-13820137dcd2;23.05.2026 13:39;api;chat/completions;deepseek/deepseek-v4-flash;DeepSeek;3574;4508
61bc889e-95c3-4992-bada-ed03404b0846;23.05.2026 13:39;api;chat/completions;deepseek/deepseek-v4-flash;DeepSeek;1265;864
7941a2d0-0940-4538-8205-f64463430057;23.05.2026 13:38;api;chat/completions;deepseek/deepseek-v4-flash;DeepSeek;3290;2652
aee9fc7f-9ec3-44ec-9cc3-a0c85db114a9;23.05.2026 13:38;api;chat/completions;deepseek/deepseek-v4-flash;DeepSeek;2666;513
bc4cc92e-689c-43cf-8b19-15010c255bf9;23.05.2026 13:38;api;chat/completions;deepseek/deepseek-v4-flash;DeepSeek;2609;4686
0a26338f-a3a6-45fa-8583-f098131036ea;23.05.2026 13:38;api;chat/completions;deepseek/deepseek-v4-flash;DeepSeek;2572;922
0cd38442-3ede-4682-8d2e-db2950e87cbc;23.05.2026 13:38;api;chat/completions;deepseek/deepseek-v4-flash;DeepSeek;1445;2520
a1d0b819-9f3c-4b74-8eaa-d0912b0685df;23.05.2026 13:37;api;chat/completions;deepseek/deepseek-v4-flash;DeepSeek;1219;2945
dc72c5e8-8df6-4367-8a56-2897cda1172a;23.05.2026 13:37;api;chat/completions;deepseek/deepseek-v4-flash;DeepSeek;1585;1686
ebd5c181-1e55-4f32-9fed-066d3a4e8eeb;23.05.2026 13:37;api;chat/completions;deepseek/deepseek-v4-flash;DeepSeek;1918;1324
e3b7413d-c72a-4c45-9b24-f8519e44741b;23.05.2026 13:37;api;chat/completions;deepseek/deepseek-v4-flash;DeepSeek;3308;326
88e1d993-2a03-4445-9fde-acd23231ba62;23.05.2026 13:37;api;chat/completions;deepseek/deepseek-v4-flash;DeepSeek;3042;260
733878a8-0f40-4b6b-8bcb-3568441804a3;23.05.2026 13:37;api;chat/completions;deepseek/deepseek-v4-flash;DeepSeek;4021;312
dd66a3bb-c899-459e-a979-dc46f68572eb;23.05.2026 13:37;api;chat/completions;deepseek/deepseek-v4-flash;DeepSeek;4068;153
67ef7e6f-c1f8-4f40-90fc-071494a6bbfc;23.05.2026 13:37;api;chat/completions;deepseek/deepseek-v4-flash;DeepSeek;983;660
ef438583-307e-4b47-843a-b1492e47a2ab;23.05.2026 13:37;api;chat/completions;deepseek/deepseek-v4-flash;DeepSeek;2293;981
76d89388-e1fb-4769-b829-44bf4e11811c;23.05.2026 13:37;api;chat/completions;deepseek/deepseek-v4-flash;DeepSeek;3550;246
c4614904-fa55-4d19-a8b1-704fd0d4f005;23.05.2026 13:37;api;chat/completions;deepseek/deepseek-v4-flash;DeepSeek;8138;181
ee223ae4-6a5c-4a32-9e49-66b5654994be;23.05.2026 13:37;api;chat/completions;deepseek/deepseek-v4-flash;DeepSeek;7829;279
9acefc74-5513-4731-a1bd-5c9ca7daec40;23.05.2026 13:37;api;chat/completions;deepseek/deepseek-v4-flash;DeepSeek;2952;3677
b339a2f4-2b70-4c88-9f28-ecaec2a1afdf;23.05.2026 13:37;api;chat/completions;deepseek/deepseek-v4-flash;DeepSeek;881;864
d8c62de2-a391-4c5d-8e2e-76c558b26b8d;23.05.2026 13:37;api;chat/completions;deepseek/deepseek-v4-flash;DeepSeek;2786;103
8b702a4d-2030-43ba-b047-e3025ccb0c01;23.05.2026 13:36;api;chat/completions;deepseek/deepseek-v4-flash;DeepSeek;2062;99
b50033b9-ab87-41f6-a2bd-91aa58fcd345;23.05.2026 13:36;api;chat/completions;deepseek/deepseek-v4-flash;DeepSeek;2327;536
7cb4af9a-bca7-45d2-84d1-b05813fec965;23.05.2026 13:36;api;chat/completions;deepseek/deepseek-v4-flash;DeepSeek;1910;665
74fb5b07-c1a3-441d-bf1d-fded956434b2;23.05.2026 13:36;api;chat/completions;deepseek/deepseek-v4-flash;DeepSeek;1999;472
92c4aa1f-24c5-4fc5-b593-7eb76f3d556c;23.05.2026 13:36;api;chat/completions;deepseek/deepseek-v4-flash;DeepSeek;1574;476
3022790f-0ef1-44e7-9558-b5c0d0a2d890;23.05.2026 13:36;api;chat/completions;deepseek/deepseek-v4-flash;DeepSeek;1399;105
9340be3c-58dd-47d4-be8f-c86295ce7dc0;23.05.2026 13:36;api;chat/completions;deepseek/deepseek-v4-flash;DeepSeek;767;101
0645cdbf-66dc-4b3b-a6e0-d52ca48ba85b;23.05.2026 13:36;api;chat/completions;deepseek/deepseek-v4-flash;DeepSeek;1398;318
b4dc6c9e-92a6-4da4-a456-27fe1f658aec;23.05.2026 13:36;api;chat/completions;deepseek/deepseek-v4-flash;DeepSeek;893;1112
f278b460-39a0-40bf-98ae-ca7547ee70d8;23.05.2026 13:36;api;chat/completions;deepseek/deepseek-v4-flash;DeepSeek;4902;111
1431fcec-7918-4c23-8ffe-0d7bb9515799;23.05.2026 13:36;api;chat/completions;deepseek/deepseek-v4-flash;DeepSeek;1139;2628
032cd8b8-35b5-4576-b38a-5e0764e31ef5;23.05.2026 13:36;api;chat/completions;deepseek/deepseek-v4-flash;DeepSeek;1067;1048
9a64c128-a3b7-4944-b5be-7eb4759088bf;23.05.2026 13:36;api;chat/completions;deepseek/deepseek-v4-flash;DeepSeek;6227;481
29e690c3-6be6-49d1-8817-2611c9071341;23.05.2026 13:36;api;chat/completions;deepseek/deepseek-v4-flash;DeepSeek;1297;612
cc27f404-0c1b-43fe-9415-0668d7ecf417;23.05.2026 13:36;api;chat/completions;deepseek/deepseek-v4-flash;DeepSeek;2171;744
f70d9f85-5202-48f5-a132-12ba888dfeee;23.05.2026 13:36;api;chat/completions;deepseek/deepseek-v4-flash;DeepSeek;3712;241
28d7b80f-22e5-45fa-838b-9012b1990880;23.05.2026 13:36;api;chat/completions;deepseek/deepseek-v4-flash;DeepSeek;4790;441
9f3fb814-9ff6-4415-8c6f-df0aba1e34c8;23.05.2026 13:36;api;chat/completions;deepseek/deepseek-v4-flash;DeepSeek;2865;109
8576f347-1b5d-4f18-ad26-47b921f1240b;23.05.2026 13:36;api;chat/completions;deepseek/deepseek-v4-flash;DeepSeek;1118;692
62f1ebde-3a36-4e11-91e5-c74db614d630;23.05.2026 13:36;api;chat/completions;deepseek/deepseek-v4-flash;DeepSeek;2059;163
b8aa0ca9-f27f-4d20-af87-3872b80fb38c;23.05.2026 13:36;api;chat/completions;deepseek/deepseek-v4-flash;DeepSeek;957;203
3e1f0e05-cca1-4deb-b872-aae133187343;23.05.2026 13:36;api;chat/completions;deepseek/deepseek-v4-flash;DeepSeek;1015;566
c8e45925-19db-4955-9e4c-d3922e2a1632;23.05.2026 13:35;api;chat/completions;deepseek/deepseek-v4-flash;DeepSeek;5583;522
fc717e68-9237-4c8c-8c68-e96ecc7769da;23.05.2026 13:35;api;chat/completions;deepseek/deepseek-v4-flash;DeepSeek;786;110
f391b583-8fd8-4c71-bfe7-56eb4762c682;23.05.2026 13:35;api;chat/completions;deepseek/deepseek-v4-flash;DeepSeek;2152;104
bfcadd84-7753-4dce-8073-f69b04736968;23.05.2026 13:35;api;chat/completions;deepseek/deepseek-v4-flash;DeepSeek;817;479
1195c1bf-ebeb-4abf-b6d1-8cdea8e5fbdb;23.05.2026 13:35;api;chat/completions;deepseek/deepseek-v4-flash;DeepSeek;5204;398
f10c7af5-7ada-4665-a5bf-cd4c13463557;23.05.2026 13:35;api;chat/completions;deepseek/deepseek-v4-flash;DeepSeek;610;278
393c16fe-afd8-4084-b5e5-af87e5282190;23.05.2026 13:35;api;chat/completions;deepseek/deepseek-v4-flash;DeepSeek;6495;130
bc1de303-d732-46f7-987d-18e2fa80eb59;23.05.2026 13:35;api;chat/completions;deepseek/deepseek-v4-flash;DeepSeek;1372;324
a700e1ea-a685-496a-b9a5-e290eed9b845;23.05.2026 13:35;api;chat/completions;deepseek/deepseek-v4-flash;DeepSeek;1775;766
2cc8181e-c533-455d-ab28-8a339e5cfe24;23.05.2026 13:35;api;chat/completions;deepseek/deepseek-v4-flash;DeepSeek;1368;176
066bca86-2f65-487d-a725-13821d85dc6c;23.05.2026 13:35;api;chat/completions;deepseek/deepseek-v4-flash;DeepSeek;208;657
7317a124-e5de-4310-ac04-4663d31d6311;23.05.2026 13:35;api;chat/completions;deepseek/deepseek-v4-flash;DeepSeek;1425;92
1a20cf4d-dc7f-4ffe-bf1f-2e00df225470;23.05.2026 13:35;api;chat/completions;deepseek/deepseek-v4-flash;DeepSeek;2744;293
6cb8461f-e61c-444d-bc81-cb23aa25edff;23.05.2026 13:35;api;chat/completions;deepseek/deepseek-v4-flash;DeepSeek;761;787
f02fe340-9659-4edc-ab78-6247467814ff;23.05.2026 13:35;api;chat/completions;deepseek/deepseek-v4-flash;DeepSeek;792;117
01d05f9b-5bd4-4142-9c1e-c2ca5035c490;23.05.2026 13:35;api;chat/completions;deepseek/deepseek-v4-flash;DeepSeek;1376;214
797a999e-1019-463f-9531-c8db491bacea;23.05.2026 13:35;api;chat/completions;deepseek/deepseek-v4-flash;DeepSeek;1083;1878
0c909a52-54ea-4c91-933a-5c0f6bb286b8;23.05.2026 13:35;api;chat/completions;deepseek/deepseek-v4-flash;DeepSeek;3614;180
36d0aeb2-4ca1-4e0d-924a-a50efdcb690d;23.05.2026 13:35;api;chat/completions;deepseek/deepseek-v4-flash;DeepSeek;855;512
b2e7ecd3-d281-49fe-bbba-4cb0ab890fce;23.05.2026 13:35;api;chat/completions;deepseek/deepseek-v4-flash;DeepSeek;2500;544
9546928d-5e13-4ac7-a9b0-f6321d9faca7;23.05.2026 13:35;api;chat/completions;deepseek/deepseek-v4-flash;DeepSeek;3581;700
18a2adeb-5b8b-48f6-940c-49bc7a5e1f8c;23.05.2026 13:35;api;chat/completions;deepseek/deepseek-v4-flash;DeepSeek;5371;293
d6375d5a-550e-4306-bea5-1c7964859645;23.05.2026 13:35;api;chat/completions;deepseek/deepseek-v4-flash;DeepSeek;1383;629
b6cfd16d-e42e-42d6-9dbb-99eccc252a24;23.05.2026 13:35;api;chat/completions;deepseek/deepseek-v4-flash;DeepSeek;1312;666
be072cb5-607c-4ece-a15f-c8e0a5bc0a25;23.05.2026 13:35;api;chat/completions;deepseek/deepseek-v4-flash;DeepSeek;2100;310
bc3e96ff-1b50-4f2e-bfd6-ba1b42894d8b;23.05.2026 13:35;api;chat/completions;deepseek/deepseek-v4-flash;DeepSeek;3215;575
ce3841e9-8f53-41d1-a60c-f0afe68fa846;23.05.2026 13:35;api;chat/completions;deepseek/deepseek-v4-flash;DeepSeek;1941;254
f0a042fe-74ea-4dcd-af50-e2b904b0d01b;23.05.2026 13:35;api;chat/completions;deepseek/deepseek-v4-flash;DeepSeek;895;628
94965a2f-b6dc-49da-9645-ddc80e79e4fb;23.05.2026 13:35;api;chat/completions;deepseek/deepseek-v4-flash;DeepSeek;1459;193
14af27c6-f4b0-4904-b91f-38ec0189283f;23.05.2026 13:35;api;chat/completions;deepseek/deepseek-v4-flash;DeepSeek;1182;91
27bcad92-2046-4bc0-8189-e7ce0ff05ce7;23.05.2026 13:35;api;chat/completions;deepseek/deepseek-v4-flash;DeepSeek;2774;374
1e8b52a8-160b-4d2a-9123-cf0c2ccf4e88;23.05.2026 13:35;api;chat/completions;deepseek/deepseek-v4-flash;DeepSeek;2400;344
a61a61bb-0c43-4bf6-b62c-7eeeef31ff71;23.05.2026 13:35;api;chat/completions;deepseek/deepseek-v4-flash;DeepSeek;1951;217
52e6e687-9b15-4cb8-a100-3c7de7a81946;23.05.2026 13:35;api;chat/completions;deepseek/deepseek-v4-flash;DeepSeek;3888;104
6fc1222f-c43b-40c8-b7b3-dfb96d198343;23.05.2026 13:35;api;chat/completions;deepseek/deepseek-v4-flash;DeepSeek;1606;108
0763c91a-6761-4beb-9581-7300d445c148;23.05.2026 13:35;api;chat/completions;deepseek/deepseek-v4-flash;DeepSeek;1422;276
cf358ac8-cf4b-41a0-83b5-540af1a8e1b8;23.05.2026 13:34;api;chat/completions;deepseek/deepseek-v4-flash;DeepSeek;771;106
0fb7cd7b-a112-4d9b-a79f-3916f2ece5b4;23.05.2026 13:34;api;chat/completions;deepseek/deepseek-v4-flash;DeepSeek;1145;159
3c1a3115-21d6-4585-8f31-0213fc28f721;23.05.2026 13:34;api;chat/completions;deepseek/deepseek-v4-flash;DeepSeek;4013;286
cb5090de-3b31-4422-a671-bb80017a99b2;23.05.2026 13:34;api;chat/completions;deepseek/deepseek-v4-flash;DeepSeek;1800;1025
cb4438bc-2d25-42b4-ae24-eced6f64d0f0;23.05.2026 13:34;api;chat/completions;deepseek/deepseek-v4-flash;DeepSeek;935;374
5f63b46e-561e-4e60-a05d-f7c56f9ce7b9;23.05.2026 13:34;api;chat/completions;deepseek/deepseek-v4-flash;DeepSeek;3240;273
4c4c11fd-a003-4e8f-861c-ef960f67fd8b;23.05.2026 13:34;api;chat/completions;deepseek/deepseek-v4-flash;DeepSeek;2903;367
e86104a4-bf25-4bd2-93b5-f4dd3362cf40;23.05.2026 13:34;api;chat/completions;deepseek/deepseek-v4-flash;DeepSeek;3384;100
3a35f10d-db6b-4637-875c-b233afafd544;23.05.2026 13:34;api;chat/completions;deepseek/deepseek-v4-flash;DeepSeek;723;157
14489607-d645-4e4b-8607-8555777fe135;23.05.2026 13:34;api;chat/completions;deepseek/deepseek-v4-flash;DeepSeek;588;190
1ccc104d-5a55-48d3-9bb5-5e88743c93b1;23.05.2026 13:34;api;chat/completions;deepseek/deepseek-v4-flash;DeepSeek;1263;179
f90e791a-3e64-4dbd-b559-02c83e9ff8b5;23.05.2026 13:34;api;chat/completions;deepseek/deepseek-v4-flash;DeepSeek;1260;242
db4c10a8-e84f-4f41-9719-8dace8c089c3;23.05.2026 13:34;api;chat/completions;deepseek/deepseek-v4-flash;DeepSeek;241;398
047f6851-7516-4949-9a37-755c8862c8da;23.05.2026 13:34;api;chat/completions;deepseek/deepseek-v4-flash;DeepSeek;2083;112
dab42f5c-0257-41c1-ab7c-702f6a967418;23.05.2026 13:34;api;chat/completions;deepseek/deepseek-v4-flash;DeepSeek;239;417
25a7e454-5506-469b-8e0e-0c1e6dfc2c90;23.05.2026 13:34;api;chat/completions;deepseek/deepseek-v4-flash;DeepSeek;2229;105
3c90d1e8-e5a4-4a22-92e0-582ffd89ba21;23.05.2026 13:34;api;chat/completions;deepseek/deepseek-v4-flash;DeepSeek;809;115
e9c65f96-efbb-4909-8cd1-5e7357742ddc;23.05.2026 13:34;api;chat/completions;deepseek/deepseek-v4-flash;DeepSeek;244;379
d2ddfcec-cf23-4125-909c-d315d749ff40;23.05.2026 13:34;api;chat/completions;deepseek/deepseek-v4-flash;DeepSeek;1640;502
18b4a732-d7da-440d-bb4b-ed9cced396e0;23.05.2026 13:34;api;chat/completions;deepseek/deepseek-v4-flash;DeepSeek;783;487
4470c072-b9f9-4ad6-a4bb-c49964ce4d92;23.05.2026 13:34;api;chat/completions;deepseek/deepseek-v4-flash;DeepSeek;621;181
462f2374-2063-44d7-858d-15876ff58538;23.05.2026 13:34;api;chat/completions;deepseek/deepseek-v4-flash;DeepSeek;241;458
40b797a1-a18e-4d9f-a1da-4f977fdb1591;23.05.2026 13:34;api;chat/completions;deepseek/deepseek-v4-flash;DeepSeek;1396;226
224fb73c-7b98-4416-9aae-2656c9175c38;23.05.2026 13:34;api;chat/completions;deepseek/deepseek-v4-flash;DeepSeek;1397;205
1aa0612a-11a1-4c05-9590-9c3cb631530c;23.05.2026 13:34;api;chat/completions;deepseek/deepseek-v4-flash;DeepSeek;387;845
402149be-6172-4e6b-898c-885258244509;23.05.2026 13:34;api;chat/completions;deepseek/deepseek-v4-flash;DeepSeek;4180;753
291cf6b3-5178-477b-9bfc-babc3e870a2c;23.05.2026 13:34;api;chat/completions;deepseek/deepseek-v4-flash;DeepSeek;4043;136
2bccb5cb-2728-4451-bb74-3228ab0c140a;23.05.2026 13:34;api;chat/completions;deepseek/deepseek-v4-flash;DeepSeek;1512;94
ba3eeb8f-1e2c-43bc-a610-acd99118fcb2;23.05.2026 13:33;api;chat/completions;deepseek/deepseek-v4-flash;DeepSeek;797;121
09827a54-ed20-4210-b912-0816016cbd6d;23.05.2026 13:33;api;chat/completions;deepseek/deepseek-v4-flash;DeepSeek;3660;478
3e4656ac-749f-4751-93e0-8bf88b9bc042;23.05.2026 13:33;api;chat/completions;deepseek/deepseek-v4-flash;DeepSeek;3308;64
63a434c3-9f8e-40df-afda-75ba7acbfd1f;23.05.2026 13:33;api;chat/completions;deepseek/deepseek-v4-flash;DeepSeek;3065;441
5154cdd6-5cfe-4081-b288-286f587d4222;23.05.2026 13:33;api;chat/completions;deepseek/deepseek-v4-flash;DeepSeek;1908;256
715de3de-6650-4d47-a39a-34f93f65fbbf;23.05.2026 13:33;api;chat/completions;deepseek/deepseek-v4-flash;DeepSeek;1350;623
ee204972-b51f-45a9-88b7-f14e2cd87623;23.05.2026 13:33;api;chat/completions;deepseek/deepseek-v4-flash;DeepSeek;3857;348
72c15ec7-ba1b-4bdd-8952-0bb219f28701;23.05.2026 13:33;api;chat/completions;deepseek/deepseek-v4-flash;DeepSeek;1445;236
eca71066-542f-481d-afaa-fb1a37324675;23.05.2026 13:33;api;chat/completions;deepseek/deepseek-v4-flash;DeepSeek;8830;112
a80dd010-9a5a-446e-9b1c-ac8362346935;23.05.2026 13:33;api;chat/completions;deepseek/deepseek-v4-flash;DeepSeek;1184;150
d26bb784-f76f-46d0-81a9-23610dc4369d;23.05.2026 13:33;api;chat/completions;deepseek/deepseek-v4-flash;DeepSeek;7539;106
bdcd5b9b-25eb-428e-9788-897ba9c2771f;23.05.2026 13:33;api;chat/completions;deepseek/deepseek-v4-flash;DeepSeek;2917;3601
90b1aa59-d5f9-4377-9c0b-fb5860571fab;23.05.2026 13:33;api;chat/completions;deepseek/deepseek-v4-flash;DeepSeek;885;646
6e038582-2d78-44ad-aff1-ca00b1ca0ab7;23.05.2026 13:33;api;chat/completions;deepseek/deepseek-v4-flash;DeepSeek;1197;394
1e1d2eec-3518-4f83-a5b1-95119563066d;23.05.2026 13:33;api;chat/completions;deepseek/deepseek-v4-flash;DeepSeek;5081;613
8cf60db4-515f-4724-8a74-c98b793caa0f;23.05.2026 13:33;api;chat/completions;deepseek/deepseek-v4-flash;DeepSeek;1043;865
4433d4dd-44a3-45e6-8806-3e40a5bf277c;23.05.2026 13:33;api;chat/completions;deepseek/deepseek-v4-flash;DeepSeek;1039;895
5595882c-ab38-44a7-aa93-8954e820f5a6;23.05.2026 13:33;api;chat/completions;deepseek/deepseek-v4-flash;DeepSeek;6110;429
427638a6-f129-4506-848d-dff5a586b510;23.05.2026 13:32;api;chat/completions;deepseek/deepseek-v4-flash;DeepSeek;3550;107
36819c11-51e4-4831-9fa5-1728ed4d84bc;23.05.2026 13:32;api;chat/completions;deepseek/deepseek-v4-flash;DeepSeek;2115;100
fda6bd37-7320-4f82-905f-65fcb775c984;23.05.2026 13:32;api;chat/completions;deepseek/deepseek-v4-flash;DeepSeek;2422;3961
c6f605dc-276a-417d-8575-27074e0bb1c6;23.05.2026 13:32;api;chat/completions;deepseek/deepseek-v4-flash;DeepSeek;788;114
b3531bbe-8f0d-4310-b1e1-8da491d2f5b1;23.05.2026 13:32;api;chat/completions;deepseek/deepseek-v4-flash;DeepSeek;772;248
4bb29bd5-151a-4557-abf3-bed653a18ad2;23.05.2026 13:32;api;chat/completions;deepseek/deepseek-v4-flash;DeepSeek;613;262
f4484906-bc0d-4972-927c-264af6932daa;23.05.2026 13:32;api;chat/completions;deepseek/deepseek-v4-flash;DeepSeek;1270;159
0fa535e5-2770-40f9-9c8a-4f1a8fc3e8e0;23.05.2026 13:32;api;chat/completions;deepseek/deepseek-v4-flash;DeepSeek;1186;2004
050f2f8f-1c08-4153-81b4-b884a95c44cf;23.05.2026 13:32;api;chat/completions;deepseek/deepseek-v4-flash;DeepSeek;1266;223
de222122-8d7e-4fde-8f6b-997dc48ab4f4;23.05.2026 13:32;api;chat/completions;deepseek/deepseek-v4-flash;DeepSeek;1269;204
11f3a06b-ae8d-4cb5-b09a-c4cc84d40c00;23.05.2026 13:32;api;chat/completions;deepseek/deepseek-v4-flash;DeepSeek;250;398
f406b4c3-f36f-46b7-8443-6711f2f10f5c;23.05.2026 13:32;api;chat/completions;deepseek/deepseek-v4-flash;DeepSeek;1301;868
56b416e0-6d88-45f0-8323-680ea13e4b09;23.05.2026 13:32;api;chat/completions;deepseek/deepseek-v4-flash;DeepSeek;251;488
ad873d3a-cbbd-43a3-b180-a2e8160d0850;23.05.2026 13:31;api;chat/completions;deepseek/deepseek-v4-flash;DeepSeek;5282;846
593b9ccb-8c29-4201-bf54-2754f468792e;23.05.2026 13:31;api;chat/completions;deepseek/deepseek-v4-flash;DeepSeek;247;634
32072853-bf3f-4b05-b348-399854d0de1f;23.05.2026 13:31;api;chat/completions;deepseek/deepseek-v4-flash;DeepSeek;250;373
1caf6511-b775-44d8-9536-3096a14eb8c4;23.05.2026 13:31;api;chat/completions;deepseek/deepseek-v4-flash;DeepSeek;387;1138
93cb5573-9513-446f-a776-e4315d67b3ed;23.05.2026 13:31;api;chat/completions;deepseek/deepseek-v4-flash;DeepSeek;3669;239
1d209d12-1c7b-40e8-9c8d-a3b163e6bfc3;23.05.2026 13:31;api;chat/completions;deepseek/deepseek-v4-flash;DeepSeek;5325;480
9230cf29-da7b-4ac5-aa3c-93b3693a357f;23.05.2026 13:31;api;chat/completions;deepseek/deepseek-v4-flash;DeepSeek;3420;230
e80f06cf-b5af-402c-a3ce-9b909af4fa28;23.05.2026 13:31;api;chat/completions;deepseek/deepseek-v4-flash;DeepSeek;3279;189
2dfb36e4-53c5-4686-8a83-367263a8ddd8;23.05.2026 13:31;api;chat/completions;deepseek/deepseek-v4-flash;DeepSeek;4388;496
d0c14d95-83f6-4e52-82ff-61d7ce3337a3;23.05.2026 13:31;api;chat/completions;deepseek/deepseek-v4-flash;DeepSeek;3121;293
a09635c3-d156-48e6-a78e-ce5c6702e12d;23.05.2026 13:31;api;chat/completions;deepseek/deepseek-v4-flash;DeepSeek;2624;2094
c938146e-ea0b-4ce2-879d-ddaf83a1e45e;23.05.2026 13:31;api;chat/completions;deepseek/deepseek-v4-flash;DeepSeek;2346;190
d8952ed6-5ec2-4312-990a-2941a831383b;23.05.2026 13:31;api;chat/completions;deepseek/deepseek-v4-flash;DeepSeek;4915;359
97979b1b-971e-43c8-91be-8e4df2b236f5;23.05.2026 13:31;api;chat/completions;deepseek/deepseek-v4-flash;DeepSeek;1424;280
e04ec9a3-ed06-4c1f-b63d-6d29895665ab;23.05.2026 13:31;api;chat/completions;deepseek/deepseek-v4-flash;DeepSeek;1147;121
9f32c99c-01cb-4a2d-8620-27f5d8e83306;23.05.2026 13:31;api;chat/completions;deepseek/deepseek-v4-flash;DeepSeek;4767;635
44ceb7fc-9ad7-4baa-8acb-2f820de1927e;23.05.2026 13:31;api;chat/completions;deepseek/deepseek-v4-flash;DeepSeek;4269;323
4a0a6f46-8646-4444-a44c-e4cd6277cb21;23.05.2026 13:31;api;chat/completions;deepseek/deepseek-v4-flash;DeepSeek;4497;649
d5d2e463-e477-4f36-9786-6c65e202673a;23.05.2026 13:31;api;chat/completions;deepseek/deepseek-v4-flash;DeepSeek;2535;2102
ba394964-62be-4aba-be0f-204335703925;23.05.2026 13:31;api;chat/completions;deepseek/deepseek-v4-flash;DeepSeek;4124;1642
24588fc2-ac05-45ff-b823-2f2409a990c4;23.05.2026 13:31;api;chat/completions;deepseek/deepseek-v4-flash;DeepSeek;3963;479
c6e0876e-5f5b-4d18-86c3-91c6ca6dfcda;23.05.2026 13:31;api;chat/completions;deepseek/deepseek-v4-flash;DeepSeek;6247;359
1e0816af-d5ac-442d-9762-42036cfd2b8d;23.05.2026 13:30;api;chat/completions;deepseek/deepseek-v4-flash;DeepSeek;3702;280
d6d42135-0cdc-4a14-8b6a-b85a884da576;23.05.2026 13:30;api;chat/completions;deepseek/deepseek-v4-flash;DeepSeek;4805;170
7414f17c-ae4d-40d5-ad93-c6a3516c0481;23.05.2026 13:30;api;chat/completions;deepseek/deepseek-v4-flash;DeepSeek;2108;1233
7cf45850-7ae0-41db-a955-8d1d775500d5;23.05.2026 13:30;api;chat/completions;deepseek/deepseek-v4-flash;DeepSeek;1983;2477
346738eb-fbc2-4783-984a-c02c78249197;23.05.2026 13:30;api;chat/completions;deepseek/deepseek-v4-flash;DeepSeek;858;871
160c0690-dac1-4ede-b7ed-512e6467959b;23.05.2026 13:30;api;chat/completions;deepseek/deepseek-v4-flash;DeepSeek;1204;1195
e5274a54-c411-45f9-9d78-8150008dc15d;23.05.2026 13:30;api;chat/completions;deepseek/deepseek-v4-flash;DeepSeek;3037;419
e036b1ee-3baa-4bb7-8138-41b575b1ef8c;23.05.2026 13:30;api;chat/completions;deepseek/deepseek-v4-flash;DeepSeek;1036;3593
9a94e539-2ee9-4797-832c-6c4943583215;23.05.2026 13:30;api;chat/completions;deepseek/deepseek-v4-flash;DeepSeek;2270;113
db5b0d3e-91aa-450f-8e69-1f703bab7998;23.05.2026 13:30;api;chat/completions;deepseek/deepseek-v4-flash;DeepSeek;1605;1053
8c409acf-f406-40fe-bd6c-d54768ac4fc3;23.05.2026 13:29;api;chat/completions;deepseek/deepseek-v4-flash;DeepSeek;1466;103
de910f6a-c276-48b8-9476-7bdf4ce5999a;23.05.2026 13:29;api;chat/completions;deepseek/deepseek-v4-flash;DeepSeek;3731;253
4915ec0c-a452-4f2b-8061-d7464137c0c1;23.05.2026 13:29;api;chat/completions;deepseek/deepseek-v4-flash;DeepSeek;785;108
d0148548-000a-41e6-921f-0bc7ebaee769;23.05.2026 13:29;api;chat/completions;deepseek/deepseek-v4-flash;DeepSeek;2854;235
5bc375f2-c05e-45c1-adfd-97bbf0db4d30;23.05.2026 13:29;api;chat/completions;deepseek/deepseek-v4-flash;DeepSeek;840;370
4ee20cad-7e13-47c1-90ed-3b3059dbbbe5;23.05.2026 13:29;api;chat/completions;deepseek/deepseek-v4-flash;DeepSeek;2614;240
6d2d2aff-f5dc-4f0a-9600-a86bdb921478;23.05.2026 13:29;api;chat/completions;deepseek/deepseek-v4-flash;DeepSeek;680;168
3a977278-b485-4532-a20a-e1ddeeeeb41f;23.05.2026 13:29;api;chat/completions;deepseek/deepseek-v4-flash;DeepSeek;2357;248
44a2cd60-41ab-4bab-97e3-3af86e69e35e;23.05.2026 13:29;api;chat/completions;deepseek/deepseek-v4-flash;DeepSeek;2236;141
40f7f3fe-f4a1-467f-8b8f-4583b05c01b3;23.05.2026 13:29;api;chat/completions;deepseek/deepseek-v4-flash;DeepSeek;1382;259
dc4d1af4-0517-4547-aac3-dbfb99a63257;23.05.2026 13:29;api;chat/completions;deepseek/deepseek-v4-flash;DeepSeek;2012;155
7c7c731a-7130-4b6e-a895-8d562bd01b09;23.05.2026 13:29;api;chat/completions;deepseek/deepseek-v4-flash;DeepSeek;1378;185
f8280ab5-2e3a-4c13-8f1c-0779fa27edf5;23.05.2026 13:29;api;chat/completions;deepseek/deepseek-v4-flash;DeepSeek;1399;254
4f214483-1f7a-4c7c-89e6-a79293356855;23.05.2026 13:29;api;chat/completions;deepseek/deepseek-v4-flash;DeepSeek;1138;105
ffdb9310-45cd-48a9-8279-7ebfb15130b1;23.05.2026 13:29;api;chat/completions;deepseek/deepseek-v4-flash;DeepSeek;2785;1211
2885faf0-b42e-479e-afe9-983658d09ca2;23.05.2026 13:29;api;chat/completions;deepseek/deepseek-v4-flash;DeepSeek;3773;655
d392f4a7-c7bf-407c-99ed-221d699a5277;23.05.2026 13:29;api;chat/completions;deepseek/deepseek-v4-flash;DeepSeek;3980;313
1c190596-a34e-4563-862a-77c7c826ee5e;23.05.2026 13:29;api;chat/completions;deepseek/deepseek-v4-flash;DeepSeek;2451;1635
bf005156-30ea-497f-bfa7-09a07a32004d;23.05.2026 13:29;api;chat/completions;deepseek/deepseek-v4-flash;DeepSeek;5425;298
dec8917a-5744-4688-9f18-cd31304d2402;23.05.2026 13:28;api;chat/completions;deepseek/deepseek-v4-flash;DeepSeek;8546;164
ade6fc97-9def-4884-bc36-b6ff6fd0c6c7;23.05.2026 13:28;api;chat/completions;deepseek/deepseek-v4-flash;DeepSeek;3060;662
ee7c0905-2977-4700-bb33-7ce46b3d6c89;23.05.2026 13:28;api;chat/completions;deepseek/deepseek-v4-flash;DeepSeek;4965;478
49f36414-aa9c-4a0a-a8ca-4e229e794f34;23.05.2026 13:28;api;chat/completions;deepseek/deepseek-v4-flash;DeepSeek;3973;191
6653e0b9-46fb-49e7-bede-75596d3dd270;23.05.2026 13:28;api;chat/completions;deepseek/deepseek-v4-flash;DeepSeek;2272;449
2a6d011e-82e7-46bd-ac2c-bad495bbbe7a;23.05.2026 13:28;api;chat/completions;deepseek/deepseek-v4-flash;DeepSeek;3604;334
2337a639-364c-41dc-af77-cfa12578dda0;23.05.2026 13:28;api;chat/completions;deepseek/deepseek-v4-flash;DeepSeek;4765;906
61de8e23-0abc-4ca8-8cf3-b674e6d10039;23.05.2026 13:28;api;chat/completions;deepseek/deepseek-v4-flash;DeepSeek;7105;240
91994124-0c45-4b52-9a19-a56657aab16e;23.05.2026 13:28;api;chat/completions;deepseek/deepseek-v4-flash;DeepSeek;3219;718
031db546-f3ca-461e-97fb-460bca836e98;23.05.2026 13:28;api;chat/completions;deepseek/deepseek-v4-flash;DeepSeek;5054;228
147c5053-eb83-4815-bdc3-edc02b28ab54;23.05.2026 13:28;api;chat/completions;deepseek/deepseek-v4-flash;DeepSeek;3283;1593
3597e974-b775-442f-b574-2ef4dd37563d;23.05.2026 13:28;api;chat/completions;deepseek/deepseek-v4-flash;DeepSeek;1664;170
e660f790-e8d5-4b5c-9ef6-54e262f47949;23.05.2026 13:28;api;chat/completions;deepseek/deepseek-v4-flash;DeepSeek;784;103
2368721f-74cb-44b7-b88f-15ce2f8c8ef8;23.05.2026 13:28;api;chat/completions;deepseek/deepseek-v4-flash;DeepSeek;4643;283
e430bca1-a318-4678-b2f9-5ce2870932bd;23.05.2026 13:28;api;chat/completions;deepseek/deepseek-v4-flash;DeepSeek;5639;189
c7803e45-3d6e-4d56-b284-a289a92d18e3;23.05.2026 13:28;api;chat/completions;deepseek/deepseek-v4-flash;DeepSeek;2060;500
3642f306-fae9-419e-bf58-fdf20e50c223;23.05.2026 13:28;api;chat/completions;deepseek/deepseek-v4-flash;DeepSeek;1609;667
0d3675c5-96bd-4ba1-a2b8-97050374a5f1;23.05.2026 13:27;api;chat/completions;deepseek/deepseek-v4-flash;DeepSeek;2717;652
85892bec-1915-4ced-a488-c11ee319b1ff;23.05.2026 13:27;api;chat/completions;deepseek/deepseek-v4-flash;DeepSeek;4035;221
7291c01a-318f-48a6-a8f8-7e60b13fc1f1;23.05.2026 13:27;api;chat/completions;deepseek/deepseek-v4-flash;DeepSeek;3649;340
02a08675-b6b0-4992-9572-6a16e67bc940;23.05.2026 13:27;api;chat/completions;deepseek/deepseek-v4-flash;DeepSeek;3110;152
dbdf48ea-4e0f-414b-a517-59e0bdf1b71d;23.05.2026 13:27;api;chat/completions;deepseek/deepseek-v4-flash;DeepSeek;5517;244
4f94575c-7d06-4cb9-96fe-c68a9562c90f;23.05.2026 13:27;api;chat/completions;deepseek/deepseek-v4-flash;DeepSeek;4422;2158
5a246298-243e-4060-a69f-e6449c11d041;23.05.2026 13:27;api;chat/completions;deepseek/deepseek-v4-flash;DeepSeek;2065;175
5e0701d7-38e9-4c6a-966d-ae10d92a7bf4;23.05.2026 13:27;api;chat/completions;deepseek/deepseek-v4-flash;DeepSeek;5017;375
078b5e5c-c675-4b03-b966-d0d4aa9ead1e;23.05.2026 13:27;api;chat/completions;deepseek/deepseek-v4-flash;DeepSeek;7842;424
ffc3f1f6-3aa0-4ef6-80df-c3e4193618c7;23.05.2026 13:27;api;chat/completions;deepseek/deepseek-v4-flash;DeepSeek;2583;308
d3294a63-5134-453d-9e2f-82c92dd48d35;23.05.2026 13:27;api;chat/completions;deepseek/deepseek-v4-flash;DeepSeek;2746;286
0a8de4ab-9e4d-4008-a87f-59962892db33;23.05.2026 13:27;api;chat/completions;deepseek/deepseek-v4-flash;DeepSeek;432;537
0c99227e-3584-49f5-b92e-1077934e048b;23.05.2026 13:27;api;chat/completions;deepseek/deepseek-v4-flash;DeepSeek;4531;358
d0d39c60-e116-4b50-b047-c2c3b443ba88;23.05.2026 13:27;api;chat/completions;deepseek/deepseek-v4-flash;DeepSeek;3992;119
e33f453f-bc50-4ecb-b24e-30ceebb15c25;23.05.2026 13:27;api;chat/completions;deepseek/deepseek-v4-flash;DeepSeek;1864;2040
9eb47dfa-36f3-499c-9fb7-3883e6685865;23.05.2026 13:27;api;chat/completions;deepseek/deepseek-v4-flash;DeepSeek;3772;168
493b6aca-4c9d-4fe2-b7d7-722a16a74c5f;23.05.2026 13:27;api;chat/completions;deepseek/deepseek-v4-flash;DeepSeek;6294;117
52121733-c687-40b9-9f9d-8d1b0e73bf70;23.05.2026 13:27;api;chat/completions;deepseek/deepseek-v4-flash;DeepSeek;4087;454
95ec820d-480a-4d8f-83de-afc38f553c8a;23.05.2026 13:27;api;chat/completions;deepseek/deepseek-v4-flash;DeepSeek;2086;104
be8ed50f-fd74-4eed-bce8-2b9cedbe93fd;23.05.2026 13:27;api;chat/completions;deepseek/deepseek-v4-flash;DeepSeek;3606;183
84c82ae6-a2c7-4a9a-850b-10140c2f1ff4;23.05.2026 13:27;api;chat/completions;deepseek/deepseek-v4-flash;DeepSeek;4370;174
7c2717c0-da5b-46d8-83f7-e45f3d8ce613;23.05.2026 13:27;api;chat/completions;deepseek/deepseek-v4-flash;DeepSeek;4985;112
b7fcc10f-3054-4cb9-9025-7de67715d2b4;23.05.2026 13:27;api;chat/completions;deepseek/deepseek-v4-flash;DeepSeek;3684;261
2ae472b2-2d8b-4656-8772-b4859f668ae8;23.05.2026 13:27;api;chat/completions;deepseek/deepseek-v4-flash;DeepSeek;3453;432
caa6e1c3-943f-442f-b227-2b0bd79fffa7;23.05.2026 13:27;api;chat/completions;deepseek/deepseek-v4-flash;DeepSeek;3531;78
9eeee064-7c2b-4042-a8ef-c714f2e228af;23.05.2026 13:27;api;chat/completions;deepseek/deepseek-v4-flash;DeepSeek;1684;1235
e475b342-332a-4f62-abb2-a61032b7f0d3;23.05.2026 13:27;api;chat/completions;deepseek/deepseek-v4-flash;DeepSeek;3132;377
83c1e9ca-9693-4187-89aa-a3278bee1178;23.05.2026 13:27;api;chat/completions;deepseek/deepseek-v4-flash;DeepSeek;3261;683
9207cdd8-a196-4eff-a563-8e3efa63fec3;23.05.2026 13:27;api;chat/completions;deepseek/deepseek-v4-flash;DeepSeek;3208;290
79d36848-d7c5-4d78-ac84-7a8493ee16de;23.05.2026 13:27;api;chat/completions;deepseek/deepseek-v4-flash;DeepSeek;1435;101
ae6682cf-4fe5-420d-96f0-8ed2e8f21e77;23.05.2026 13:27;api;chat/completions;deepseek/deepseek-v4-flash;DeepSeek;2357;441
c560b162-6702-4eb9-8b63-0ad0575eeffc;23.05.2026 13:27;api;chat/completions;deepseek/deepseek-v4-flash;DeepSeek;3583;107
9fb434b2-eb66-4011-9a05-f85d9f6ac97c;23.05.2026 13:27;api;chat/completions;deepseek/deepseek-v4-flash;DeepSeek;3729;407
2f8e3e49-6d51-43ad-8386-7d463efa9902;23.05.2026 13:27;api;chat/completions;deepseek/deepseek-v4-flash;DeepSeek;2977;162
d81d3e7a-acce-4bf8-9e36-31bc5a3d3bde;23.05.2026 13:27;api;chat/completions;deepseek/deepseek-v4-flash;DeepSeek;1967;191
74c20ef3-09ea-431f-9767-bdb1ac168727;23.05.2026 13:27;api;chat/completions;deepseek/deepseek-v4-flash;DeepSeek;2702;369
8b595ff7-5ccc-4463-a35a-d7733eb603f6;23.05.2026 13:27;api;chat/completions;deepseek/deepseek-v4-flash;DeepSeek;2079;189
962fa339-60ec-470f-b92e-efb31b9699d3;23.05.2026 13:26;api;chat/completions;deepseek/deepseek-v4-flash;DeepSeek;1455;221
5167cd52-d7b7-4d94-870f-6ab528db35f3;23.05.2026 13:26;api;chat/completions;deepseek/deepseek-v4-flash;DeepSeek;3558;233
45dcb00a-5ca2-4875-8b1f-1bc927b31760;23.05.2026 13:26;api;chat/completions;deepseek/deepseek-v4-flash;DeepSeek;850;1796
3d586a3f-3afb-4a2f-a631-3efd728c3307;23.05.2026 13:26;api;chat/completions;deepseek/deepseek-v4-flash;DeepSeek;1419;226
10215828-7333-4569-836f-69c92b59dc65;23.05.2026 13:26;api;chat/completions;deepseek/deepseek-v4-flash;DeepSeek;2127;99
88dd495a-02ec-4a74-81f6-489e1656d0b5;23.05.2026 13:26;api;chat/completions;deepseek/deepseek-v4-flash;DeepSeek;2451;1188
752cd11a-57b9-4759-857c-e175b7c0c6e9;23.05.2026 13:26;api;chat/completions;deepseek/deepseek-v4-flash;DeepSeek;779;126
5f7cec72-d2fd-4385-90a6-7fa1c53028a7;23.05.2026 13:26;api;chat/completions;deepseek/deepseek-v4-flash;DeepSeek;1178;138
c49f39c0-c6f5-4082-9e71-8f6d55770109;23.05.2026 13:26;api;chat/completions;deepseek/deepseek-v4-flash;DeepSeek;2340;481
22dc3d22-ca2a-4068-b1a8-730d00a0d276;23.05.2026 13:26;api;chat/completions;deepseek/deepseek-v4-flash;DeepSeek;1157;126
ed615c01-ac39-4485-9e62-591056f4e893;23.05.2026 13:26;api;chat/completions;deepseek/deepseek-v4-flash;DeepSeek;779;198
ab224423-1d63-4578-a2d0-9af3f34e1b58;23.05.2026 13:26;api;chat/completions;deepseek/deepseek-v4-flash;DeepSeek;633;257
302f4a34-3334-4c22-b4f2-d4971d6eb511;23.05.2026 13:26;api;chat/completions;deepseek/deepseek-v4-flash;DeepSeek;2814;311
99d9480d-4f0d-43a1-9bbe-09c3f342f822;23.05.2026 13:26;api;chat/completions;deepseek/deepseek-v4-flash;DeepSeek;2046;106
4c08cbbd-c032-4cfc-9364-d8582f037c1b;23.05.2026 13:26;api;chat/completions;deepseek/deepseek-v4-flash;DeepSeek;1535;363
dbebd589-fed1-480d-9e9b-c9ff322cd701;23.05.2026 13:26;api;chat/completions;deepseek/deepseek-v4-flash;DeepSeek;2438;922
80b29bd3-ab1f-4869-86a4-3ca14f8c2a49;23.05.2026 13:26;api;chat/completions;deepseek/deepseek-v4-flash;DeepSeek;1401;98
e97bccd4-dad1-4bd3-a42f-0c428e595de3;23.05.2026 13:26;api;chat/completions;deepseek/deepseek-v4-flash;DeepSeek;1416;220
5694e1a2-228c-4798-8763-6f5ac5cdd6cb;23.05.2026 13:26;api;chat/completions;deepseek/deepseek-v4-flash;DeepSeek;1926;193
34598cc9-6a65-43fc-844e-009da650f8ce;23.05.2026 13:26;api;chat/completions;deepseek/deepseek-v4-flash;DeepSeek;1260;245
46436c6a-bfea-4be2-bbfe-afaec198a954;23.05.2026 13:26;api;chat/completions;deepseek/deepseek-v4-flash;DeepSeek;789;104
10c06f4d-c3a6-4418-b80f-ec0821997271;23.05.2026 13:26;api;chat/completions;deepseek/deepseek-v4-flash;DeepSeek;1205;57
83c0ae30-865b-4c78-8907-56e9d62a1ae6;23.05.2026 13:26;api;chat/completions;deepseek/deepseek-v4-flash;DeepSeek;1420;149
ab11af6a-4d1a-4ade-b147-a06e14ce154d;23.05.2026 13:26;api;chat/completions;deepseek/deepseek-v4-flash;DeepSeek;1420;369
b08a77af-5083-4662-bbcc-0346fc479f67;23.05.2026 13:26;api;chat/completions;deepseek/deepseek-v4-flash;DeepSeek;1250;206
0c6df971-934a-46f9-9499-c64fc2e89c45;23.05.2026 13:26;api;chat/completions;deepseek/deepseek-v4-flash;DeepSeek;692;2039
dc9f439f-f563-47a0-928a-2e4bbd2b43b3;23.05.2026 13:26;api;chat/completions;deepseek/deepseek-v4-flash;DeepSeek;1143;107
3f9e26c8-8676-498f-8fd1-c870e9968276;23.05.2026 13:26;api;chat/completions;deepseek/deepseek-v4-flash;DeepSeek;781;106
2c314a61-6c9f-41da-8f87-ad3dab86657f;23.05.2026 13:26;api;chat/completions;deepseek/deepseek-v4-flash;DeepSeek;1259;227
35257e04-809a-4aff-afa9-c5fda539eba9;23.05.2026 13:26;api;chat/completions;deepseek/deepseek-v4-flash;DeepSeek;1143;96
e311fb1f-d97f-4e3e-857a-21f5e3759973;23.05.2026 13:26;api;chat/completions;deepseek/deepseek-v4-flash;DeepSeek;772;127
9410a526-4c17-4246-9119-95cf2251a71e;23.05.2026 13:26;api;chat/completions;deepseek/deepseek-v4-flash;DeepSeek;1247;185
33a031bb-899c-4c76-9b86-603c60911bd6;23.05.2026 13:26;api;chat/completions;deepseek/deepseek-v4-flash;DeepSeek;253;433
1e0e0c12-1cb7-4d34-9c2a-0345c5896056;23.05.2026 13:26;api;chat/completions;deepseek/deepseek-v4-flash;DeepSeek;1262;239
e05d4a15-6e42-4e40-97e9-7d195943ad50;23.05.2026 13:26;api;chat/completions;deepseek/deepseek-v4-flash;DeepSeek;1252;269
7e659693-0f06-4779-beca-7dbbace0dfcf;23.05.2026 13:26;api;chat/completions;deepseek/deepseek-v4-flash;DeepSeek;587;168
07e89c9b-c88d-4f65-ae7d-c9fbeda585c0;23.05.2026 13:26;api;chat/completions;deepseek/deepseek-v4-flash;DeepSeek;1245;207
9148add8-5397-49f3-9b45-38113ff5eecb;23.05.2026 13:26;api;chat/completions;deepseek/deepseek-v4-flash;DeepSeek;256;456
34db8732-2100-4f0c-9308-50138d302b92;23.05.2026 13:26;api;chat/completions;deepseek/deepseek-v4-flash;DeepSeek;1251;206
64d74334-e87e-453c-bc22-a4cb77f132b5;23.05.2026 13:26;api;chat/completions;deepseek/deepseek-v4-flash;DeepSeek;1250;195
6ea8dda9-b27b-400f-b672-9c5f9cb3dadd;23.05.2026 13:26;api;chat/completions;deepseek/deepseek-v4-flash;DeepSeek;238;538
575f76b8-7c68-4341-ae4f-d3da9ef84c8d;23.05.2026 13:26;api;chat/completions;deepseek/deepseek-v4-flash;DeepSeek;1247;268
a55bc4b3-81e5-407b-8b58-095abbb3f912;23.05.2026 13:26;api;chat/completions;deepseek/deepseek-v4-flash;DeepSeek;249;869
95b1b650-4281-4092-a25f-66b5932b4025;23.05.2026 13:26;api;chat/completions;deepseek/deepseek-v4-flash;DeepSeek;257;562
dd50ba36-5bfa-4f9a-b14c-d12a676c427b;23.05.2026 13:26;api;chat/completions;deepseek/deepseek-v4-flash;DeepSeek;250;598
95f7131d-1ec1-428c-984b-4b1fed6885fb;23.05.2026 13:26;api;chat/completions;deepseek/deepseek-v4-flash;DeepSeek;242;517
14595fa2-3a8d-46fb-a7b0-e363306ddf67;23.05.2026 13:25;api;chat/completions;deepseek/deepseek-v4-flash;DeepSeek;243;336
cd116e4a-0c65-4bf9-9cce-5c48ab70ce18;23.05.2026 13:25;api;chat/completions;deepseek/deepseek-v4-flash;DeepSeek;251;396
afbb97f1-86da-47c4-86ad-d1d10eb37871;23.05.2026 13:25;api;chat/completions;deepseek/deepseek-v4-flash;DeepSeek;253;400
1e5c6f8f-0bfb-481f-a795-a293a181b999;23.05.2026 13:25;api;chat/completions;deepseek/deepseek-v4-flash;DeepSeek;246;464
56d39ada-a5c0-4c7b-ba0c-85c304398b66;23.05.2026 13:25;api;chat/completions;deepseek/deepseek-v4-flash;DeepSeek;239;538
182fef66-734e-4da9-9dcf-540e86adcf28;23.05.2026 13:25;api;chat/completions;deepseek/deepseek-v4-flash;DeepSeek;250;565
d2a504a4-1d23-4aa3-b125-ed4ade044fd6;23.05.2026 13:25;api;chat/completions;deepseek/deepseek-v4-flash;DeepSeek;255;525
59546e10-9812-4e45-ae1a-1a92ba4e84ef;23.05.2026 13:25;api;chat/completions;deepseek/deepseek-v4-flash;DeepSeek;244;429
b969667c-156d-4523-a500-514bc8c47899;23.05.2026 13:25;api;chat/completions;deepseek/deepseek-v4-flash;DeepSeek;239;487
0e8a2f0b-0471-44dc-9433-088b244b33c0;23.05.2026 13:25;api;chat/completions;deepseek/deepseek-v4-flash;DeepSeek;251;778
d0b11a80-6ee8-418f-af75-e7f5fb69d108;23.05.2026 13:25;api;chat/completions;deepseek/deepseek-v4-flash;DeepSeek;246;455
e4a4b8ae-14c2-4f16-ae59-90f14b7cbbd8;23.05.2026 13:25;api;chat/completions;deepseek/deepseek-v4-flash;DeepSeek;250;552
a7ba1a8b-d883-47c2-8327-d8508bfa0578;23.05.2026 13:25;api;chat/completions;deepseek/deepseek-v4-flash;DeepSeek;244;395
bfbc50a0-3fd9-42ae-b775-481997005d20;23.05.2026 13:25;api;chat/completions;deepseek/deepseek-v4-flash;DeepSeek;242;362
1fd54cf5-2bbb-4970-bd9c-a60832ebafe4;23.05.2026 13:25;api;chat/completions;deepseek/deepseek-v4-flash;DeepSeek;257;503
a4c6c8d2-fda5-4e0a-a597-4a8fbce174d1;23.05.2026 13:25;api;chat/completions;deepseek/deepseek-v4-flash;DeepSeek;387;971
5f56e29e-fbf7-484d-93d9-090f52d1e8af;23.05.2026 13:25;api;chat/completions;deepseek/deepseek-v4-flash;DeepSeek;387;865
d653d6d0-b528-4ad4-bfc7-2cb7c8996cdb;23.05.2026 13:25;api;chat/completions;deepseek/deepseek-v4-flash;DeepSeek;388;1009
8f415a49-7ac1-4d5c-9320-872d8e1ea3b7;23.05.2026 13:25;api;chat/completions;deepseek/deepseek-v4-flash;DeepSeek;390;1079
e2280568-dcc1-407d-b6e9-2dacf93375f8;23.05.2026 13:25;api;chat/completions;deepseek/deepseek-v4-flash;DeepSeek;389;1389
88dce219-6b32-4965-a652-edad429c765e;23.05.2026 13:22;api;chat/completions;deepseek/deepseek-v4-flash;DeepSeek;2378;2576
8f97e0cf-1386-41d9-9a12-0e599f9f2ae6;23.05.2026 13:21;api;chat/completions;deepseek/deepseek-v4-flash;DeepSeek;2215;4011
b7c4713e-e894-469a-b708-c8c4c8d83a36;23.05.2026 13:21;api;chat/completions;deepseek/deepseek-v4-flash;DeepSeek;1090;3316
72e206d9-bc01-42db-a57a-7db5d28174d4;23.05.2026 13:20;api;chat/completions;deepseek/deepseek-v4-flash;DeepSeek;1234;632
1f799b66-b922-4eab-bd43-e50b046d3989;23.05.2026 13:20;api;chat/completions;deepseek/deepseek-v4-flash;DeepSeek;7218;503
ce619f5b-40f6-43cb-b82a-7c9675b84b2b;23.05.2026 13:20;api;chat/completions;deepseek/deepseek-v4-flash;DeepSeek;7081;345
dbc9eb80-199a-45b4-a90b-41fdafb231e8;23.05.2026 13:20;api;chat/completions;deepseek/deepseek-v4-flash;DeepSeek;5414;2898
088eb3d0-e2e7-49cd-b6df-51707719b4a9;23.05.2026 13:19;api;chat/completions;deepseek/deepseek-v4-flash;DeepSeek;3713;3865
ee2df1fb-4f93-437a-949f-5fa980505416;23.05.2026 13:19;api;chat/completions;deepseek/deepseek-v4-flash;DeepSeek;3547;784
4daf2cf9-4a74-4c59-8a5e-7cae4de97ff9;23.05.2026 13:19;api;chat/completions;deepseek/deepseek-v4-flash;DeepSeek;3381;372
7e26e30e-b7c4-44e7-bb48-90e499cd3ccd;23.05.2026 13:19;api;chat/completions;deepseek/deepseek-v4-flash;DeepSeek;847;2685
0959cbee-ee3a-40df-a4bc-9881514c62e0;23.05.2026 13:19;api;chat/completions;deepseek/deepseek-v4-flash;DeepSeek;659;269
c22450dd-18c1-4ead-b2ad-1178d3cbaf78;23.05.2026 13:19;api;chat/completions;deepseek/deepseek-v4-flash;DeepSeek;1378;207
da417538-7ba1-4231-bb64-1fcd57a92db9;23.05.2026 13:19;api;chat/completions;deepseek/deepseek-v4-flash;DeepSeek;5260;688
079fb370-65d8-429c-893f-080184ea71a4;23.05.2026 13:18;api;chat/completions;deepseek/deepseek-v4-flash;DeepSeek;4273;512
cdcfa106-6204-4e60-9e1c-65cf22b546a3;23.05.2026 13:18;api;chat/completions;deepseek/deepseek-v4-flash;DeepSeek;6693;265
29ca4b59-8d2c-4a8e-8da6-bf6f6d8c522f;23.05.2026 13:17;api;chat/completions;deepseek/deepseek-v4-flash;DeepSeek;5369;200
6967e31e-f1e1-462e-9319-9d7f8059b566;23.05.2026 13:17;api;chat/completions;deepseek/deepseek-v4-flash;DeepSeek;5035;373
491ba90c-15ff-4a4d-a508-45a9c3fe91c0;23.05.2026 13:17;api;chat/completions;deepseek/deepseek-v4-flash;DeepSeek;3663;168
a680e9f1-d5a6-4018-bdc3-34031c009ab8;23.05.2026 13:17;api;chat/completions;deepseek/deepseek-v4-flash;DeepSeek;2242;156
5ef11783-b26b-44ec-8270-dc529d7a6046;23.05.2026 13:17;api;chat/completions;deepseek/deepseek-v4-flash;DeepSeek;784;173
d46a1023-dc09-483f-882e-ed5784c7130a;23.05.2026 13:16;api;chat/completions;deepseek/deepseek-v4-flash;DeepSeek;9752;165
2de05091-0bc1-44d5-93cc-36bb65b09a55;23.05.2026 13:16;api;chat/completions;deepseek/deepseek-v4-flash;DeepSeek;7290;490
a247ad7b-766c-4277-bcd4-fedef55a53fa;23.05.2026 13:16;api;chat/completions;deepseek/deepseek-v4-flash;DeepSeek;6873;380
bc39dc4c-53c3-433b-a457-8586ad79530b;23.05.2026 13:16;api;chat/completions;deepseek/deepseek-v4-flash;DeepSeek;2979;251
6920f665-f68d-4053-a96c-f2c7f2c3fe37;23.05.2026 13:16;api;chat/completions;deepseek/deepseek-v4-flash;DeepSeek;2422;1095
7b071069-ef88-4f9b-9130-0c85c18f785b;23.05.2026 13:15;api;chat/completions;deepseek/deepseek-v4-flash;DeepSeek;3758;926
688b185c-462f-49a6-b447-7ed6a633342f;23.05.2026 13:15;api;chat/completions;deepseek/deepseek-v4-flash;DeepSeek;3448;331
66da1e9f-0dca-4ed4-895f-0601797d9143;23.05.2026 13:15;api;chat/completions;deepseek/deepseek-v4-flash;DeepSeek;1999;348
87ad3434-42d5-4632-9a1d-9591b716f40d;23.05.2026 13:15;api;chat/completions;deepseek/deepseek-v4-flash;DeepSeek;3290;215
81738efd-b982-4959-8679-17b5892b67da;23.05.2026 13:15;api;chat/completions;deepseek/deepseek-v4-flash;DeepSeek;2409;331
71db4169-06bd-451c-b25b-e7621c89c085;23.05.2026 13:15;api;chat/completions;deepseek/deepseek-v4-flash;DeepSeek;1508;489
4bb94d55-9847-4ffa-b9ee-006ec7c7a180;23.05.2026 13:15;api;chat/completions;deepseek/deepseek-v4-flash;DeepSeek;1145;148
dd08abca-8ab1-489e-ab90-3f06b7a67ac5;23.05.2026 13:15;api;chat/completions;deepseek/deepseek-v4-flash;DeepSeek;791;117
50cd6995-e643-45b0-b796-d0e1c4de2ddc;23.05.2026 13:15;api;chat/completions;deepseek/deepseek-v4-flash;DeepSeek;1252;290
032ffe04-50cb-4345-b59e-330f58b951c3;23.05.2026 13:15;api;chat/completions;deepseek/deepseek-v4-flash;DeepSeek;1256;272
808b67a5-4c61-40af-b137-0b47c672f4d2;23.05.2026 13:15;api;chat/completions;deepseek/deepseek-v4-flash;DeepSeek;252;766
33f0bb65-9644-4deb-a09e-9baa28af25bb;23.05.2026 13:15;api;chat/completions;deepseek/deepseek-v4-flash;DeepSeek;246;404
a8646b39-62fd-420c-92e7-d5883b9e42a7;23.05.2026 13:15;api;chat/completions;deepseek/deepseek-v4-flash;DeepSeek;246;437
8bd11269-aa4b-45bf-8cc4-e50197abb83e;23.05.2026 13:14;api;chat/completions;deepseek/deepseek-v4-flash;DeepSeek;250;507
39ac9a0e-09cf-4d96-ae71-8ae35441838c;23.05.2026 13:14;api;chat/completions;deepseek/deepseek-v4-flash;DeepSeek;387;582
